{
  "dram_cache_size": 87600,
  "flash_cache_size": 175201,
  "results": [
    {
      "hit": 38938742,
      "iteration": 0,
      "metrics": [
        {
          "admission_treshold": 0,
          "algorithm": "lru",
          "hit": 34168060,
          "inserted": 62512608,
          "layer": 0,
          "miss_ratio": 0.6465884989541032,
          "reinserted": 34168060,
          "req": 96680668
        },
        {
          "admission_treshold": 8,
          "algorithm": "fifo",
          "hit": 4770682,
          "inserted": 4978842,
          "layer": 1,
          "miss_ratio": 0.9236844829766181,
          "reinserted": 0,
          "req": 62512608
        }
      ],
      "miss_ratio": 0.5972437633550485,
      "req": 96680668
    }
  ],
  "trace": "meta_rnha.oracleGeneral.zst"
}