{
  "dram_cache_size": 145151,
  "flash_cache_size": 290302,
  "results": [
    {
      "hit": 44176532,
      "iteration": 0,
      "metrics": [
        {
          "admission_treshold": 0,
          "algorithm": "lru",
          "hit": 39657073,
          "inserted": 48813659,
          "layer": 0,
          "miss_ratio": 0.551749238380892,
          "reinserted": 39657073,
          "req": 88470732
        },
        {
          "admission_treshold": 4,
          "algorithm": "lru",
          "hit": 4519459,
          "inserted": 8245116,
          "layer": 1,
          "miss_ratio": 0.9074140498256851,
          "reinserted": 4279096,
          "req": 48813659
        }
      ],
      "miss_ratio": 0.5006650108874424,
      "req": 88470732
    }
  ],
  "trace": "meta_rprn.oracleGeneral.zst"
}