{
  "dram_cache_size": 1814392,
  "flash_cache_size": 7257570,
  "results": [
    {
      "hit": 54641951,
      "iteration": 0,
      "metrics": [
        {
          "admission_treshold": 0,
          "algorithm": "lru",
          "hit": 47631803,
          "inserted": 40838929,
          "layer": 0,
          "miss_ratio": 0.4616094845920343,
          "reinserted": 47631803,
          "req": 88470732
        },
        {
          "admission_treshold": 0,
          "algorithm": "fifo",
          "hit": 7010148,
          "inserted": 33803111,
          "layer": 1,
          "miss_ratio": 0.8283464289673218,
          "reinserted": 0,
          "req": 40838929
        }
      ],
      "miss_ratio": 0.3823725681392576,
      "req": 88470732
    }
  ],
  "trace": "meta_rprn.oracleGeneral.zst"
}