{
  "cache_size": 122625,
  "results": [
    {
      "hit": 26660601,
      "iteration": 0,
      "metrics": [
        {
          "admission_treshold": 16,
          "algorithm": "lru",
          "hit": 23784522,
          "inserted": 21838784,
          "layer": 0,
          "miss_ratio": 0.4786760521037209,
          "reinserted": 23784522,
          "req": 45623306
        },
        {
          "admission_treshold": 16,
          "algorithm": "offline-clock",
          "hit": 2876079,
          "inserted": 150694,
          "layer": 1,
          "miss_ratio": 0.8683040685781772,
          "reinserted": 86709,
          "req": 21838784
        }
      ],
      "miss_ratio": 0.41563636357260036,
      "req": 45623306
    },
    {
      "hit": 26660601,
      "iteration": 1,
      "metrics": [
        {
          "admission_treshold": 16,
          "algorithm": "lru",
          "hit": 23784522,
          "inserted": 21838784,
          "layer": 0,
          "miss_ratio": 0.4786760521037209,
          "reinserted": 23784522,
          "req": 45623306
        },
        {
          "admission_treshold": 16,
          "algorithm": "offline-clock",
          "hit": 2876079,
          "inserted": 150694,
          "layer": 1,
          "miss_ratio": 0.8683040685781772,
          "reinserted": 86709,
          "req": 21838784
        }
      ],
      "miss_ratio": 0.41563636357260036,
      "req": 45623306
    }
  ],
  "trace": "meta_reag.oracleGeneral.zst"
}