{
  "dram_cache_size": 15328,
  "flash_cache_size": 61312,
  "results": [
    {
      "hit": 27490834,
      "iteration": 0,
      "metrics": [
        {
          "admission_treshold": 0,
          "algorithm": "lru",
          "hit": 25981316,
          "inserted": 19641990,
          "layer": 0,
          "miss_ratio": 0.4305253547386505,
          "reinserted": 25981316,
          "req": 45623306
        },
        {
          "admission_treshold": 16,
          "algorithm": "fifo",
          "hit": 1509518,
          "inserted": 218925,
          "layer": 1,
          "miss_ratio": 0.9231484182610825,
          "reinserted": 0,
          "req": 19641990
        }
      ],
      "miss_ratio": 0.3974388002482766,
      "req": 45623306
    }
  ],
  "trace": "meta_reag.oracleGeneral.zst"
}