{
  "dram_cache_size": 306563,
  "flash_cache_size": 1226253,
  "results": [
    {
      "hit": 31364764,
      "iteration": 0,
      "metrics": [
        {
<<<<<<< HEAD
          "admission_treshold": 2,
=======
          "admission_treshold": 0,
>>>>>>> 160be2d8 (New results)
          "algorithm": "lru",
          "hit": 29127905,
          "inserted": 16495401,
          "layer": 0,
          "miss_ratio": 0.36155645976203477,
          "reinserted": 29127905,
          "req": 45623306
        },
        {
          "admission_treshold": 2,
          "algorithm": "offline-clock",
          "hit": 2236859,
          "inserted": 5198153,
          "layer": 1,
          "miss_ratio": 0.8643949910644791,
          "reinserted": 1219521,
          "req": 16495401
        }
      ],
      "miss_ratio": 0.31252759280530873,
      "req": 45623306
    },
    {
      "hit": 31375220,
      "iteration": 1,
      "metrics": [
        {
<<<<<<< HEAD
          "admission_treshold": 2,
=======
          "admission_treshold": 0,
>>>>>>> 160be2d8 (New results)
          "algorithm": "lru",
          "hit": 29127905,
          "inserted": 16495401,
          "layer": 0,
          "miss_ratio": 0.36155645976203477,
          "reinserted": 29127905,
          "req": 45623306
        },
        {
          "admission_treshold": 2,
          "algorithm": "offline-clock",
          "hit": 2247315,
          "inserted": 5175372,
          "layer": 1,
          "miss_ratio": 0.8637611174169091,
          "reinserted": 714013,
          "req": 16495401
        }
      ],
      "miss_ratio": 0.3122984116933569,
      "req": 45623306
    }
  ],
  "trace": "meta_reag.oracleGeneral.zst"
}