{
  "cache_size": 17520140,
  "results": [
    {
      "hit": 38140250,
      "iteration": 0,
      "metrics": [
        {
          "admission_treshold": 32,
          "algorithm": "lru",
          "hit": 36237620,
          "inserted": 60443048,
          "layer": 0,
          "miss_ratio": 0.6251823580697642,
          "reinserted": 36237620,
          "req": 96680668
        },
        {
          "admission_treshold": 32,
          "algorithm": "fifo",
          "hit": 1902630,
          "inserted": 185884,
          "layer": 1,
          "miss_ratio": 0.9685219382053665,
          "reinserted": 0,
          "req": 60443048
        }
      ],
      "miss_ratio": 0.6055028291695295,
      "req": 96680668
    }
  ],
  "trace": "meta_rnha.oracleGeneral.zst"
}