{
  "cache_size": 6131268,
  "results": [
    {
      "hit": 32993000,
      "iteration": 0,
      "metrics": [
        {
          "admission_treshold": 1,
          "algorithm": "lru",
          "hit": 27428830,
          "inserted": 18194476,
          "layer": 0,
          "miss_ratio": 0.39879784248866135,
          "reinserted": 27428830,
          "req": 45623306
        },
        {
          "admission_treshold": 1,
          "algorithm": "lru",
          "hit": 5564170,
          "inserted": 12601742,
          "layer": 1,
          "miss_ratio": 0.6941835532938678,
          "reinserted": 5531422,
          "req": 18194476
        }
      ],
      "miss_ratio": 0.2768389033447072,
      "req": 45623306
    }
  ],
  "trace": "meta_reag.oracleGeneral.zst"
}