{
  "dram_cache_size": 17520,
  "flash_cache_size": 175201,
  "results": [
    {
      "hit": 34380607,
      "iteration": 0,
      "metrics": [
        {
          "admission_treshold": 0,
          "algorithm": "lru",
          "hit": 30658049,
          "inserted": 66022619,
          "layer": 0,
          "miss_ratio": 0.6828936990795306,
          "reinserted": 30658049,
          "req": 96680668
        },
        {
          "admission_treshold": 32,
          "algorithm": "fifo",
          "hit": 3722558,
          "inserted": 189448,
          "layer": 1,
          "miss_ratio": 0.9436169292223927,
          "reinserted": 0,
          "req": 66022619
        }
      ],
      "miss_ratio": 0.6443900553107473,
      "req": 96680668
    }
  ],
  "trace": "meta_rnha.oracleGeneral.zst"
}