{
  "dram_cache_size": 35040,
  "flash_cache_size": 350402,
  "results": [
    {
      "hit": 39901366,
      "iteration": 0,
      "metrics": [
        {
<<<<<<< HEAD
          "admission_treshold": 2,
=======
          "admission_treshold": 0,
>>>>>>> 160be2d8 (New results)
          "algorithm": "lru",
          "hit": 31990027,
          "inserted": 64690641,
          "layer": 0,
          "miss_ratio": 0.6691166118132323,
          "reinserted": 31990027,
          "req": 96680668
        },
        {
          "admission_treshold": 2,
          "algorithm": "offline-clock",
          "hit": 7911339,
          "inserted": 27694176,
          "layer": 1,
          "miss_ratio": 0.8777050454639953,
          "reinserted": 4792953,
          "req": 64690641
        }
      ],
      "miss_ratio": 0.5872870261922476,
      "req": 96680668
    },
    {
      "hit": 40017796,
      "iteration": 1,
      "metrics": [
        {
<<<<<<< HEAD
          "admission_treshold": 2,
=======
          "admission_treshold": 0,
>>>>>>> 160be2d8 (New results)
          "algorithm": "lru",
          "hit": 31990027,
          "inserted": 64690641,
          "layer": 0,
          "miss_ratio": 0.6691166118132323,
          "reinserted": 31990027,
          "req": 96680668
        },
        {
          "admission_treshold": 2,
          "algorithm": "offline-clock",
          "hit": 8027769,
          "inserted": 27573065,
          "layer": 1,
          "miss_ratio": 0.8759052487978902,
          "reinserted": 1722405,
          "req": 64690641
        }
      ],
      "miss_ratio": 0.5860827523450707,
      "req": 96680668
    }
  ],
  "trace": "meta_rnha.oracleGeneral.zst"
}