{
  "dram_cache_size": 306563,
  "flash_cache_size": 3065634,
  "results": [
    {
      "hit": 31849561,
      "iteration": 0,
      "metrics": [
        {
          "admission_treshold": 0,
          "algorithm": "lru",
          "hit": 29127905,
          "inserted": 16495401,
          "layer": 0,
          "miss_ratio": 0.36155645976203477,
          "reinserted": 29127905,
          "req": 45623306
        },
        {
          "admission_treshold": 2,
          "algorithm": "offline-clock",
          "hit": 2721656,
          "inserted": 4683918,
          "layer": 1,
          "miss_ratio": 0.8350051629542077,
          "reinserted": 644856,
          "req": 16495401
        }
      ],
      "miss_ratio": 0.3019015106007443,
      "req": 45623306
    },
    {
      "hit": 31849561,
      "iteration": 1,
      "metrics": [
        {
          "admission_treshold": 0,
          "algorithm": "lru",
          "hit": 29127905,
          "inserted": 16495401,
          "layer": 0,
          "miss_ratio": 0.36155645976203477,
          "reinserted": 29127905,
          "req": 45623306
        },
        {
          "admission_treshold": 2,
          "algorithm": "offline-clock",
          "hit": 2721656,
          "inserted": 4683918,
          "layer": 1,
          "miss_ratio": 0.8350051629542077,
          "reinserted": 644856,
          "req": 16495401
        }
      ],
      "miss_ratio": 0.3019015106007443,
      "req": 45623306
    }
  ],
  "trace": "meta_reag.oracleGeneral.zst"
}