{
  "dram_cache_size": 122625,
  "flash_cache_size": 1226253,
  "results": [
    {
      "hit": 31129217,
      "iteration": 0,
      "metrics": [
        {
          "admission_treshold": 0,
          "algorithm": "lru",
          "hit": 28141784,
          "inserted": 17481522,
          "layer": 0,
          "miss_ratio": 0.38317087323746335,
          "reinserted": 28141784,
          "req": 45623306
        },
        {
          "admission_treshold": 2,
          "algorithm": "offline-clock",
          "hit": 2987433,
          "inserted": 5266599,
          "layer": 1,
          "miss_ratio": 0.8291091015988196,
          "reinserted": 1385945,
          "req": 17481522
        }
      ],
      "miss_ratio": 0.31769045846874844,
      "req": 45623306
    },
    {
      "hit": 31156310,
      "iteration": 1,
      "metrics": [
        {
          "admission_treshold": 0,
          "algorithm": "lru",
          "hit": 28141784,
          "inserted": 17481522,
          "layer": 0,
          "miss_ratio": 0.38317087323746335,
          "reinserted": 28141784,
          "req": 45623306
        },
        {
          "admission_treshold": 2,
          "algorithm": "offline-clock",
          "hit": 3014526,
          "inserted": 5235339,
          "layer": 1,
          "miss_ratio": 0.827559293750281,
          "reinserted": 760618,
          "req": 17481522
        }
      ],
      "miss_ratio": 0.3170966172420736,
      "req": 45623306
    }
  ],
  "trace": "meta_reag.oracleGeneral.zst"
}