{
  "dram_cache_size": 2903,
  "flash_cache_size": 290302,
  "results": [
    {
      "hit": 38033722,
      "iteration": 0,
      "metrics": [
        {
          "admission_treshold": 2,
          "algorithm": "offline-clock",
          "hit": 38033722,
          "inserted": 21406728,
          "layer": 0,
          "miss_ratio": 0.5700982557711854,
          "reinserted": 6299447,
          "req": 88470732
        }
      ],
      "miss_ratio": 0.5700982557711854,
      "req": 88470732
    },
    {
      "hit": 38251281,
      "iteration": 1,
      "metrics": [
        {
          "admission_treshold": 2,
          "algorithm": "offline-clock",
          "hit": 38251281,
          "inserted": 21189169,
          "layer": 0,
          "miss_ratio": 0.5676391487300003,
          "reinserted": 1586624,
          "req": 88470732
        }
      ],
      "miss_ratio": 0.5676391487300003,
      "req": 88470732
    }
  ],
  "trace": "meta_rprn.oracleGeneral.zst"
}