{
  "dram_cache_size": 35040,
  "flash_cache_size": 3504028,
  "results": [
    {
      "hit": 49581965,
      "iteration": 0,
      "metrics": [
        {
          "admission_treshold": 0,
          "algorithm": "lru",
          "hit": 31990027,
          "inserted": 64690641,
          "layer": 0,
          "miss_ratio": 0.6691166118132323,
          "reinserted": 31990027,
          "req": 96680668
        },
        {
          "admission_treshold": 2,
          "algorithm": "lru",
          "hit": 17591938,
          "inserted": 17902716,
          "layer": 1,
          "miss_ratio": 0.7280605397000163,
          "reinserted": 17563713,
          "req": 64690641
        }
      ],
      "miss_ratio": 0.48715740151898823,
      "req": 96680668
    }
  ],
  "trace": "meta_rnha.oracleGeneral.zst"
}