{
  "dram_cache_size": 122625,
  "flash_cache_size": 1226253,
  "results": [
    {
      "hit": 31053840,
      "iteration": 0,
      "metrics": [
        {
<<<<<<< HEAD
          "admission_treshold": 2,
=======
          "admission_treshold": 0,
>>>>>>> 160be2d8 (New results)
          "algorithm": "lru",
          "hit": 28141784,
          "inserted": 17481522,
          "layer": 0,
          "miss_ratio": 0.38317087323746335,
          "reinserted": 28141784,
          "req": 45623306
        },
        {
          "admission_treshold": 2,
          "algorithm": "lru",
          "hit": 2912056,
          "inserted": 5345692,
          "layer": 1,
          "miss_ratio": 0.8334209115201754,
          "reinserted": 2855891,
          "req": 17481522
        }
      ],
      "miss_ratio": 0.3193426184415483,
      "req": 45623306
    }
  ],
  "trace": "meta_reag.oracleGeneral.zst"
}