{
  "dram_cache_size": 725757,
  "flash_cache_size": 7257570,
  "results": [
    {
      "hit": 54767203,
      "iteration": 0,
      "metrics": [
        {
          "admission_treshold": 0,
          "algorithm": "lru",
          "hit": 44392109,
          "inserted": 44078623,
          "layer": 0,
          "miss_ratio": 0.49822830673538454,
          "reinserted": 44392109,
          "req": 88470732
        },
        {
          "admission_treshold": 1,
          "algorithm": "lru",
          "hit": 10375094,
          "inserted": 33546155,
          "layer": 1,
          "miss_ratio": 0.7646230010406632,
          "reinserted": 9806711,
          "req": 44078623
        }
      ],
      "miss_ratio": 0.3809568230994178,
      "req": 88470732
    }
  ],
  "trace": "meta_rprn.oracleGeneral.zst"
}