{
  "dram_cache_size": 87600,
  "flash_cache_size": 8760070,
  "results": [
    {
      "hit": 53785677,
      "iteration": 0,
      "metrics": [
        {
          "admission_treshold": 0,
          "algorithm": "lru",
          "hit": 34168060,
          "inserted": 62512608,
          "layer": 0,
          "miss_ratio": 0.6465884989541032,
          "reinserted": 34168060,
          "req": 96680668
        },
        {
          "admission_treshold": 2,
          "algorithm": "offline-clock",
          "hit": 19617617,
          "inserted": 14136053,
          "layer": 1,
          "miss_ratio": 0.6861814339916837,
          "reinserted": 3798915,
          "req": 62512608
        }
      ],
      "miss_ratio": 0.4436770234148568,
      "req": 96680668
    },
    {
      "hit": 53798495,
      "iteration": 1,
      "metrics": [
        {
          "admission_treshold": 0,
          "algorithm": "lru",
          "hit": 34168060,
          "inserted": 62512608,
          "layer": 0,
          "miss_ratio": 0.6465884989541032,
          "reinserted": 34168060,
          "req": 96680668
        },
        {
          "admission_treshold": 2,
          "algorithm": "offline-clock",
          "hit": 19630435,
          "inserted": 14123098,
          "layer": 1,
          "miss_ratio": 0.6859763873553315,
          "reinserted": 3703551,
          "req": 62512608
        }
      ],
      "miss_ratio": 0.44354444261804227,
      "req": 96680668
    }
  ],
  "trace": "meta_rnha.oracleGeneral.zst"
}