{
  "dram_cache_size": 175201,
  "flash_cache_size": 17520140,
  "results": [
    {
      "hit": 59703896,
      "iteration": 0,
      "metrics": [
        {
          "admission_treshold": 1,
          "algorithm": "offline-clock",
          "hit": 59703896,
          "inserted": 36976772,
          "layer": 0,
          "miss_ratio": 0.38246293457550373,
          "reinserted": 11662363,
          "req": 96680668
        }
      ],
      "miss_ratio": 0.38246293457550373,
      "req": 96680668
    },
    {
      "hit": 60101324,
      "iteration": 1,
      "metrics": [
        {
          "admission_treshold": 1,
          "algorithm": "offline-clock",
          "hit": 60101324,
          "inserted": 36579344,
          "layer": 0,
          "miss_ratio": 0.37835220584119256,
          "reinserted": 8047444,
          "req": 96680668
        }
      ],
      "miss_ratio": 0.37835220584119256,
      "req": 96680668
    }
  ],
  "trace": "meta_rnha.oracleGeneral.zst"
}