{
  "dram_cache_size": 306563,
  "flash_cache_size": 6131268,
  "results": [
    {
      "hit": 31879100,
      "iteration": 0,
      "metrics": [
        {
<<<<<<< HEAD
          "admission_treshold": 2,
=======
          "admission_treshold": 0,
>>>>>>> 160be2d8 (New results)
          "algorithm": "lru",
          "hit": 29127905,
          "inserted": 16495401,
          "layer": 0,
          "miss_ratio": 0.36155645976203477,
          "reinserted": 29127905,
          "req": 45623306
        },
        {
          "admission_treshold": 2,
          "algorithm": "offline-clock",
          "hit": 2751195,
          "inserted": 4652925,
          "layer": 1,
          "miss_ratio": 0.8332144214014561,
          "reinserted": 0,
          "req": 16495401
        }
      ],
      "miss_ratio": 0.3012540564245827,
      "req": 45623306
    },
    {
      "hit": 31879100,
      "iteration": 1,
      "metrics": [
        {
<<<<<<< HEAD
          "admission_treshold": 2,
=======
          "admission_treshold": 0,
>>>>>>> 160be2d8 (New results)
          "algorithm": "lru",
          "hit": 29127905,
          "inserted": 16495401,
          "layer": 0,
          "miss_ratio": 0.36155645976203477,
          "reinserted": 29127905,
          "req": 45623306
        },
        {
          "admission_treshold": 2,
          "algorithm": "offline-clock",
          "hit": 2751195,
          "inserted": 4652925,
          "layer": 1,
          "miss_ratio": 0.8332144214014561,
          "reinserted": 0,
          "req": 16495401
        }
      ],
      "miss_ratio": 0.3012540564245827,
      "req": 45623306
    }
  ],
  "trace": "meta_reag.oracleGeneral.zst"
}