{
  "cache_size": 366307392356352,
  "results": [
    {
      "hit": 58594102,
      "iteration": 0,
      "metrics": [
        {
          "admission_treshold": 0,
          "algorithm": "lru",
          "hit": 40272126,
          "inserted": 48198606,
          "layer": 0,
          "miss_ratio": 0.5447971878428677,
          "reinserted": 40272126,
          "req": 88470732
        },
        {
          "admission_treshold": 0,
          "algorithm": "fifo",
          "hit": 18321976,
          "inserted": 29851198,
          "layer": 1,
          "miss_ratio": 0.6198650226523148,
          "reinserted": 0,
          "req": 48198606
        }
      ],
      "miss_ratio": 0.33770072118313654,
      "req": 88470732
    }
  ],
  "trace": "meta_rprn.oracleGeneral.zst"
}