{
  "cache_size": 290302,
  "results": [
    {
      "hit": 38644363,
      "iteration": 0,
      "metrics": [
        {
          "admission_treshold": 16,
          "algorithm": "lru",
          "hit": 31573829,
          "inserted": 56896903,
          "layer": 0,
          "miss_ratio": 0.6431155446978782,
          "reinserted": 31573829,
          "req": 88470732
        },
        {
          "admission_treshold": 16,
          "algorithm": "fifo",
          "hit": 7070534,
          "inserted": 425738,
          "layer": 1,
          "miss_ratio": 0.8757307757155077,
          "reinserted": 0,
          "req": 56896903
        }
      ],
      "miss_ratio": 0.5631960748329741,
      "req": 88470732
    }
  ],
  "trace": "meta_rprn.oracleGeneral.zst"
}