{
  "dram_cache_size": 6131,
  "flash_cache_size": 61312,
  "results": [
    {
      "hit": 27264396,
      "iteration": 0,
      "metrics": [
        {
          "admission_treshold": 1,
          "algorithm": "lru",
          "hit": 25101441,
          "inserted": 20521865,
          "layer": 0,
          "miss_ratio": 0.4498110022978168,
          "reinserted": 25101441,
          "req": 45623306
        },
        {
          "admission_treshold": 1,
          "algorithm": "fifo",
          "hit": 2162955,
          "inserted": 18521861,
          "layer": 1,
          "miss_ratio": 0.8946024155212015,
          "reinserted": 0,
          "req": 20521865
        }
      ],
      "miss_ratio": 0.40240200918363955,
      "req": 45623306
    }
  ],
  "trace": "meta_reag.oracleGeneral.zst"
}