{
  "dram_cache_size": 72575,
  "flash_cache_size": 7257570,
  "results": [
    {
      "hit": 26886974,
      "iteration": 0,
      "metrics": [
        {
          "admission_treshold": 16,
          "algorithm": "offline-clock",
          "hit": 26886974,
          "inserted": 381560,
          "layer": 0,
          "miss_ratio": 0.6960918781592087,
          "reinserted": 0,
          "req": 88470732
        }
      ],
      "miss_ratio": 0.6960918781592087,
      "req": 88470732
    },
    {
      "hit": 26886974,
      "iteration": 1,
      "metrics": [
        {
          "admission_treshold": 16,
          "algorithm": "offline-clock",
          "hit": 26886974,
          "inserted": 381560,
          "layer": 0,
          "miss_ratio": 0.6960918781592087,
          "reinserted": 0,
          "req": 88470732
        }
      ],
      "miss_ratio": 0.6960918781592087,
      "req": 88470732
    }
  ],
  "trace": "meta_rprn.oracleGeneral.zst"
}