{
  "cache_size": 183153696178176,
  "results": [
    {
      "hit": 48247406,
      "iteration": 0,
      "metrics": [
        {
          "admission_treshold": 4,
          "algorithm": "lru",
          "hit": 38490676,
          "inserted": 49980056,
          "layer": 0,
          "miss_ratio": 0.5649332256005297,
          "reinserted": 38490676,
          "req": 88470732
        },
        {
          "admission_treshold": 4,
          "algorithm": "fifo",
          "hit": 9756730,
          "inserted": 3663602,
          "layer": 1,
          "miss_ratio": 0.8047875336514229,
          "reinserted": 0,
          "req": 49980056
        }
      ],
      "miss_ratio": 0.4546512173087931,
      "req": 88470732
    }
  ],
  "trace": "meta_rprn.oracleGeneral.zst"
}