{
  "dram_cache_size": 43800,
  "flash_cache_size": 175201,
  "results": [
    {
      "hit": 37088006,
      "iteration": 0,
      "metrics": [
        {
<<<<<<< HEAD
          "admission_treshold": 2,
=======
          "admission_treshold": 0,
>>>>>>> 160be2d8 (New results)
          "algorithm": "lru",
          "hit": 32473769,
          "inserted": 64206899,
          "layer": 0,
          "miss_ratio": 0.6641131089412828,
          "reinserted": 32473769,
          "req": 96680668
        },
        {
          "admission_treshold": 2,
          "algorithm": "fifo",
          "hit": 4614237,
          "inserted": 31002302,
          "layer": 1,
          "miss_ratio": 0.9281348722354587,
          "reinserted": 0,
          "req": 64206899
        }
      ],
      "miss_ratio": 0.6163865355171108,
      "req": 96680668
    }
  ],
  "trace": "meta_rnha.oracleGeneral.zst"
}