{
  "dram_cache_size": 725757,
  "flash_cache_size": 14515141,
  "results": [
    {
      "hit": 45608347,
      "iteration": 0,
      "metrics": [
        {
          "admission_treshold": 0,
          "algorithm": "lru",
          "hit": 44392109,
          "inserted": 44078623,
          "layer": 0,
          "miss_ratio": 0.49822830673538454,
          "reinserted": 44392109,
          "req": 88470732
        },
        {
          "admission_treshold": 16,
          "algorithm": "offline-clock",
          "hit": 1216238,
          "inserted": 370831,
          "layer": 1,
          "miss_ratio": 0.972407531877754,
          "reinserted": 0,
          "req": 44078623
        }
      ],
      "miss_ratio": 0.4844809580641878,
      "req": 88470732
    },
    {
      "hit": 45608347,
      "iteration": 1,
      "metrics": [
        {
          "admission_treshold": 0,
          "algorithm": "lru",
          "hit": 44392109,
          "inserted": 44078623,
          "layer": 0,
          "miss_ratio": 0.49822830673538454,
          "reinserted": 44392109,
          "req": 88470732
        },
        {
          "admission_treshold": 16,
          "algorithm": "offline-clock",
          "hit": 1216238,
          "inserted": 370831,
          "layer": 1,
          "miss_ratio": 0.972407531877754,
          "reinserted": 0,
          "req": 44078623
        }
      ],
      "miss_ratio": 0.4844809580641878,
      "req": 88470732
    }
  ],
  "trace": "meta_rprn.oracleGeneral.zst"
}