{
  "dram_cache_size": 15328,
  "flash_cache_size": 61312,
  "results": [
    {
      "hit": 27047760,
      "iteration": 0,
      "metrics": [
        {
<<<<<<< HEAD
          "admission_treshold": 32,
=======
          "admission_treshold": 0,
>>>>>>> 160be2d8 (New results)
          "algorithm": "lru",
          "hit": 25981316,
          "inserted": 19641990,
          "layer": 0,
          "miss_ratio": 0.4305253547386505,
          "reinserted": 25981316,
          "req": 45623306
        },
        {
          "admission_treshold": 32,
          "algorithm": "fifo",
          "hit": 1066444,
          "inserted": 61741,
          "layer": 1,
          "miss_ratio": 0.9457059086172023,
          "reinserted": 0,
          "req": 19641990
        }
      ],
      "miss_ratio": 0.4071503717858588,
      "req": 45623306
    }
  ],
  "trace": "meta_reag.oracleGeneral.zst"
}