{
  "dram_cache_size": 43800,
  "flash_cache_size": 175201,
  "results": [
    {
      "hit": 37429691,
      "iteration": 0,
      "metrics": [
        {
<<<<<<< HEAD
          "admission_treshold": 16,
=======
          "admission_treshold": 0,
>>>>>>> 160be2d8 (New results)
          "algorithm": "lru",
          "hit": 32473769,
          "inserted": 64206899,
          "layer": 0,
          "miss_ratio": 0.6641131089412828,
          "reinserted": 32473769,
          "req": 96680668
        },
        {
          "admission_treshold": 16,
          "algorithm": "lru",
          "hit": 4955922,
          "inserted": 885245,
          "layer": 1,
          "miss_ratio": 0.9228132478411705,
          "reinserted": 4944285,
          "req": 64206899
        }
      ],
      "miss_ratio": 0.6128523749960023,
      "req": 96680668
    }
  ],
  "trace": "meta_rnha.oracleGeneral.zst"
}