{
  "dram_cache_size": 8760,
  "flash_cache_size": 175201,
  "results": [
    {
      "hit": 35762948,
      "iteration": 0,
      "metrics": [
        {
          "admission_treshold": 1,
          "algorithm": "lru",
          "hit": 29516612,
          "inserted": 67164056,
          "layer": 0,
          "miss_ratio": 0.6946999580102198,
          "reinserted": 29516612,
          "req": 96680668
        },
        {
          "admission_treshold": 1,
          "algorithm": "fifo",
          "hit": 6246336,
          "inserted": 61124141,
          "layer": 1,
          "miss_ratio": 0.9069988268725164,
          "reinserted": 0,
          "req": 67164056
        }
      ],
      "miss_ratio": 0.6300920469436557,
      "req": 96680668
    }
  ],
  "trace": "meta_rnha.oracleGeneral.zst"
}