{
  "dram_cache_size": 3628785,
  "flash_cache_size": 7257570,
  "results": [
    {
      "hit": 55621086,
      "iteration": 0,
      "metrics": [
        {
          "admission_treshold": 0,
          "algorithm": "lru",
          "hit": 50564205,
          "inserted": 37906527,
          "layer": 0,
          "miss_ratio": 0.42846403712359926,
          "reinserted": 50564205,
          "req": 88470732
        },
        {
          "admission_treshold": 2,
          "algorithm": "lru",
          "hit": 5056881,
          "inserted": 10005711,
          "layer": 1,
          "miss_ratio": 0.8665960350311175,
          "reinserted": 4055847,
          "req": 37906527
        }
      ],
      "miss_ratio": 0.3713052357247366,
      "req": 88470732
    }
  ],
  "trace": "meta_rprn.oracleGeneral.zst"
}