{
  "cache_size": 45293802356736,
  "results": [
    {
      "hit": 28687452,
      "iteration": 0,
      "metrics": [
        {
          "admission_treshold": 8,
          "algorithm": "lru",
          "hit": 26745718,
          "inserted": 18877588,
          "layer": 0,
          "miss_ratio": 0.4137707162212225,
          "reinserted": 26745718,
          "req": 45623306
        },
        {
          "admission_treshold": 8,
          "algorithm": "lru",
          "hit": 1941734,
          "inserted": 427635,
          "layer": 1,
          "miss_ratio": 0.8971407787901717,
          "reinserted": 1936387,
          "req": 18877588
        }
      ],
      "miss_ratio": 0.3712105825912747,
      "req": 45623306
    }
  ],
  "trace": "meta_reag.oracleGeneral.zst"
}