{
  "dram_cache_size": 30656,
  "flash_cache_size": 122625,
  "results": [
    {
      "hit": 28636651,
      "iteration": 0,
      "metrics": [
        {
          "admission_treshold": 0,
          "algorithm": "lru",
          "hit": 26705699,
          "inserted": 18917607,
          "layer": 0,
          "miss_ratio": 0.41464787755626475,
          "reinserted": 26705699,
          "req": 45623306
        },
        {
          "admission_treshold": 4,
          "algorithm": "fifo",
          "hit": 1930952,
          "inserted": 2372406,
          "layer": 1,
          "miss_ratio": 0.8979283161977094,
          "reinserted": 0,
          "req": 18917607
        }
      ],
      "miss_ratio": 0.3723240705090508,
      "req": 45623306
    }
  ],
  "trace": "meta_reag.oracleGeneral.zst"
}