{
  "dram_cache_size": 87600,
  "flash_cache_size": 175201,
  "results": [
    {
      "hit": 36687577,
      "iteration": 0,
      "metrics": [
        {
          "admission_treshold": 0,
          "algorithm": "lru",
          "hit": 34168060,
          "inserted": 62512608,
          "layer": 0,
          "miss_ratio": 0.6465884989541032,
          "reinserted": 34168060,
          "req": 96680668
        },
        {
          "admission_treshold": 32,
          "algorithm": "lru",
          "hit": 2519517,
          "inserted": 186677,
          "layer": 1,
          "miss_ratio": 0.9596958584738617,
          "reinserted": 2512107,
          "req": 62512608
        }
      ],
      "miss_ratio": 0.6205283045830838,
      "req": 96680668
    }
  ],
  "trace": "meta_rnha.oracleGeneral.zst"
}