{
  "dram_cache_size": 35040,
  "flash_cache_size": 350402,
  "results": [
    {
      "hit": 39712633,
      "iteration": 0,
      "metrics": [
        {
<<<<<<< HEAD
          "admission_treshold": 8,
=======
          "admission_treshold": 0,
>>>>>>> 160be2d8 (New results)
          "algorithm": "lru",
          "hit": 31990027,
          "inserted": 64690641,
          "layer": 0,
          "miss_ratio": 0.6691166118132323,
          "reinserted": 31990027,
          "req": 96680668
        },
        {
          "admission_treshold": 8,
          "algorithm": "offline-clock",
          "hit": 7722606,
          "inserted": 3011306,
          "layer": 1,
          "miss_ratio": 0.880622515396006,
          "reinserted": 2527087,
          "req": 64690641
        }
      ],
      "miss_ratio": 0.5892391537882217,
      "req": 96680668
    },
    {
      "hit": 39895596,
      "iteration": 1,
      "metrics": [
        {
<<<<<<< HEAD
          "admission_treshold": 8,
=======
          "admission_treshold": 0,
>>>>>>> 160be2d8 (New results)
          "algorithm": "lru",
          "hit": 31990027,
          "inserted": 64690641,
          "layer": 0,
          "miss_ratio": 0.6691166118132323,
          "reinserted": 31990027,
          "req": 96680668
        },
        {
          "admission_treshold": 8,
          "algorithm": "offline-clock",
          "hit": 7905569,
          "inserted": 2824920,
          "layer": 1,
          "miss_ratio": 0.8777942392006906,
          "reinserted": 1148708,
          "req": 64690641
        }
      ],
      "miss_ratio": 0.5873467072031402,
      "req": 96680668
    }
  ],
  "trace": "meta_rnha.oracleGeneral.zst"
}