{
  "dram_cache_size": 3628785,
  "flash_cache_size": 14515141,
  "results": [
    {
      "hit": 50614392,
      "iteration": 0,
      "metrics": [
        {
          "admission_treshold": 0,
          "algorithm": "lru",
          "hit": 50564205,
          "inserted": 37906527,
          "layer": 0,
          "miss_ratio": 0.42846403712359926,
          "reinserted": 50564205,
          "req": 88470732
        },
        {
          "admission_treshold": 32,
          "algorithm": "lru",
          "hit": 50187,
          "inserted": 90998,
          "layer": 1,
          "miss_ratio": 0.998676032758158,
          "reinserted": 28761,
          "req": 37906527
        }
      ],
      "miss_ratio": 0.4278967647741402,
      "req": 88470732
    }
  ],
  "trace": "meta_rprn.oracleGeneral.zst"
}