{
  "dram_cache_size": 87600,
  "flash_cache_size": 350402,
  "results": [
    {
      "hit": 38649435,
      "iteration": 0,
      "metrics": [
        {
          "admission_treshold": 0,
          "algorithm": "lru",
          "hit": 34168060,
          "inserted": 62512608,
          "layer": 0,
          "miss_ratio": 0.6465884989541032,
          "reinserted": 34168060,
          "req": 96680668
        },
        {
          "admission_treshold": 16,
          "algorithm": "fifo",
          "hit": 4481375,
          "inserted": 636704,
          "layer": 1,
          "miss_ratio": 0.92831246138379,
          "reinserted": 0,
          "req": 62512608
        }
      ],
      "miss_ratio": 0.6002361609665336,
      "req": 96680668
    }
  ],
  "trace": "meta_rnha.oracleGeneral.zst"
}