{
  "dram_cache_size": 17520,
  "flash_cache_size": 175201,
  "results": [
    {
      "hit": 36182587,
      "iteration": 0,
      "metrics": [
        {
          "admission_treshold": 0,
          "algorithm": "lru",
          "hit": 30658049,
          "inserted": 66022619,
          "layer": 0,
          "miss_ratio": 0.6828936990795306,
          "reinserted": 30658049,
          "req": 96680668
        },
        {
          "admission_treshold": 16,
          "algorithm": "fifo",
          "hit": 5524538,
          "inserted": 1105983,
          "layer": 1,
          "miss_ratio": 0.9163235557195937,
          "reinserted": 0,
          "req": 66022619
        }
      ],
      "miss_ratio": 0.6257515825190616,
      "req": 96680668
    }
  ],
  "trace": "meta_rnha.oracleGeneral.zst"
}