{
  "dram_cache_size": 72575,
  "flash_cache_size": 7257570,
  "results": [
    {
      "hit": 47624126,
      "iteration": 0,
      "metrics": [
        {
          "admission_treshold": 2,
          "algorithm": "fifo",
          "hit": 47624126,
          "inserted": 11816324,
          "layer": 0,
          "miss_ratio": 0.46169625905208966,
          "reinserted": 0,
          "req": 88470732
        }
      ],
      "miss_ratio": 0.46169625905208966,
      "req": 88470732
    }
  ],
  "trace": "meta_rprn.oracleGeneral.zst"
}