{
  "cache_size": 1811752026112,
  "results": [
    {
      "hit": 27288959,
      "iteration": 0,
      "metrics": [
        {
          "admission_treshold": 8,
          "algorithm": "lru",
          "hit": 23799041,
          "inserted": 21824265,
          "layer": 0,
          "miss_ratio": 0.47835781563045865,
          "reinserted": 23799041,
          "req": 45623306
        },
        {
          "admission_treshold": 8,
          "algorithm": "lru",
          "hit": 3489918,
          "inserted": 752684,
          "layer": 1,
          "miss_ratio": 0.8400900099041136,
          "reinserted": 3489262,
          "req": 21824265
        }
      ],
      "miss_ratio": 0.40186362207070214,
      "req": 45623306
    }
  ],
  "trace": "meta_reag.oracleGeneral.zst"
}