{
  "dram_cache_size": 766408,
  "flash_cache_size": 3065634,
  "results": [
    {
      "hit": 32085697,
      "iteration": 0,
      "metrics": [
        {
          "admission_treshold": 0,
          "algorithm": "lru",
          "hit": 30175401,
          "inserted": 15447905,
          "layer": 0,
          "miss_ratio": 0.3385967908594787,
          "reinserted": 30175401,
          "req": 45623306
        },
        {
          "admission_treshold": 2,
          "algorithm": "offline-clock",
          "hit": 1910296,
          "inserted": 4536495,
          "layer": 1,
          "miss_ratio": 0.8763394777479535,
          "reinserted": 526521,
          "req": 15447905
        }
      ],
      "miss_ratio": 0.2967257348689286,
      "req": 45623306
    },
    {
      "hit": 32085697,
      "iteration": 1,
      "metrics": [
        {
          "admission_treshold": 0,
          "algorithm": "lru",
          "hit": 30175401,
          "inserted": 15447905,
          "layer": 0,
          "miss_ratio": 0.3385967908594787,
          "reinserted": 30175401,
          "req": 45623306
        },
        {
          "admission_treshold": 2,
          "algorithm": "offline-clock",
          "hit": 1910296,
          "inserted": 4536495,
          "layer": 1,
          "miss_ratio": 0.8763394777479535,
          "reinserted": 526521,
          "req": 15447905
        }
      ],
      "miss_ratio": 0.2967257348689286,
      "req": 45623306
    }
  ],
  "trace": "meta_reag.oracleGeneral.zst"
}