{
  "cache_size": 3065634,
  "results": [
    {
      "hit": 27470846,
      "iteration": 0,
      "metrics": [
        {
          "admission_treshold": 32,
          "algorithm": "lru",
          "hit": 26705699,
          "inserted": 18917607,
          "layer": 0,
          "miss_ratio": 0.41464787755626475,
          "reinserted": 26705699,
          "req": 45623306
        },
        {
          "admission_treshold": 32,
          "algorithm": "offline-clock",
          "hit": 765147,
          "inserted": 61641,
          "layer": 1,
          "miss_ratio": 0.9595537109952649,
          "reinserted": 0,
          "req": 18917607
        }
      ],
      "miss_ratio": 0.3978769096654241,
      "req": 45623306
    },
    {
      "hit": 27470846,
      "iteration": 1,
      "metrics": [
        {
          "admission_treshold": 32,
          "algorithm": "lru",
          "hit": 26705699,
          "inserted": 18917607,
          "layer": 0,
          "miss_ratio": 0.41464787755626475,
          "reinserted": 26705699,
          "req": 45623306
        },
        {
          "admission_treshold": 32,
          "algorithm": "offline-clock",
          "hit": 765147,
          "inserted": 61641,
          "layer": 1,
          "miss_ratio": 0.9595537109952649,
          "reinserted": 0,
          "req": 18917607
        }
      ],
      "miss_ratio": 0.3978769096654241,
      "req": 45623306
    }
  ],
  "trace": "meta_reag.oracleGeneral.zst"
}