{
  "dram_cache_size": 87600,
  "flash_cache_size": 175201,
  "results": [
    {
      "hit": 36687568,
      "iteration": 0,
      "metrics": [
        {
          "admission_treshold": 0,
          "algorithm": "lru",
          "hit": 34168060,
          "inserted": 62512608,
          "layer": 0,
          "miss_ratio": 0.6465884989541032,
          "reinserted": 34168060,
          "req": 96680668
        },
        {
          "admission_treshold": 32,
          "algorithm": "offline-clock",
          "hit": 2519508,
          "inserted": 186687,
          "layer": 1,
          "miss_ratio": 0.9596960024448188,
          "reinserted": 38250,
          "req": 62512608
        }
      ],
      "miss_ratio": 0.6205283976730487,
      "req": 96680668
    },
    {
      "hit": 36687568,
      "iteration": 1,
      "metrics": [
        {
          "admission_treshold": 0,
          "algorithm": "lru",
          "hit": 34168060,
          "inserted": 62512608,
          "layer": 0,
          "miss_ratio": 0.6465884989541032,
          "reinserted": 34168060,
          "req": 96680668
        },
        {
          "admission_treshold": 32,
          "algorithm": "offline-clock",
          "hit": 2519508,
          "inserted": 186687,
          "layer": 1,
          "miss_ratio": 0.9596960024448188,
          "reinserted": 38250,
          "req": 62512608
        }
      ],
      "miss_ratio": 0.6205283976730487,
      "req": 96680668
    }
  ],
  "trace": "meta_rnha.oracleGeneral.zst"
}