{
  "dram_cache_size": 6131,
  "flash_cache_size": 122625,
  "results": [
    {
      "hit": 27170376,
      "iteration": 0,
      "metrics": [
        {
          "admission_treshold": 0,
          "algorithm": "lru",
          "hit": 25101441,
          "inserted": 20521865,
          "layer": 0,
          "miss_ratio": 0.4498110022978168,
          "reinserted": 25101441,
          "req": 45623306
        },
        {
          "admission_treshold": 16,
          "algorithm": "offline-clock",
          "hit": 2068935,
          "inserted": 150580,
          "layer": 1,
          "miss_ratio": 0.8991838704718114,
          "reinserted": 77482,
          "req": 20521865
        }
      ],
      "miss_ratio": 0.40446279802695584,
      "req": 45623306
    },
    {
      "hit": 27170376,
      "iteration": 1,
      "metrics": [
        {
          "admission_treshold": 0,
          "algorithm": "lru",
          "hit": 25101441,
          "inserted": 20521865,
          "layer": 0,
          "miss_ratio": 0.4498110022978168,
          "reinserted": 25101441,
          "req": 45623306
        },
        {
          "admission_treshold": 16,
          "algorithm": "offline-clock",
          "hit": 2068935,
          "inserted": 150580,
          "layer": 1,
          "miss_ratio": 0.8991838704718114,
          "reinserted": 77482,
          "req": 20521865
        }
      ],
      "miss_ratio": 0.40446279802695584,
      "req": 45623306
    }
  ],
  "trace": "meta_reag.oracleGeneral.zst"
}