{
  "cache_size": 8760070,
  "results": [
    {
      "hit": 42229105,
      "iteration": 0,
      "metrics": [
        {
          "admission_treshold": 8,
          "algorithm": "lru",
          "hit": 34168060,
          "inserted": 62512608,
          "layer": 0,
          "miss_ratio": 0.6465884989541032,
          "reinserted": 34168060,
          "req": 96680668
        },
        {
          "admission_treshold": 8,
          "algorithm": "fifo",
          "hit": 8061045,
          "inserted": 1499944,
          "layer": 1,
          "miss_ratio": 0.8710492929682281,
          "reinserted": 0,
          "req": 62512608
        }
      ],
      "miss_ratio": 0.5632104548553595,
      "req": 96680668
    }
  ],
  "trace": "meta_rnha.oracleGeneral.zst"
}