{
  "dram_cache_size": 6131,
  "flash_cache_size": 61312,
  "results": [
    {
      "hit": 27103257,
      "iteration": 0,
      "metrics": [
        {
<<<<<<< HEAD
          "admission_treshold": 16,
=======
          "admission_treshold": 0,
>>>>>>> 160be2d8 (New results)
          "algorithm": "lru",
          "hit": 25101441,
          "inserted": 20521865,
          "layer": 0,
          "miss_ratio": 0.4498110022978168,
          "reinserted": 25101441,
          "req": 45623306
        },
        {
          "admission_treshold": 16,
          "algorithm": "fifo",
          "hit": 2001816,
          "inserted": 219308,
          "layer": 1,
          "miss_ratio": 0.9024544796489014,
          "reinserted": 0,
          "req": 20521865
        }
      ],
      "miss_ratio": 0.405933954019027,
      "req": 45623306
    }
  ],
  "trace": "meta_reag.oracleGeneral.zst"
}