{
  "cache_size": 3823450193920,
  "results": [
    {
      "hit": 31878823,
      "iteration": 0,
      "metrics": [
        {
          "admission_treshold": 32,
          "algorithm": "lru",
          "hit": 27097540,
          "inserted": 69583128,
          "layer": 0,
          "miss_ratio": 0.7197212166552263,
          "reinserted": 27097540,
          "req": 96680668
        },
        {
          "admission_treshold": 32,
          "algorithm": "fifo",
          "hit": 4781283,
          "inserted": 334594,
          "layer": 1,
          "miss_ratio": 0.9312867481323921,
          "reinserted": 0,
          "req": 69583128
        }
      ],
      "miss_ratio": 0.6702668314207345,
      "req": 96680668
    }
  ],
  "trace": "meta_rnha.oracleGeneral.zst"
}