{
  "dram_cache_size": 306563,
  "flash_cache_size": 3065634,
  "results": [
    {
      "hit": 31845079,
      "iteration": 0,
      "metrics": [
        {
          "admission_treshold": 0,
          "algorithm": "lru",
          "hit": 29127905,
          "inserted": 16495401,
          "layer": 0,
          "miss_ratio": 0.36155645976203477,
          "reinserted": 29127905,
          "req": 45623306
        },
        {
          "admission_treshold": 2,
          "algorithm": "lru",
          "hit": 2717174,
          "inserted": 4688239,
          "layer": 1,
          "miss_ratio": 0.8352768750514159,
          "reinserted": 2622573,
          "req": 16495401
        }
      ],
      "miss_ratio": 0.30199974986468536,
      "req": 45623306
    }
  ],
  "trace": "meta_reag.oracleGeneral.zst"
}