{
  "cache_size": 61312,
  "results": [
    {
      "hit": 27102455,
      "iteration": 0,
      "metrics": [
        {
          "admission_treshold": 1,
          "algorithm": "lru",
          "hit": 23259044,
          "inserted": 22364262,
          "layer": 0,
          "miss_ratio": 0.4901938057711118,
          "reinserted": 23259044,
          "req": 45623306
        },
        {
          "admission_treshold": 1,
          "algorithm": "fifo",
          "hit": 3843411,
          "inserted": 18544377,
          "layer": 1,
          "miss_ratio": 0.8281449662859431,
          "reinserted": 0,
          "req": 22364262
        }
      ],
      "miss_ratio": 0.4059515327538956,
      "req": 45623306
    }
  ],
  "trace": "meta_reag.oracleGeneral.zst"
}