{
  "dram_cache_size": 175201,
  "flash_cache_size": 350402,
  "results": [
    {
      "hit": 41418361,
      "iteration": 0,
      "metrics": [
        {
          "admission_treshold": 0,
          "algorithm": "lru",
          "hit": 36237620,
          "inserted": 60443048,
          "layer": 0,
          "miss_ratio": 0.6251823580697642,
          "reinserted": 36237620,
          "req": 96680668
        },
        {
          "admission_treshold": 8,
          "algorithm": "fifo",
          "hit": 5180741,
          "inserted": 3423501,
          "layer": 1,
          "miss_ratio": 0.9142872311800027,
          "reinserted": 0,
          "req": 60443048
        }
      ],
      "miss_ratio": 0.5715962471421898,
      "req": 96680668
    }
  ],
  "trace": "meta_rnha.oracleGeneral.zst"
}