{
  "dram_cache_size": 87600,
  "flash_cache_size": 175201,
  "results": [
    {
      "hit": 38414763,
      "iteration": 0,
      "metrics": [
        {
<<<<<<< HEAD
          "admission_treshold": 16,
=======
          "admission_treshold": 0,
>>>>>>> 160be2d8 (New results)
          "algorithm": "lru",
          "hit": 34168060,
          "inserted": 62512608,
          "layer": 0,
          "miss_ratio": 0.6465884989541032,
          "reinserted": 34168060,
          "req": 96680668
        },
        {
          "admission_treshold": 16,
          "algorithm": "offline-clock",
          "hit": 4246703,
          "inserted": 872501,
          "layer": 1,
          "miss_ratio": 0.9320664560979443,
          "reinserted": 1126516,
          "req": 62512608
        }
      ],
      "miss_ratio": 0.6026634507738403,
      "req": 96680668
    },
    {
      "hit": 38472454,
      "iteration": 1,
      "metrics": [
        {
<<<<<<< HEAD
          "admission_treshold": 16,
=======
          "admission_treshold": 0,
>>>>>>> 160be2d8 (New results)
          "algorithm": "lru",
          "hit": 34168060,
          "inserted": 62512608,
          "layer": 0,
          "miss_ratio": 0.6465884989541032,
          "reinserted": 34168060,
          "req": 96680668
        },
        {
          "admission_treshold": 16,
          "algorithm": "offline-clock",
          "hit": 4304394,
          "inserted": 809812,
          "layer": 1,
          "miss_ratio": 0.9311435862666296,
          "reinserted": 531319,
          "req": 62512608
        }
      ],
      "miss_ratio": 0.6020667337548806,
      "req": 96680668
    }
  ],
  "trace": "meta_rnha.oracleGeneral.zst"
}