{
  "cache_size": 350402,
  "results": [
    {
      "hit": 37740367,
      "iteration": 0,
      "metrics": [
        {
          "admission_treshold": 8,
          "algorithm": "lru",
          "hit": 28101058,
          "inserted": 68579610,
          "layer": 0,
          "miss_ratio": 0.7093414993781384,
          "reinserted": 28101058,
          "req": 96680668
        },
        {
          "admission_treshold": 8,
          "algorithm": "lru",
          "hit": 9639309,
          "inserted": 3062765,
          "layer": 1,
          "miss_ratio": 0.8594435138957484,
          "reinserted": 9637180,
          "req": 68579610
        }
      ],
      "miss_ratio": 0.609638950777626,
      "req": 96680668
    }
  ],
  "trace": "meta_rnha.oracleGeneral.zst"
}