{
  "dram_cache_size": 3504,
  "flash_cache_size": 350402,
  "results": [
    {
      "hit": 31149247,
      "iteration": 0,
      "metrics": [
        {
          "admission_treshold": 4,
          "algorithm": "offline-clock",
          "hit": 31149247,
          "inserted": 10508311,
          "layer": 0,
          "miss_ratio": 0.6778130763432457,
          "reinserted": 5385335,
          "req": 96680668
        }
      ],
      "miss_ratio": 0.6778130763432457,
      "req": 96680668
    },
    {
      "hit": 31521342,
      "iteration": 1,
      "metrics": [
        {
          "admission_treshold": 4,
          "algorithm": "offline-clock",
          "hit": 31521342,
          "inserted": 10136216,
          "layer": 0,
          "miss_ratio": 0.6739643751737421,
          "reinserted": 1594549,
          "req": 96680668
        }
      ],
      "miss_ratio": 0.6739643751737421,
      "req": 96680668
    }
  ],
  "trace": "meta_rnha.oracleGeneral.zst"
}