{
  "cache_size": 3823450193920,
  "results": [
    {
      "hit": 36550978,
      "iteration": 0,
      "metrics": [
        {
          "admission_treshold": 4,
          "algorithm": "lru",
          "hit": 27097540,
          "inserted": 69583128,
          "layer": 0,
          "miss_ratio": 0.7197212166552263,
          "reinserted": 27097540,
          "req": 96680668
        },
        {
          "admission_treshold": 4,
          "algorithm": "fifo",
          "hit": 9453438,
          "inserted": 12355105,
          "layer": 1,
          "miss_ratio": 0.8641418074795373,
          "reinserted": 0,
          "req": 69583128
        }
      ],
      "miss_ratio": 0.6219411930418188,
      "req": 96680668
    }
  ],
  "trace": "meta_rnha.oracleGeneral.zst"
}