{
  "dram_cache_size": 1532817,
  "flash_cache_size": 3065634,
  "results": [
    {
      "hit": 32608672,
      "iteration": 0,
      "metrics": [
        {
          "admission_treshold": 0,
          "algorithm": "lru",
          "hit": 31055159,
          "inserted": 14568147,
          "layer": 0,
          "miss_ratio": 0.31931370777908996,
          "reinserted": 31055159,
          "req": 45623306
        },
        {
          "admission_treshold": 0,
          "algorithm": "lru",
          "hit": 1553513,
          "inserted": 12249121,
          "layer": 1,
          "miss_ratio": 0.8933623473184338,
          "reinserted": 786209,
          "req": 14568147
        }
      ],
      "miss_ratio": 0.2852628435124802,
      "req": 45623306
    }
  ],
  "trace": "meta_reag.oracleGeneral.zst"
}