{
  "dram_cache_size": 17520,
  "flash_cache_size": 350402,
  "results": [
    {
      "hit": 39905059,
      "iteration": 0,
      "metrics": [
        {
          "admission_treshold": 0,
          "algorithm": "lru",
          "hit": 30658049,
          "inserted": 66022619,
          "layer": 0,
          "miss_ratio": 0.6828936990795306,
          "reinserted": 30658049,
          "req": 96680668
        },
        {
          "admission_treshold": 4,
          "algorithm": "offline-clock",
          "hit": 9247010,
          "inserted": 10361320,
          "layer": 1,
          "miss_ratio": 0.8599417875258781,
          "reinserted": 4140861,
          "req": 66022619
        }
      ],
      "miss_ratio": 0.5872488282766106,
      "req": 96680668
    },
    {
      "hit": 40164369,
      "iteration": 1,
      "metrics": [
        {
          "admission_treshold": 0,
          "algorithm": "lru",
          "hit": 30658049,
          "inserted": 66022619,
          "layer": 0,
          "miss_ratio": 0.6828936990795306,
          "reinserted": 30658049,
          "req": 96680668
        },
        {
          "admission_treshold": 4,
          "algorithm": "offline-clock",
          "hit": 9506320,
          "inserted": 10101340,
          "layer": 1,
          "miss_ratio": 0.8560141941657904,
          "reinserted": 1595171,
          "req": 66022619
        }
      ],
      "miss_ratio": 0.5845666995184601,
      "req": 96680668
    }
  ],
  "trace": "meta_rnha.oracleGeneral.zst"
}