{
  "cache_size": 175201,
  "results": [
    {
      "hit": 35711951,
      "iteration": 0,
      "metrics": [
        {
          "admission_treshold": 8,
          "algorithm": "lru",
          "hit": 26955463,
          "inserted": 69725205,
          "layer": 0,
          "miss_ratio": 0.7211907658726562,
          "reinserted": 26955463,
          "req": 96680668
        },
        {
          "admission_treshold": 8,
          "algorithm": "offline-clock",
          "hit": 8756488,
          "inserted": 4504332,
          "layer": 1,
          "miss_ratio": 0.8744143097176982,
          "reinserted": 2945521,
          "req": 69725205
        }
      ],
      "miss_ratio": 0.6306195257153168,
      "req": 96680668
    },
    {
      "hit": 35943807,
      "iteration": 1,
      "metrics": [
        {
          "admission_treshold": 8,
          "algorithm": "lru",
          "hit": 26955463,
          "inserted": 69725205,
          "layer": 0,
          "miss_ratio": 0.7211907658726562,
          "reinserted": 26955463,
          "req": 96680668
        },
        {
          "admission_treshold": 8,
          "algorithm": "offline-clock",
          "hit": 8988344,
          "inserted": 4272186,
          "layer": 1,
          "miss_ratio": 0.8710890272750005,
          "reinserted": 1182540,
          "req": 69725205
        }
      ],
      "miss_ratio": 0.6282213627237246,
      "req": 96680668
    }
  ],
  "trace": "meta_rnha.oracleGeneral.zst"
}