{
  "cache_size": 290302,
  "results": [
    {
      "hit": 38687072,
      "iteration": 0,
      "metrics": [
        {
          "admission_treshold": 16,
          "algorithm": "lru",
          "hit": 31573829,
          "inserted": 56896903,
          "layer": 0,
          "miss_ratio": 0.6431155446978782,
          "reinserted": 31573829,
          "req": 88470732
        },
        {
          "admission_treshold": 16,
          "algorithm": "lru",
          "hit": 7113243,
          "inserted": 382777,
          "layer": 1,
          "miss_ratio": 0.8749801373196007,
          "reinserted": 7112683,
          "req": 56896903
        }
      ],
      "miss_ratio": 0.5627133276121192,
      "req": 88470732
    }
  ],
  "trace": "meta_rprn.oracleGeneral.zst"
}