{
  "dram_cache_size": 306563,
  "flash_cache_size": 1226253,
  "results": [
    {
      "hit": 30839009,
      "iteration": 0,
      "metrics": [
        {
          "admission_treshold": 0,
          "algorithm": "lru",
          "hit": 29127905,
          "inserted": 16495401,
          "layer": 0,
          "miss_ratio": 0.36155645976203477,
          "reinserted": 29127905,
          "req": 45623306
        },
        {
          "admission_treshold": 0,
          "algorithm": "fifo",
          "hit": 1711104,
          "inserted": 14884460,
          "layer": 1,
          "miss_ratio": 0.8962678142835084,
          "reinserted": 0,
          "req": 16495401
        }
      ],
      "miss_ratio": 0.32405141793100223,
      "req": 45623306
    }
  ],
  "trace": "meta_reag.oracleGeneral.zst"
}