{
  "dram_cache_size": 1752,
  "flash_cache_size": 175201,
  "results": [
    {
      "hit": 29033156,
      "iteration": 0,
      "metrics": [
        {
          "admission_treshold": 4,
          "algorithm": "lru",
          "hit": 29033156,
          "inserted": 12624402,
          "layer": 0,
          "miss_ratio": 0.6997005026899483,
          "reinserted": 29033156,
          "req": 96680668
        }
      ],
      "miss_ratio": 0.6997005026899483,
      "req": 96680668
    }
  ],
  "trace": "meta_rnha.oracleGeneral.zst"
}