{
  "dram_cache_size": 8760,
  "flash_cache_size": 175201,
  "results": [
    {
      "hit": 36631600,
      "iteration": 0,
      "metrics": [
        {
          "admission_treshold": 0,
          "algorithm": "lru",
          "hit": 29516612,
          "inserted": 67164056,
          "layer": 0,
          "miss_ratio": 0.6946999580102198,
          "reinserted": 29516612,
          "req": 96680668
        },
        {
          "admission_treshold": 2,
          "algorithm": "lru",
          "hit": 7114988,
          "inserted": 30370014,
          "layer": 1,
          "miss_ratio": 0.8940655400561276,
          "reinserted": 7039538,
          "req": 67164056
        }
      ],
      "miss_ratio": 0.6211072931353763,
      "req": 96680668
    }
  ],
  "trace": "meta_rnha.oracleGeneral.zst"
}