{
  "dram_cache_size": 145151,
  "flash_cache_size": 2903028,
  "results": [
    {
      "hit": 48402185,
      "iteration": 0,
      "metrics": [
        {
<<<<<<< HEAD
          "admission_treshold": 4,
=======
          "admission_treshold": 0,
>>>>>>> 160be2d8 (New results)
          "algorithm": "lru",
          "hit": 39657073,
          "inserted": 48813659,
          "layer": 0,
          "miss_ratio": 0.551749238380892,
          "reinserted": 39657073,
          "req": 88470732
        },
        {
          "admission_treshold": 4,
          "algorithm": "fifo",
          "hit": 8745112,
          "inserted": 3836145,
          "layer": 1,
          "miss_ratio": 0.8208470297217424,
          "reinserted": 0,
          "req": 48813659
        }
      ],
      "miss_ratio": 0.45290172347618873,
      "req": 88470732
    }
  ],
  "trace": "meta_rprn.oracleGeneral.zst"
}