{
  "dram_cache_size": 36287,
  "flash_cache_size": 145151,
  "results": [
    {
      "hit": 41542910,
      "iteration": 0,
      "metrics": [
        {
<<<<<<< HEAD
          "admission_treshold": 8,
=======
          "admission_treshold": 0,
>>>>>>> 160be2d8 (New results)
          "algorithm": "lru",
          "hit": 36232938,
          "inserted": 52237794,
          "layer": 0,
          "miss_ratio": 0.5904528290779825,
          "reinserted": 36232938,
          "req": 88470732
        },
        {
          "admission_treshold": 8,
          "algorithm": "lru",
          "hit": 5309972,
          "inserted": 3118351,
          "layer": 1,
          "miss_ratio": 0.8983499954075396,
          "reinserted": 5274434,
          "req": 52237794
        }
      ],
      "miss_ratio": 0.5304332962905745,
      "req": 88470732
    }
  ],
  "trace": "meta_rprn.oracleGeneral.zst"
}