{
  "cache_size": 191172517560320,
  "results": [
    {
      "hit": 37083159,
      "iteration": 0,
      "metrics": [
        {
          "admission_treshold": 32,
          "algorithm": "lru",
          "hit": 34738015,
          "inserted": 61942653,
          "layer": 0,
          "miss_ratio": 0.6406932666207892,
          "reinserted": 34738015,
          "req": 96680668
        },
        {
          "admission_treshold": 32,
          "algorithm": "lru",
          "hit": 2345144,
          "inserted": 186197,
          "layer": 1,
          "miss_ratio": 0.9621400781784403,
          "reinserted": 2334395,
          "req": 61942653
        }
      ],
      "miss_ratio": 0.6164366696349264,
      "req": 96680668
    }
  ],
  "trace": "meta_rnha.oracleGeneral.zst"
}