{
  "dram_cache_size": 72575,
  "flash_cache_size": 7257570,
  "results": [
    {
      "hit": 23350461,
      "iteration": 0,
      "metrics": [
        {
          "admission_treshold": 32,
          "algorithm": "offline-clock",
          "hit": 23350461,
          "inserted": 142213,
          "layer": 0,
          "miss_ratio": 0.7360656968453703,
          "reinserted": 0,
          "req": 88470732
        }
      ],
      "miss_ratio": 0.7360656968453703,
      "req": 88470732
    },
    {
      "hit": 23350461,
      "iteration": 1,
      "metrics": [
        {
          "admission_treshold": 32,
          "algorithm": "offline-clock",
          "hit": 23350461,
          "inserted": 142213,
          "layer": 0,
          "miss_ratio": 0.7360656968453703,
          "reinserted": 0,
          "req": 88470732
        }
      ],
      "miss_ratio": 0.7360656968453703,
      "req": 88470732
    }
  ],
  "trace": "meta_rprn.oracleGeneral.zst"
}