{
  "dram_cache_size": 3065,
  "flash_cache_size": 61312,
  "results": [
    {
      "hit": 27395866,
      "iteration": 0,
      "metrics": [
        {
<<<<<<< HEAD
          "admission_treshold": 8,
=======
          "admission_treshold": 0,
>>>>>>> 160be2d8 (New results)
          "algorithm": "lru",
          "hit": 24500429,
          "inserted": 21122877,
          "layer": 0,
          "miss_ratio": 0.4629843571616664,
          "reinserted": 24500429,
          "req": 45623306
        },
        {
          "admission_treshold": 8,
          "algorithm": "lru",
          "hit": 2895437,
          "inserted": 865464,
          "layer": 1,
          "miss_ratio": 0.8629241177705101,
          "reinserted": 2893634,
          "req": 21122877
        }
      ],
      "miss_ratio": 0.3995203679452778,
      "req": 45623306
    }
  ],
  "trace": "meta_reag.oracleGeneral.zst"
}