{
  "cache_size": 1811752026112,
  "results": [
    {
      "hit": 27728556,
      "iteration": 0,
      "metrics": [
        {
          "admission_treshold": 4,
          "algorithm": "lru",
          "hit": 23799041,
          "inserted": 21824265,
          "layer": 0,
          "miss_ratio": 0.47835781563045865,
          "reinserted": 23799041,
          "req": 45623306
        },
        {
          "admission_treshold": 4,
          "algorithm": "fifo",
          "hit": 3929515,
          "inserted": 2410391,
          "layer": 1,
          "miss_ratio": 0.8199474300738192,
          "reinserted": 0,
          "req": 21824265
        }
      ],
      "miss_ratio": 0.3922282615819205,
      "req": 45623306
    }
  ],
  "trace": "meta_reag.oracleGeneral.zst"
}