{
  "dram_cache_size": 43800,
  "flash_cache_size": 175201,
  "results": [
    {
      "hit": 38437873,
      "iteration": 0,
      "metrics": [
        {
<<<<<<< HEAD
          "admission_treshold": 4,
=======
          "admission_treshold": 0,
>>>>>>> 160be2d8 (New results)
          "algorithm": "lru",
          "hit": 32473769,
          "inserted": 64206899,
          "layer": 0,
          "miss_ratio": 0.6641131089412828,
          "reinserted": 32473769,
          "req": 96680668
        },
        {
          "admission_treshold": 4,
          "algorithm": "lru",
          "hit": 5964104,
          "inserted": 12612257,
          "layer": 1,
          "miss_ratio": 0.9071111657331403,
          "reinserted": 5784623,
          "req": 64206899
        }
      ],
      "miss_ratio": 0.6024244164303871,
      "req": 96680668
    }
  ],
  "trace": "meta_rnha.oracleGeneral.zst"
}