{
  "dram_cache_size": 87600,
  "flash_cache_size": 350402,
  "results": [
    {
      "hit": 38727829,
      "iteration": 0,
      "metrics": [
        {
          "admission_treshold": 0,
          "algorithm": "lru",
          "hit": 34168060,
          "inserted": 62512608,
          "layer": 0,
          "miss_ratio": 0.6465884989541032,
          "reinserted": 34168060,
          "req": 96680668
        },
        {
          "admission_treshold": 16,
          "algorithm": "offline-clock",
          "hit": 4559769,
          "inserted": 551029,
          "layer": 1,
          "miss_ratio": 0.9270584103609947,
          "reinserted": 452736,
          "req": 62512608
        }
      ],
      "miss_ratio": 0.5994253059980926,
      "req": 96680668
    },
    {
      "hit": 38734725,
      "iteration": 1,
      "metrics": [
        {
          "admission_treshold": 0,
          "algorithm": "lru",
          "hit": 34168060,
          "inserted": 62512608,
          "layer": 0,
          "miss_ratio": 0.6465884989541032,
          "reinserted": 34168060,
          "req": 96680668
        },
        {
          "admission_treshold": 16,
          "algorithm": "offline-clock",
          "hit": 4566665,
          "inserted": 543866,
          "layer": 1,
          "miss_ratio": 0.9269480966143662,
          "reinserted": 268712,
          "req": 62512608
        }
      ],
      "miss_ratio": 0.599353978398246,
      "req": 96680668
    }
  ],
  "trace": "meta_rnha.oracleGeneral.zst"
}