{
  "dram_cache_size": 876007,
  "flash_cache_size": 3504028,
  "results": [
    {
      "hit": 50513503,
      "iteration": 0,
      "metrics": [
        {
          "admission_treshold": 0,
          "algorithm": "lru",
          "hit": 42241324,
          "inserted": 54439344,
          "layer": 0,
          "miss_ratio": 0.563084069712882,
          "reinserted": 42241324,
          "req": 96680668
        },
        {
          "admission_treshold": 1,
          "algorithm": "offline-clock",
          "hit": 8272179,
          "inserted": 46561333,
          "layer": 1,
          "miss_ratio": 0.8480477832355953,
          "reinserted": 5781428,
          "req": 54439344
        }
      ],
      "miss_ratio": 0.477522197095287,
      "req": 96680668
    },
    {
      "hit": 50389765,
      "iteration": 1,
      "metrics": [
        {
          "admission_treshold": 0,
          "algorithm": "lru",
          "hit": 42241324,
          "inserted": 54439344,
          "layer": 0,
          "miss_ratio": 0.563084069712882,
          "reinserted": 42241324,
          "req": 96680668
        },
        {
          "admission_treshold": 1,
          "algorithm": "offline-clock",
          "hit": 8148441,
          "inserted": 46573236,
          "layer": 1,
          "miss_ratio": 0.8503207349449324,
          "reinserted": 2461353,
          "req": 54439344
        }
      ],
      "miss_ratio": 0.47880205999404146,
      "req": 96680668
    }
  ],
  "trace": "meta_rnha.oracleGeneral.zst"
}