{
  "cache_size": 3823450193920,
  "results": [
    {
      "hit": 38523021,
      "iteration": 0,
      "metrics": [
        {
          "admission_treshold": 0,
          "algorithm": "lru",
          "hit": 27097540,
          "inserted": 69583128,
          "layer": 0,
          "miss_ratio": 0.7197212166552263,
          "reinserted": 27097540,
          "req": 96680668
        },
        {
          "admission_treshold": 0,
          "algorithm": "fifo",
          "hit": 11425481,
          "inserted": 58181950,
          "layer": 1,
          "miss_ratio": 0.8358009861241076,
          "reinserted": 0,
          "req": 69583128
        }
      ],
      "miss_ratio": 0.6015437026148805,
      "req": 96680668
    }
  ],
  "trace": "meta_rnha.oracleGeneral.zst"
}