{
  "cache_size": 183153696178176,
  "results": [
    {
      "hit": 40657975,
      "iteration": 0,
      "metrics": [
        {
          "admission_treshold": 32,
          "algorithm": "lru",
          "hit": 38490676,
          "inserted": 49980056,
          "layer": 0,
          "miss_ratio": 0.5649332256005297,
          "reinserted": 38490676,
          "req": 88470732
        },
        {
          "admission_treshold": 32,
          "algorithm": "fifo",
          "hit": 2167299,
          "inserted": 141941,
          "layer": 1,
          "miss_ratio": 0.9566367232561724,
          "reinserted": 0,
          "req": 49980056
        }
      ],
      "miss_ratio": 0.5404358697970307,
      "req": 88470732
    }
  ],
  "trace": "meta_rprn.oracleGeneral.zst"
}