{
  "dram_cache_size": 175201,
  "flash_cache_size": 350402,
  "results": [
    {
      "hit": 39881636,
      "iteration": 0,
      "metrics": [
        {
<<<<<<< HEAD
          "admission_treshold": 16,
=======
          "admission_treshold": 0,
>>>>>>> 160be2d8 (New results)
          "algorithm": "lru",
          "hit": 36237620,
          "inserted": 60443048,
          "layer": 0,
          "miss_ratio": 0.6251823580697642,
          "reinserted": 36237620,
          "req": 96680668
        },
        {
          "admission_treshold": 16,
          "algorithm": "fifo",
          "hit": 3644016,
          "inserted": 633511,
          "layer": 1,
          "miss_ratio": 0.9397115777483624,
          "reinserted": 0,
          "req": 60443048
        }
      ],
      "miss_ratio": 0.5874911000821799,
      "req": 96680668
    }
  ],
  "trace": "meta_rnha.oracleGeneral.zst"
}