{
  "cache_size": 905876013056,
  "results": [
    {
      "hit": 26142389,
      "iteration": 0,
      "metrics": [
        {
          "admission_treshold": 16,
          "algorithm": "lru",
          "hit": 23177825,
          "inserted": 22445481,
          "layer": 0,
          "miss_ratio": 0.4919740143338144,
          "reinserted": 23177825,
          "req": 45623306
        },
        {
          "admission_treshold": 16,
          "algorithm": "fifo",
          "hit": 2964564,
          "inserted": 455967,
          "layer": 1,
          "miss_ratio": 0.8679215651471225,
          "reinserted": 0,
          "req": 22445481
        }
      ],
      "miss_ratio": 0.42699485653231706,
      "req": 45623306
    }
  ],
  "trace": "meta_reag.oracleGeneral.zst"
}