{
  "cache_size": 73261480148992,
  "results": [
    {
      "hit": 52719972,
      "iteration": 0,
      "metrics": [
        {
          "admission_treshold": 0,
          "algorithm": "lru",
          "hit": 36338402,
          "inserted": 52132330,
          "layer": 0,
          "miss_ratio": 0.589260751227875,
          "reinserted": 36338402,
          "req": 88470732
        },
        {
          "admission_treshold": 0,
          "algorithm": "lru",
          "hit": 16381570,
          "inserted": 35762826,
          "layer": 1,
          "miss_ratio": 0.6857694639775356,
          "reinserted": 16345229,
          "req": 52132330
        }
      ],
      "miss_ratio": 0.4040970295125398,
      "req": 88470732
    }
  ],
  "trace": "meta_rprn.oracleGeneral.zst"
}