{
  "dram_cache_size": 14515,
  "flash_cache_size": 145151,
  "results": [
    {
      "hit": 40569991,
      "iteration": 0,
      "metrics": [
        {
<<<<<<< HEAD
          "admission_treshold": 2,
=======
          "admission_treshold": 0,
>>>>>>> 160be2d8 (New results)
          "algorithm": "lru",
          "hit": 34376261,
          "inserted": 54094471,
          "layer": 0,
          "miss_ratio": 0.6114391706400711,
          "reinserted": 34376261,
          "req": 88470732
        },
        {
          "admission_treshold": 2,
          "algorithm": "lru",
          "hit": 6193730,
          "inserted": 23348917,
          "layer": 1,
          "miss_ratio": 0.8855016069941788,
          "reinserted": 6082613,
          "req": 54094471
        }
      ],
      "miss_ratio": 0.5414303681809709,
      "req": 88470732
    }
  ],
  "trace": "meta_rprn.oracleGeneral.zst"
}