{
  "dram_cache_size": 30656,
  "flash_cache_size": 3065634,
  "results": [
    {
      "hit": 28575434,
      "iteration": 0,
      "metrics": [
        {
          "admission_treshold": 2,
          "algorithm": "offline-clock",
          "hit": 28575434,
          "inserted": 4785335,
          "layer": 0,
          "miss_ratio": 0.37366586279389746,
          "reinserted": 1308064,
          "req": 45623306
        }
      ],
      "miss_ratio": 0.37366586279389746,
      "req": 45623306
    },
    {
      "hit": 28575434,
      "iteration": 1,
      "metrics": [
        {
          "admission_treshold": 2,
          "algorithm": "offline-clock",
          "hit": 28575434,
          "inserted": 4785335,
          "layer": 0,
          "miss_ratio": 0.37366586279389746,
          "reinserted": 1308064,
          "req": 45623306
        }
      ],
      "miss_ratio": 0.37366586279389746,
      "req": 45623306
    }
  ],
  "trace": "meta_reag.oracleGeneral.zst"
}