{
  "dram_cache_size": 35040,
  "flash_cache_size": 3504028,
  "results": [
    {
      "hit": 47612418,
      "iteration": 0,
      "metrics": [
        {
          "admission_treshold": 1,
          "algorithm": "fifo",
          "hit": 47612418,
          "inserted": 49068250,
          "layer": 0,
          "miss_ratio": 0.507529074995634,
          "reinserted": 0,
          "req": 96680668
        }
      ],
      "miss_ratio": 0.507529074995634,
      "req": 96680668
    }
  ],
  "trace": "meta_rnha.oracleGeneral.zst"
}