{
  "dram_cache_size": 43800,
  "flash_cache_size": 175201,
  "results": [
    {
      "hit": 37575899,
      "iteration": 0,
      "metrics": [
        {
<<<<<<< HEAD
          "admission_treshold": 2,
=======
          "admission_treshold": 0,
>>>>>>> 160be2d8 (New results)
          "algorithm": "lru",
          "hit": 32473769,
          "inserted": 64206899,
          "layer": 0,
          "miss_ratio": 0.6641131089412828,
          "reinserted": 32473769,
          "req": 96680668
        },
        {
          "admission_treshold": 2,
          "algorithm": "lru",
          "hit": 5102130,
          "inserted": 30367504,
          "layer": 1,
          "miss_ratio": 0.9205361093673127,
          "reinserted": 4714810,
          "req": 64206899
        }
      ],
      "miss_ratio": 0.6113400974846388,
      "req": 96680668
    }
  ],
  "trace": "meta_rnha.oracleGeneral.zst"
}