{
  "cache_size": 3065634,
  "results": [
    {
      "hit": 32093050,
      "iteration": 0,
      "metrics": [
        {
          "admission_treshold": 0,
          "algorithm": "lru",
          "hit": 26705699,
          "inserted": 18917607,
          "layer": 0,
          "miss_ratio": 0.41464787755626475,
          "reinserted": 26705699,
          "req": 45623306
        },
        {
          "admission_treshold": 0,
          "algorithm": "lru",
          "hit": 5387351,
          "inserted": 13518942,
          "layer": 1,
          "miss_ratio": 0.7152202707245161,
          "reinserted": 5368009,
          "req": 18917607
        }
      ],
      "miss_ratio": 0.29656456724113767,
      "req": 45623306
    }
  ],
  "trace": "meta_reag.oracleGeneral.zst"
}