{
  "dram_cache_size": 87600,
  "flash_cache_size": 175201,
  "results": [
    {
      "hit": 39353566,
      "iteration": 0,
      "metrics": [
        {
<<<<<<< HEAD
          "admission_treshold": 8,
=======
          "admission_treshold": 0,
>>>>>>> 160be2d8 (New results)
          "algorithm": "lru",
          "hit": 34168060,
          "inserted": 62512608,
          "layer": 0,
          "miss_ratio": 0.6465884989541032,
          "reinserted": 34168060,
          "req": 96680668
        },
        {
          "admission_treshold": 8,
          "algorithm": "offline-clock",
          "hit": 5185506,
          "inserted": 4463609,
          "layer": 1,
          "miss_ratio": 0.9170486376124317,
          "reinserted": 2620721,
          "req": 62512608
        }
      ],
      "miss_ratio": 0.5929531020617276,
      "req": 96680668
    },
    {
      "hit": 39517066,
      "iteration": 1,
      "metrics": [
        {
<<<<<<< HEAD
          "admission_treshold": 8,
=======
          "admission_treshold": 0,
>>>>>>> 160be2d8 (New results)
          "algorithm": "lru",
          "hit": 34168060,
          "inserted": 62512608,
          "layer": 0,
          "miss_ratio": 0.6465884989541032,
          "reinserted": 34168060,
          "req": 96680668
        },
        {
          "admission_treshold": 8,
          "algorithm": "offline-clock",
          "hit": 5349006,
          "inserted": 4287015,
          "layer": 1,
          "miss_ratio": 0.9144331652264452,
          "reinserted": 1140284,
          "req": 62512608
        }
      ],
      "miss_ratio": 0.5912619676976166,
      "req": 96680668
    }
  ],
  "trace": "meta_rnha.oracleGeneral.zst"
}