{
  "dram_cache_size": 725757,
  "flash_cache_size": 14515141,
  "results": [
    {
      "hit": 50113208,
      "iteration": 0,
      "metrics": [
        {
<<<<<<< HEAD
          "admission_treshold": 4,
=======
          "admission_treshold": 0,
>>>>>>> 160be2d8 (New results)
          "algorithm": "lru",
          "hit": 44392109,
          "inserted": 44078623,
          "layer": 0,
          "miss_ratio": 0.49822830673538454,
          "reinserted": 44392109,
          "req": 88470732
        },
        {
          "admission_treshold": 4,
          "algorithm": "offline-clock",
          "hit": 5721099,
          "inserted": 3599467,
          "layer": 1,
          "miss_ratio": 0.8702069481616973,
          "reinserted": 0,
          "req": 44078623
        }
      ],
      "miss_ratio": 0.433561734291969,
      "req": 88470732
    },
    {
      "hit": 50113208,
      "iteration": 1,
      "metrics": [
        {
<<<<<<< HEAD
          "admission_treshold": 4,
=======
          "admission_treshold": 0,
>>>>>>> 160be2d8 (New results)
          "algorithm": "lru",
          "hit": 44392109,
          "inserted": 44078623,
          "layer": 0,
          "miss_ratio": 0.49822830673538454,
          "reinserted": 44392109,
          "req": 88470732
        },
        {
          "admission_treshold": 4,
          "algorithm": "offline-clock",
          "hit": 5721099,
          "inserted": 3599467,
          "layer": 1,
          "miss_ratio": 0.8702069481616973,
          "reinserted": 0,
          "req": 44078623
        }
      ],
      "miss_ratio": 0.433561734291969,
      "req": 88470732
    }
  ],
  "trace": "meta_rprn.oracleGeneral.zst"
}