{
  "cache_size": 145151,
  "results": [
    {
      "hit": 39238460,
      "iteration": 0,
      "metrics": [
        {
          "admission_treshold": 8,
          "algorithm": "lru",
          "hit": 30348388,
          "inserted": 58122344,
          "layer": 0,
          "miss_ratio": 0.6569669164713139,
          "reinserted": 30348388,
          "req": 88470732
        },
        {
          "admission_treshold": 8,
          "algorithm": "lru",
          "hit": 8890072,
          "inserted": 3123367,
          "layer": 1,
          "miss_ratio": 0.8470455355344926,
          "reinserted": 8888670,
          "req": 58122344
        }
      ],
      "miss_ratio": 0.5564808935908883,
      "req": 88470732
    }
  ],
  "trace": "meta_rprn.oracleGeneral.zst"
}