{
  "dram_cache_size": 876007,
  "flash_cache_size": 8760070,
  "results": [
    {
      "hit": 55656011,
      "iteration": 0,
      "metrics": [
        {
          "admission_treshold": 0,
          "algorithm": "lru",
          "hit": 42241324,
          "inserted": 54439344,
          "layer": 0,
          "miss_ratio": 0.563084069712882,
          "reinserted": 42241324,
          "req": 96680668
        },
        {
          "admission_treshold": 0,
          "algorithm": "lru",
          "hit": 13414687,
          "inserted": 40872908,
          "layer": 1,
          "miss_ratio": 0.7535847052087916,
          "reinserted": 12690429,
          "req": 54439344
        }
      ],
      "miss_ratio": 0.42433154268234885,
      "req": 96680668
    }
  ],
  "trace": "meta_rnha.oracleGeneral.zst"
}