{
  "dram_cache_size": 145151,
  "flash_cache_size": 2903028,
  "results": [
    {
      "hit": 48558064,
      "iteration": 0,
      "metrics": [
        {
          "admission_treshold": 0,
          "algorithm": "lru",
          "hit": 39657073,
          "inserted": 48813659,
          "layer": 0,
          "miss_ratio": 0.551749238380892,
          "reinserted": 39657073,
          "req": 88470732
        },
        {
          "admission_treshold": 4,
          "algorithm": "lru",
          "hit": 8900991,
          "inserted": 3667340,
          "layer": 1,
          "miss_ratio": 0.8176536817287146,
          "reinserted": 8856872,
          "req": 48813659
        }
      ],
      "miss_ratio": 0.45113979615315036,
      "req": 88470732
    }
  ],
  "trace": "meta_rprn.oracleGeneral.zst"
}