{
  "dram_cache_size": 438003,
  "flash_cache_size": 8760070,
  "results": [
    {
      "hit": 53784276,
      "iteration": 0,
      "metrics": [
        {
          "admission_treshold": 0,
          "algorithm": "lru",
          "hit": 39518211,
          "inserted": 57162457,
          "layer": 0,
          "miss_ratio": 0.5912501245854032,
          "reinserted": 39518211,
          "req": 96680668
        },
        {
          "admission_treshold": 2,
          "algorithm": "fifo",
          "hit": 14266065,
          "inserted": 15068518,
          "layer": 1,
          "miss_ratio": 0.7504294645697263,
          "reinserted": 0,
          "req": 57162457
        }
      ],
      "miss_ratio": 0.443691514419408,
      "req": 96680668
    }
  ],
  "trace": "meta_rnha.oracleGeneral.zst"
}