{
  "cache_size": 905876013056,
  "results": [
    {
      "hit": 27420143,
      "iteration": 0,
      "metrics": [
        {
          "admission_treshold": 1,
          "algorithm": "lru",
          "hit": 23177825,
          "inserted": 22445481,
          "layer": 0,
          "miss_ratio": 0.4919740143338144,
          "reinserted": 23177825,
          "req": 45623306
        },
        {
          "admission_treshold": 1,
          "algorithm": "fifo",
          "hit": 4242318,
          "inserted": 18216640,
          "layer": 1,
          "miss_ratio": 0.8109945605531911,
          "reinserted": 0,
          "req": 22445481
        }
      ],
      "miss_ratio": 0.3989882495582411,
      "req": 45623306
    }
  ],
  "trace": "meta_reag.oracleGeneral.zst"
}