{
  "cache_size": 73261480148992,
  "results": [
    {
      "hit": 40930527,
      "iteration": 0,
      "metrics": [
        {
          "admission_treshold": 16,
          "algorithm": "lru",
          "hit": 36338402,
          "inserted": 52132330,
          "layer": 0,
          "miss_ratio": 0.589260751227875,
          "reinserted": 36338402,
          "req": 88470732
        },
        {
          "admission_treshold": 16,
          "algorithm": "lru",
          "hit": 4592125,
          "inserted": 381320,
          "layer": 1,
          "miss_ratio": 0.9119140656095747,
          "reinserted": 4588274,
          "req": 52132330
        }
      ],
      "miss_ratio": 0.5373551673563637,
      "req": 88470732
    }
  ],
  "trace": "meta_rprn.oracleGeneral.zst"
}