{
  "dram_cache_size": 29030,
  "flash_cache_size": 2903028,
  "results": [
    {
      "hit": 45595108,
      "iteration": 0,
      "metrics": [
        {
          "admission_treshold": 2,
          "algorithm": "lru",
          "hit": 45595108,
          "inserted": 13845342,
          "layer": 0,
          "miss_ratio": 0.4846306007731461,
          "reinserted": 45595108,
          "req": 88470732
        }
      ],
      "miss_ratio": 0.4846306007731461,
      "req": 88470732
    }
  ],
  "trace": "meta_rprn.oracleGeneral.zst"
}