{
  "dram_cache_size": 12262,
  "flash_cache_size": 122625,
  "results": [
    {
      "hit": 28502998,
      "iteration": 0,
      "metrics": [
        {
          "admission_treshold": 0,
          "algorithm": "lru",
          "hit": 25760452,
          "inserted": 19862854,
          "layer": 0,
          "miss_ratio": 0.43536638927481497,
          "reinserted": 25760452,
          "req": 45623306
        },
        {
          "admission_treshold": 4,
          "algorithm": "offline-clock",
          "hit": 2742546,
          "inserted": 2165231,
          "layer": 1,
          "miss_ratio": 0.8619258843668689,
          "reinserted": 1045339,
          "req": 19862854
        }
      ],
      "miss_ratio": 0.37525356009930544,
      "req": 45623306
    },
    {
      "hit": 28559266,
      "iteration": 1,
      "metrics": [
        {
          "admission_treshold": 0,
          "algorithm": "lru",
          "hit": 25760452,
          "inserted": 19862854,
          "layer": 0,
          "miss_ratio": 0.43536638927481497,
          "reinserted": 25760452,
          "req": 45623306
        },
        {
          "admission_treshold": 4,
          "algorithm": "offline-clock",
          "hit": 2798814,
          "inserted": 2108311,
          "layer": 1,
          "miss_ratio": 0.8590930588323309,
          "reinserted": 417700,
          "req": 19862854
        }
      ],
      "miss_ratio": 0.3740202430748881,
      "req": 45623306
    }
  ],
  "trace": "meta_reag.oracleGeneral.zst"
}