{
  "dram_cache_size": 87600,
  "flash_cache_size": 350402,
  "results": [
    {
      "hit": 39438929,
      "iteration": 0,
      "metrics": [
        {
          "admission_treshold": 0,
          "algorithm": "lru",
          "hit": 34168060,
          "inserted": 62512608,
          "layer": 0,
          "miss_ratio": 0.6465884989541032,
          "reinserted": 34168060,
          "req": 96680668
        },
        {
          "admission_treshold": 0,
          "algorithm": "lru",
          "hit": 5270869,
          "inserted": 58032156,
          "layer": 1,
          "miss_ratio": 0.9156831050785788,
          "reinserted": 4392852,
          "req": 62512608
        }
      ],
      "miss_ratio": 0.5920701644303905,
      "req": 96680668
    }
  ],
  "trace": "meta_rnha.oracleGeneral.zst"
}