{
  "dram_cache_size": 29030,
  "flash_cache_size": 290302,
  "results": [
    {
      "hit": 43030272,
      "iteration": 0,
      "metrics": [
        {
          "admission_treshold": 4,
          "algorithm": "lru",
          "hit": 35757505,
          "inserted": 52713227,
          "layer": 0,
          "miss_ratio": 0.5958267305847542,
          "reinserted": 35757505,
          "req": 88470732
        },
        {
          "admission_treshold": 4,
          "algorithm": "offline-clock",
          "hit": 7272767,
          "inserted": 8133091,
          "layer": 1,
          "miss_ratio": 0.8620314593906383,
          "reinserted": 3124303,
          "req": 52713227
        }
      ],
      "miss_ratio": 0.5136213861099284,
      "req": 88470732
    },
    {
      "hit": 43177569,
      "iteration": 1,
      "metrics": [
        {
          "admission_treshold": 4,
          "algorithm": "lru",
          "hit": 35757505,
          "inserted": 52713227,
          "layer": 0,
          "miss_ratio": 0.5958267305847542,
          "reinserted": 35757505,
          "req": 88470732
        },
        {
          "admission_treshold": 4,
          "algorithm": "offline-clock",
          "hit": 7420064,
          "inserted": 7983861,
          "layer": 1,
          "miss_ratio": 0.8592371512372028,
          "reinserted": 1297078,
          "req": 52713227
        }
      ],
      "miss_ratio": 0.5119564626186206,
      "req": 88470732
    }
  ],
  "trace": "meta_rprn.oracleGeneral.zst"
}