{
  "cache_size": 2903028,
  "results": [
    {
      "hit": 47455523,
      "iteration": 0,
      "metrics": [
        {
          "admission_treshold": 4,
          "algorithm": "lru",
          "hit": 35757505,
          "inserted": 52713227,
          "layer": 0,
          "miss_ratio": 0.5958267305847542,
          "reinserted": 35757505,
          "req": 88470732
        },
        {
          "admission_treshold": 4,
          "algorithm": "lru",
          "hit": 11698018,
          "inserted": 3677838,
          "layer": 1,
          "miss_ratio": 0.7780819223987179,
          "reinserted": 11688163,
          "req": 52713227
        }
      ],
      "miss_ratio": 0.46360200794992856,
      "req": 88470732
    }
  ],
  "trace": "meta_rprn.oracleGeneral.zst"
}