{
  "dram_cache_size": 145151,
  "flash_cache_size": 2903028,
  "results": [
    {
      "hit": 48555530,
      "iteration": 0,
      "metrics": [
        {
<<<<<<< HEAD
          "admission_treshold": 4,
=======
          "admission_treshold": 0,
>>>>>>> 160be2d8 (New results)
          "algorithm": "lru",
          "hit": 39657073,
          "inserted": 48813659,
          "layer": 0,
          "miss_ratio": 0.551749238380892,
          "reinserted": 39657073,
          "req": 88470732
        },
        {
          "admission_treshold": 4,
          "algorithm": "offline-clock",
          "hit": 8898457,
          "inserted": 3669915,
          "layer": 1,
          "miss_ratio": 0.8177055934282657,
          "reinserted": 1204554,
          "req": 48813659
        }
      ],
      "miss_ratio": 0.4511684383938408,
      "req": 88470732
    },
    {
      "hit": 48555530,
      "iteration": 1,
      "metrics": [
        {
<<<<<<< HEAD
          "admission_treshold": 4,
=======
          "admission_treshold": 0,
>>>>>>> 160be2d8 (New results)
          "algorithm": "lru",
          "hit": 39657073,
          "inserted": 48813659,
          "layer": 0,
          "miss_ratio": 0.551749238380892,
          "reinserted": 39657073,
          "req": 88470732
        },
        {
          "admission_treshold": 4,
          "algorithm": "offline-clock",
          "hit": 8898457,
          "inserted": 3669915,
          "layer": 1,
          "miss_ratio": 0.8177055934282657,
          "reinserted": 1204554,
          "req": 48813659
        }
      ],
      "miss_ratio": 0.4511684383938408,
      "req": 88470732
    }
  ],
  "trace": "meta_rprn.oracleGeneral.zst"
}