{
  "dram_cache_size": 7257,
  "flash_cache_size": 145151,
  "results": [
    {
      "hit": 39293463,
      "iteration": 0,
      "metrics": [
        {
          "admission_treshold": 0,
          "algorithm": "lru",
          "hit": 33123325,
          "inserted": 55347407,
          "layer": 0,
          "miss_ratio": 0.6256013231584882,
          "reinserted": 33123325,
          "req": 88470732
        },
        {
          "admission_treshold": 16,
          "algorithm": "offline-clock",
          "hit": 6170138,
          "inserted": 522579,
          "layer": 1,
          "miss_ratio": 0.8885198361686574,
          "reinserted": 764792,
          "req": 55347407
        }
      ],
      "miss_ratio": 0.5558591851596753,
      "req": 88470732
    },
    {
      "hit": 39325813,
      "iteration": 1,
      "metrics": [
        {
          "admission_treshold": 0,
          "algorithm": "lru",
          "hit": 33123325,
          "inserted": 55347407,
          "layer": 0,
          "miss_ratio": 0.6256013231584882,
          "reinserted": 33123325,
          "req": 88470732
        },
        {
          "admission_treshold": 16,
          "algorithm": "offline-clock",
          "hit": 6202488,
          "inserted": 490068,
          "layer": 1,
          "miss_ratio": 0.8879353462755717,
          "reinserted": 347189,
          "req": 55347407
        }
      ],
      "miss_ratio": 0.555493527509188,
      "req": 88470732
    }
  ],
  "trace": "meta_rprn.oracleGeneral.zst"
}