{
  "cache_size": 145151,
  "results": [
    {
      "hit": 39924032,
      "iteration": 0,
      "metrics": [
        {
          "admission_treshold": 4,
          "algorithm": "lru",
          "hit": 30348388,
          "inserted": 58122344,
          "layer": 0,
          "miss_ratio": 0.6569669164713139,
          "reinserted": 30348388,
          "req": 88470732
        },
        {
          "admission_treshold": 4,
          "algorithm": "offline-clock",
          "hit": 9575644,
          "inserted": 9700451,
          "layer": 1,
          "miss_ratio": 0.8352502094547323,
          "reinserted": 3325541,
          "req": 58122344
        }
      ],
      "miss_ratio": 0.5487317545874946,
      "req": 88470732
    },
    {
      "hit": 40077224,
      "iteration": 1,
      "metrics": [
        {
          "admission_treshold": 4,
          "algorithm": "lru",
          "hit": 30348388,
          "inserted": 58122344,
          "layer": 0,
          "miss_ratio": 0.6569669164713139,
          "reinserted": 30348388,
          "req": 88470732
        },
        {
          "admission_treshold": 4,
          "algorithm": "offline-clock",
          "hit": 9728836,
          "inserted": 9547025,
          "layer": 1,
          "miss_ratio": 0.8326145277279251,
          "reinserted": 1281198,
          "req": 58122344
        }
      ],
      "miss_ratio": 0.5470001988906342,
      "req": 88470732
    }
  ],
  "trace": "meta_rprn.oracleGeneral.zst"
}