{
  "dram_cache_size": 725757,
  "flash_cache_size": 2903028,
  "results": [
    {
      "hit": 49996332,
      "iteration": 0,
      "metrics": [
        {
          "admission_treshold": 0,
          "algorithm": "lru",
          "hit": 44392109,
          "inserted": 44078623,
          "layer": 0,
          "miss_ratio": 0.49822830673538454,
          "reinserted": 44392109,
          "req": 88470732
        },
        {
          "admission_treshold": 4,
          "algorithm": "fifo",
          "hit": 5604223,
          "inserted": 3751105,
          "layer": 1,
          "miss_ratio": 0.8728584828977076,
          "reinserted": 0,
          "req": 44078623
        }
      ],
      "miss_ratio": 0.43488280395374146,
      "req": 88470732
    }
  ],
  "trace": "meta_rprn.oracleGeneral.zst"
}