{
  "dram_cache_size": 145151,
  "flash_cache_size": 14515141,
  "results": [
    {
      "hit": 57981873,
      "iteration": 0,
      "metrics": [
        {
          "admission_treshold": 0,
          "algorithm": "lru",
          "hit": 57981873,
          "inserted": 30488859,
          "layer": 0,
          "miss_ratio": 0.3446208515602651,
          "reinserted": 57981873,
          "req": 88470732
        }
      ],
      "miss_ratio": 0.3446208515602651,
      "req": 88470732
    }
  ],
  "trace": "meta_rprn.oracleGeneral.zst"
}