{
  "dram_cache_size": 145151,
  "flash_cache_size": 290302,
  "results": [
    {
      "hit": 42608220,
      "iteration": 0,
      "metrics": [
        {
          "admission_treshold": 0,
          "algorithm": "lru",
          "hit": 39657073,
          "inserted": 48813659,
          "layer": 0,
          "miss_ratio": 0.551749238380892,
          "reinserted": 39657073,
          "req": 88470732
        },
        {
          "admission_treshold": 16,
          "algorithm": "lru",
          "hit": 2951147,
          "inserted": 381057,
          "layer": 1,
          "miss_ratio": 0.9395425981076321,
          "reinserted": 2933954,
          "req": 48813659
        }
      ],
      "miss_ratio": 0.5183919129322905,
      "req": 88470732
    }
  ],
  "trace": "meta_rprn.oracleGeneral.zst"
}