{
  "dram_cache_size": 61312,
  "flash_cache_size": 1226253,
  "results": [
    {
      "hit": 28334641,
      "iteration": 0,
      "metrics": [
        {
<<<<<<< HEAD
          "admission_treshold": 16,
=======
          "admission_treshold": 0,
>>>>>>> 160be2d8 (New results)
          "algorithm": "lru",
          "hit": 27428830,
          "inserted": 18194476,
          "layer": 0,
          "miss_ratio": 0.39879784248866135,
          "reinserted": 27428830,
          "req": 45623306
        },
        {
          "admission_treshold": 16,
          "algorithm": "offline-clock",
          "hit": 905811,
          "inserted": 149705,
          "layer": 1,
          "miss_ratio": 0.9502150542835089,
          "reinserted": 0,
          "req": 18194476
        }
      ],
      "miss_ratio": 0.37894371354850964,
      "req": 45623306
    },
    {
      "hit": 28334641,
      "iteration": 1,
      "metrics": [
        {
<<<<<<< HEAD
          "admission_treshold": 16,
=======
          "admission_treshold": 0,
>>>>>>> 160be2d8 (New results)
          "algorithm": "lru",
          "hit": 27428830,
          "inserted": 18194476,
          "layer": 0,
          "miss_ratio": 0.39879784248866135,
          "reinserted": 27428830,
          "req": 45623306
        },
        {
          "admission_treshold": 16,
          "algorithm": "offline-clock",
          "hit": 905811,
          "inserted": 149705,
          "layer": 1,
          "miss_ratio": 0.9502150542835089,
          "reinserted": 0,
          "req": 18194476
        }
      ],
      "miss_ratio": 0.37894371354850964,
      "req": 45623306
    }
  ],
  "trace": "meta_reag.oracleGeneral.zst"
}