{
  "dram_cache_size": 72575,
  "flash_cache_size": 145151,
  "results": [
    {
      "hit": 41532462,
      "iteration": 0,
      "metrics": [
        {
          "admission_treshold": 0,
          "algorithm": "lru",
          "hit": 37846132,
          "inserted": 50624600,
          "layer": 0,
          "miss_ratio": 0.5722186180170861,
          "reinserted": 37846132,
          "req": 88470732
        },
        {
          "admission_treshold": 16,
          "algorithm": "offline-clock",
          "hit": 3686330,
          "inserted": 511515,
          "layer": 1,
          "miss_ratio": 0.9271830295943079,
          "reinserted": 707884,
          "req": 50624600
        }
      ],
      "miss_ratio": 0.53055139184335,
      "req": 88470732
    },
    {
      "hit": 41558099,
      "iteration": 1,
      "metrics": [
        {
          "admission_treshold": 0,
          "algorithm": "lru",
          "hit": 37846132,
          "inserted": 50624600,
          "layer": 0,
          "miss_ratio": 0.5722186180170861,
          "reinserted": 37846132,
          "req": 88470732
        },
        {
          "admission_treshold": 16,
          "algorithm": "offline-clock",
          "hit": 3711967,
          "inserted": 484169,
          "layer": 1,
          "miss_ratio": 0.9266766157164699,
          "reinserted": 350385,
          "req": 50624600
        }
      ],
      "miss_ratio": 0.5302616123940288,
      "req": 88470732
    }
  ],
  "trace": "meta_rprn.oracleGeneral.zst"
}