{
  "dram_cache_size": 1752014,
  "flash_cache_size": 3504028,
  "results": [
    {
      "hit": 51280491,
      "iteration": 0,
      "metrics": [
        {
          "admission_treshold": 0,
          "algorithm": "lru",
          "hit": 45327819,
          "inserted": 51352849,
          "layer": 0,
          "miss_ratio": 0.5311594351003036,
          "reinserted": 45327819,
          "req": 96680668
        },
        {
          "admission_treshold": 1,
          "algorithm": "lru",
          "hit": 5952672,
          "inserted": 46468360,
          "layer": 1,
          "miss_ratio": 0.884082925954118,
          "reinserted": 3132475,
          "req": 51352849
        }
      ],
      "miss_ratio": 0.4695889875316128,
      "req": 96680668
    }
  ],
  "trace": "meta_rnha.oracleGeneral.zst"
}