{
  "dram_cache_size": 72575,
  "flash_cache_size": 145151,
  "results": [
    {
      "hit": 40711478,
      "iteration": 0,
      "metrics": [
        {
          "admission_treshold": 0,
          "algorithm": "lru",
          "hit": 37846132,
          "inserted": 50624600,
          "layer": 0,
          "miss_ratio": 0.5722186180170861,
          "reinserted": 37846132,
          "req": 88470732
        },
        {
          "admission_treshold": 0,
          "algorithm": "lru",
          "hit": 2865346,
          "inserted": 48995036,
          "layer": 1,
          "miss_ratio": 0.9434001256306223,
          "reinserted": 1556989,
          "req": 50624600
        }
      ],
      "miss_ratio": 0.5398311161255,
      "req": 88470732
    }
  ],
  "trace": "meta_rprn.oracleGeneral.zst"
}