{
  "dram_cache_size": 72575,
  "flash_cache_size": 7257570,
  "results": [
    {
      "hit": 48047296,
      "iteration": 0,
      "metrics": [
        {
          "admission_treshold": 0,
          "algorithm": "lru",
          "hit": 37846132,
          "inserted": 50624600,
          "layer": 0,
          "miss_ratio": 0.5722186180170861,
          "reinserted": 37846132,
          "req": 88470732
        },
        {
          "admission_treshold": 4,
          "algorithm": "lru",
          "hit": 10201164,
          "inserted": 3662306,
          "layer": 1,
          "miss_ratio": 0.7984939337792298,
          "reinserted": 10177872,
          "req": 50624600
        }
      ],
      "miss_ratio": 0.4569130952821776,
      "req": 88470732
    }
  ],
  "trace": "meta_rprn.oracleGeneral.zst"
}