{
  "dram_cache_size": 1451,
  "flash_cache_size": 145151,
  "results": [
    {
      "hit": 29970664,
      "iteration": 0,
      "metrics": [
        {
          "admission_treshold": 8,
          "algorithm": "lru",
          "hit": 29970664,
          "inserted": 3123565,
          "layer": 0,
          "miss_ratio": 0.661236396235537,
          "reinserted": 29970664,
          "req": 88470732
        }
      ],
      "miss_ratio": 0.661236396235537,
      "req": 88470732
    }
  ],
  "trace": "meta_rprn.oracleGeneral.zst"
}