{
  "dram_cache_size": 35040,
  "flash_cache_size": 350402,
  "results": [
    {
      "hit": 39638819,
      "iteration": 0,
      "metrics": [
        {
          "admission_treshold": 0,
          "algorithm": "lru",
          "hit": 31990027,
          "inserted": 64690641,
          "layer": 0,
          "miss_ratio": 0.6691166118132323,
          "reinserted": 31990027,
          "req": 96680668
        },
        {
          "admission_treshold": 2,
          "algorithm": "lru",
          "hit": 7648792,
          "inserted": 27971495,
          "layer": 1,
          "miss_ratio": 0.8817635459818678,
          "reinserted": 7494934,
          "req": 64690641
        }
      ],
      "miss_ratio": 0.5900026363078087,
      "req": 96680668
    }
  ],
  "trace": "meta_rnha.oracleGeneral.zst"
}