{
  "dram_cache_size": 29030,
  "flash_cache_size": 2903028,
  "results": [
    {
      "hit": 26886974,
      "iteration": 0,
      "metrics": [
        {
          "admission_treshold": 16,
          "algorithm": "lru",
          "hit": 26886974,
          "inserted": 381560,
          "layer": 0,
          "miss_ratio": 0.6960918781592087,
          "reinserted": 26886974,
          "req": 88470732
        }
      ],
      "miss_ratio": 0.6960918781592087,
      "req": 88470732
    }
  ],
  "trace": "meta_rprn.oracleGeneral.zst"
}