{
  "dram_cache_size": 29030,
  "flash_cache_size": 2903028,
  "results": [
    {
      "hit": 48516436,
      "iteration": 0,
      "metrics": [
        {
          "admission_treshold": 0,
          "algorithm": "fifo",
          "hit": 48516436,
          "inserted": 39954296,
          "layer": 0,
          "miss_ratio": 0.45161032464386075,
          "reinserted": 0,
          "req": 88470732
        }
      ],
      "miss_ratio": 0.45161032464386075,
      "req": 88470732
    }
  ],
  "trace": "meta_rprn.oracleGeneral.zst"
}