{
  "dram_cache_size": 87600,
  "flash_cache_size": 8760070,
  "results": [
    {
      "hit": 53324534,
      "iteration": 0,
      "metrics": [
        {
          "admission_treshold": 1,
          "algorithm": "fifo",
          "hit": 53324534,
          "inserted": 43356134,
          "layer": 0,
          "miss_ratio": 0.44844677738469907,
          "reinserted": 0,
          "req": 96680668
        }
      ],
      "miss_ratio": 0.44844677738469907,
      "req": 96680668
    }
  ],
  "trace": "meta_rnha.oracleGeneral.zst"
}