{
  "dram_cache_size": 36287,
  "flash_cache_size": 145151,
  "results": [
    {
      "hit": 39792078,
      "iteration": 0,
      "metrics": [
        {
          "admission_treshold": 0,
          "algorithm": "lru",
          "hit": 36232938,
          "inserted": 52237794,
          "layer": 0,
          "miss_ratio": 0.5904528290779825,
          "reinserted": 36232938,
          "req": 88470732
        },
        {
          "admission_treshold": 1,
          "algorithm": "fifo",
          "hit": 3559140,
          "inserted": 49440969,
          "layer": 1,
          "miss_ratio": 0.9318665715477954,
          "reinserted": 0,
          "req": 52237794
        }
      ],
      "miss_ratio": 0.550223253493596,
      "req": 88470732
    }
  ],
  "trace": "meta_rprn.oracleGeneral.zst"
}