{
  "dram_cache_size": 30656,
  "flash_cache_size": 122625,
  "results": [
    {
      "hit": 28785281,
      "iteration": 0,
      "metrics": [
        {
          "admission_treshold": 0,
          "algorithm": "lru",
          "hit": 26705699,
          "inserted": 18917607,
          "layer": 0,
          "miss_ratio": 0.41464787755626475,
          "reinserted": 26705699,
          "req": 45623306
        },
        {
          "admission_treshold": 4,
          "algorithm": "lru",
          "hit": 2079582,
          "inserted": 2192269,
          "layer": 1,
          "miss_ratio": 0.8900716142374667,
          "reinserted": 2051490,
          "req": 18917607
        }
      ],
      "miss_ratio": 0.369066305716644,
      "req": 45623306
    }
  ],
  "trace": "meta_reag.oracleGeneral.zst"
}