{
  "dram_cache_size": 613,
  "flash_cache_size": 61312,
  "results": [
    {
      "hit": 24797986,
      "iteration": 0,
      "metrics": [
        {
          "admission_treshold": 2,
          "algorithm": "fifo",
          "hit": 24797986,
          "inserted": 8562783,
          "layer": 0,
          "miss_ratio": 0.4564623177461099,
          "reinserted": 0,
          "req": 45623306
        }
      ],
      "miss_ratio": 0.4564623177461099,
      "req": 45623306
    }
  ],
  "trace": "meta_reag.oracleGeneral.zst"
}