{
  "dram_cache_size": 29030,
  "flash_cache_size": 290302,
  "results": [
    {
      "hit": 41824715,
      "iteration": 0,
      "metrics": [
        {
<<<<<<< HEAD
          "admission_treshold": 1,
=======
          "admission_treshold": 0,
>>>>>>> 160be2d8 (New results)
          "algorithm": "lru",
          "hit": 35757505,
          "inserted": 52713227,
          "layer": 0,
          "miss_ratio": 0.5958267305847542,
          "reinserted": 35757505,
          "req": 88470732
        },
        {
          "admission_treshold": 1,
          "algorithm": "lru",
          "hit": 6067210,
          "inserted": 46878193,
          "layer": 1,
          "miss_ratio": 0.8849015637005111,
          "reinserted": 5806004,
          "req": 52713227
        }
      ],
      "miss_ratio": 0.5272480055890122,
      "req": 88470732
    }
  ],
  "trace": "meta_rprn.oracleGeneral.zst"
}