{
  "dram_cache_size": 613,
  "flash_cache_size": 61312,
  "results": [
    {
      "hit": 21321046,
      "iteration": 0,
      "metrics": [
        {
          "admission_treshold": 16,
          "algorithm": "fifo",
          "hit": 21321046,
          "inserted": 219487,
          "layer": 0,
          "miss_ratio": 0.5326720514291534,
          "reinserted": 0,
          "req": 45623306
        }
      ],
      "miss_ratio": 0.5326720514291534,
      "req": 45623306
    }
  ],
  "trace": "meta_reag.oracleGeneral.zst"
}