{
  "dram_cache_size": 306563,
  "flash_cache_size": 3065634,
  "results": [
    {
      "hit": 32189526,
      "iteration": 0,
      "metrics": [
        {
          "admission_treshold": 0,
          "algorithm": "lru",
          "hit": 29127905,
          "inserted": 16495401,
          "layer": 0,
          "miss_ratio": 0.36155645976203477,
          "reinserted": 29127905,
          "req": 45623306
        },
        {
          "admission_treshold": 1,
          "algorithm": "lru",
          "hit": 3061621,
          "inserted": 13310521,
          "layer": 1,
          "miss_ratio": 0.81439547907929,
          "reinserted": 2878317,
          "req": 16495401
        }
      ],
      "miss_ratio": 0.2944499462621144,
      "req": 45623306
    }
  ],
  "trace": "meta_reag.oracleGeneral.zst"
}