{
  "dram_cache_size": 72575,
  "flash_cache_size": 290302,
  "results": [
    {
      "hit": 42183009,
      "iteration": 0,
      "metrics": [
        {
<<<<<<< HEAD
          "admission_treshold": 1,
=======
          "admission_treshold": 0,
>>>>>>> 160be2d8 (New results)
          "algorithm": "lru",
          "hit": 37846132,
          "inserted": 50624600,
          "layer": 0,
          "miss_ratio": 0.5722186180170861,
          "reinserted": 37846132,
          "req": 88470732
        },
        {
          "admission_treshold": 1,
          "algorithm": "lru",
          "hit": 4336877,
          "inserted": 46923846,
          "layer": 1,
          "miss_ratio": 0.9143326169490722,
          "reinserted": 3628179,
          "req": 50624600
        }
      ],
      "miss_ratio": 0.5231981464785439,
      "req": 88470732
    }
  ],
  "trace": "meta_rprn.oracleGeneral.zst"
}