{
  "dram_cache_size": 7257570,
  "flash_cache_size": 14515141,
  "results": [
    {
      "hit": 59038059,
      "iteration": 0,
      "metrics": [
        {
<<<<<<< HEAD
          "admission_treshold": 1,
=======
          "admission_treshold": 0,
>>>>>>> 160be2d8 (New results)
          "algorithm": "lru",
          "hit": 54402199,
          "inserted": 34068533,
          "layer": 0,
          "miss_ratio": 0.38508252650153274,
          "reinserted": 54402199,
          "req": 88470732
        },
        {
          "admission_treshold": 1,
          "algorithm": "offline-clock",
          "hit": 4635860,
          "inserted": 24649418,
          "layer": 1,
          "miss_ratio": 0.863925458721689,
          "reinserted": 1482810,
          "req": 34068533
        }
      ],
      "miss_ratio": 0.33268259835354363,
      "req": 88470732
    },
    {
      "hit": 59038059,
      "iteration": 1,
      "metrics": [
        {
<<<<<<< HEAD
          "admission_treshold": 1,
=======
          "admission_treshold": 0,
>>>>>>> 160be2d8 (New results)
          "algorithm": "lru",
          "hit": 54402199,
          "inserted": 34068533,
          "layer": 0,
          "miss_ratio": 0.38508252650153274,
          "reinserted": 54402199,
          "req": 88470732
        },
        {
          "admission_treshold": 1,
          "algorithm": "offline-clock",
          "hit": 4635860,
          "inserted": 24649418,
          "layer": 1,
          "miss_ratio": 0.863925458721689,
          "reinserted": 1482810,
          "req": 34068533
        }
      ],
      "miss_ratio": 0.33268259835354363,
      "req": 88470732
    }
  ],
  "trace": "meta_rprn.oracleGeneral.zst"
}