{
  "dram_cache_size": 3504,
  "flash_cache_size": 350402,
  "results": [
    {
      "hit": 38867146,
      "iteration": 0,
      "metrics": [
        {
          "admission_treshold": 0,
          "algorithm": "offline-clock",
          "hit": 38867146,
          "inserted": 57813522,
          "layer": 0,
          "miss_ratio": 0.5979843043699284,
          "reinserted": 12174665,
          "req": 96680668
        }
      ],
      "miss_ratio": 0.5979843043699284,
      "req": 96680668
    },
    {
      "hit": 39148950,
      "iteration": 1,
      "metrics": [
        {
          "admission_treshold": 0,
          "algorithm": "offline-clock",
          "hit": 39148950,
          "inserted": 57531718,
          "layer": 0,
          "miss_ratio": 0.5950695127592622,
          "reinserted": 1897932,
          "req": 96680668
        }
      ],
      "miss_ratio": 0.5950695127592622,
      "req": 96680668
    }
  ],
  "trace": "meta_rnha.oracleGeneral.zst"
}