{
  "cache_size": 122625,
  "results": [
    {
      "hit": 26652696,
      "iteration": 0,
      "metrics": [
        {
          "admission_treshold": 16,
          "algorithm": "lru",
          "hit": 23784522,
          "inserted": 21838784,
          "layer": 0,
          "miss_ratio": 0.4786760521037209,
          "reinserted": 23784522,
          "req": 45623306
        },
        {
          "admission_treshold": 16,
          "algorithm": "fifo",
          "hit": 2868174,
          "inserted": 158701,
          "layer": 1,
          "miss_ratio": 0.8686660392813079,
          "reinserted": 0,
          "req": 21838784
        }
      ],
      "miss_ratio": 0.41580963027975215,
      "req": 45623306
    }
  ],
  "trace": "meta_reag.oracleGeneral.zst"
}