{
  "cache_size": 2903028,
  "results": [
    {
      "hit": 49575734,
      "iteration": 0,
      "metrics": [
        {
          "admission_treshold": 0,
          "algorithm": "lru",
          "hit": 35757505,
          "inserted": 52713227,
          "layer": 0,
          "miss_ratio": 0.5958267305847542,
          "reinserted": 35757505,
          "req": 88470732
        },
        {
          "admission_treshold": 0,
          "algorithm": "lru",
          "hit": 13818229,
          "inserted": 38905426,
          "layer": 1,
          "miss_ratio": 0.7378603097093639,
          "reinserted": 13778771,
          "req": 52713227
        }
      ],
      "miss_ratio": 0.43963689596238453,
      "req": 88470732
    }
  ],
  "trace": "meta_rprn.oracleGeneral.zst"
}