{
  "cache_size": 183153696178176,
  "results": [
    {
      "hit": 54835990,
      "iteration": 0,
      "metrics": [
        {
          "admission_treshold": 1,
          "algorithm": "lru",
          "hit": 38490676,
          "inserted": 49980056,
          "layer": 0,
          "miss_ratio": 0.5649332256005297,
          "reinserted": 38490676,
          "req": 88470732
        },
        {
          "admission_treshold": 1,
          "algorithm": "lru",
          "hit": 16345314,
          "inserted": 33636308,
          "layer": 1,
          "miss_ratio": 0.6729632715897718,
          "reinserted": 16286656,
          "req": 49980056
        }
      ],
      "miss_ratio": 0.38017931172989505,
      "req": 88470732
    }
  ],
  "trace": "meta_rprn.oracleGeneral.zst"
}