{
  "dram_cache_size": 876007,
  "flash_cache_size": 17520140,
  "results": [
    {
      "hit": 60172291,
      "iteration": 0,
      "metrics": [
        {
          "admission_treshold": 0,
          "algorithm": "lru",
          "hit": 42241324,
          "inserted": 54439344,
          "layer": 0,
          "miss_ratio": 0.563084069712882,
          "reinserted": 42241324,
          "req": 96680668
        },
        {
          "admission_treshold": 0,
          "algorithm": "offline-clock",
          "hit": 17930967,
          "inserted": 36112878,
          "layer": 1,
          "miss_ratio": 0.670624851761623,
          "reinserted": 6742702,
          "req": 54439344
        }
      ],
      "miss_ratio": 0.37761817078053284,
      "req": 96680668
    },
    {
      "hit": 60267150,
      "iteration": 1,
      "metrics": [
        {
          "admission_treshold": 0,
          "algorithm": "lru",
          "hit": 42241324,
          "inserted": 54439344,
          "layer": 0,
          "miss_ratio": 0.563084069712882,
          "reinserted": 42241324,
          "req": 96680668
        },
        {
          "admission_treshold": 0,
          "algorithm": "offline-clock",
          "hit": 18025826,
          "inserted": 35995754,
          "layer": 1,
          "miss_ratio": 0.668882380360792,
          "reinserted": 5718098,
          "req": 54439344
        }
      ],
      "miss_ratio": 0.3766370128927946,
      "req": 96680668
    }
  ],
  "trace": "meta_rnha.oracleGeneral.zst"
}