{
  "dram_cache_size": 12262,
  "flash_cache_size": 1226253,
  "results": [
    {
      "hit": 27987853,
      "iteration": 0,
      "metrics": [
        {
          "admission_treshold": 2,
          "algorithm": "offline-clock",
          "hit": 27987853,
          "inserted": 5372916,
          "layer": 0,
          "miss_ratio": 0.3865448286452543,
          "reinserted": 2116249,
          "req": 45623306
        }
      ],
      "miss_ratio": 0.3865448286452543,
      "req": 45623306
    },
    {
      "hit": 28065644,
      "iteration": 1,
      "metrics": [
        {
          "admission_treshold": 2,
          "algorithm": "offline-clock",
          "hit": 28065644,
          "inserted": 5295125,
          "layer": 0,
          "miss_ratio": 0.3848397571188725,
          "reinserted": 858069,
          "req": 45623306
        }
      ],
      "miss_ratio": 0.3848397571188725,
      "req": 45623306
    }
  ],
  "trace": "meta_reag.oracleGeneral.zst"
}