{
  "dram_cache_size": 29030,
  "flash_cache_size": 290302,
  "results": [
    {
      "hit": 40602289,
      "iteration": 0,
      "metrics": [
        {
<<<<<<< HEAD
          "admission_treshold": 16,
=======
          "admission_treshold": 0,
>>>>>>> 160be2d8 (New results)
          "algorithm": "lru",
          "hit": 35757505,
          "inserted": 52713227,
          "layer": 0,
          "miss_ratio": 0.5958267305847542,
          "reinserted": 35757505,
          "req": 88470732
        },
        {
          "admission_treshold": 16,
          "algorithm": "fifo",
          "hit": 4844784,
          "inserted": 425226,
          "layer": 1,
          "miss_ratio": 0.908091682567641,
          "reinserted": 0,
          "req": 52713227
        }
      ],
      "miss_ratio": 0.541065298295486,
      "req": 88470732
    }
  ],
  "trace": "meta_rprn.oracleGeneral.zst"
}