{
  "cache_size": 17520140,
  "results": [
    {
      "hit": 58041201,
      "iteration": 0,
      "metrics": [
        {
          "admission_treshold": 1,
          "algorithm": "lru",
          "hit": 36237620,
          "inserted": 60443048,
          "layer": 0,
          "miss_ratio": 0.6251823580697642,
          "reinserted": 36237620,
          "req": 96680668
        },
        {
          "admission_treshold": 1,
          "algorithm": "fifo",
          "hit": 21803581,
          "inserted": 38618075,
          "layer": 1,
          "miss_ratio": 0.6392706569000293,
          "reinserted": 0,
          "req": 60443048
        }
      ],
      "miss_ratio": 0.39966073672556757,
      "req": 96680668
    }
  ],
  "trace": "meta_rnha.oracleGeneral.zst"
}