{
  "dram_cache_size": 1752014,
  "flash_cache_size": 3504028,
  "results": [
    {
      "hit": 46286050,
      "iteration": 0,
      "metrics": [
        {
          "admission_treshold": 0,
          "algorithm": "lru",
          "hit": 45327819,
          "inserted": 51352849,
          "layer": 0,
          "miss_ratio": 0.5311594351003036,
          "reinserted": 45327819,
          "req": 96680668
        },
        {
          "admission_treshold": 16,
          "algorithm": "offline-clock",
          "hit": 958231,
          "inserted": 499737,
          "layer": 1,
          "miss_ratio": 0.9813402563117773,
          "reinserted": 0,
          "req": 51352849
        }
      ],
      "miss_ratio": 0.5212481361837509,
      "req": 96680668
    },
    {
      "hit": 46286050,
      "iteration": 1,
      "metrics": [
        {
          "admission_treshold": 0,
          "algorithm": "lru",
          "hit": 45327819,
          "inserted": 51352849,
          "layer": 0,
          "miss_ratio": 0.5311594351003036,
          "reinserted": 45327819,
          "req": 96680668
        },
        {
          "admission_treshold": 16,
          "algorithm": "offline-clock",
          "hit": 958231,
          "inserted": 499737,
          "layer": 1,
          "miss_ratio": 0.9813402563117773,
          "reinserted": 0,
          "req": 51352849
        }
      ],
      "miss_ratio": 0.5212481361837509,
      "req": 96680668
    }
  ],
  "trace": "meta_rnha.oracleGeneral.zst"
}