{
  "dram_cache_size": 2903,
  "flash_cache_size": 290302,
  "results": [
    {
      "hit": 34765095,
      "iteration": 0,
      "metrics": [
        {
          "admission_treshold": 4,
          "algorithm": "offline-clock",
          "hit": 34765095,
          "inserted": 8276931,
          "layer": 0,
          "miss_ratio": 0.6070441126224659,
          "reinserted": 4324324,
          "req": 88470732
        }
      ],
      "miss_ratio": 0.6070441126224659,
      "req": 88470732
    },
    {
      "hit": 35019068,
      "iteration": 1,
      "metrics": [
        {
          "admission_treshold": 4,
          "algorithm": "offline-clock",
          "hit": 35019068,
          "inserted": 8022958,
          "layer": 0,
          "miss_ratio": 0.6041734118352271,
          "reinserted": 1296591,
          "req": 88470732
        }
      ],
      "miss_ratio": 0.6041734118352271,
      "req": 88470732
    }
  ],
  "trace": "meta_rprn.oracleGeneral.zst"
}