{
  "dram_cache_size": 1752,
  "flash_cache_size": 175201,
  "results": [
    {
      "hit": 21801263,
      "iteration": 0,
      "metrics": [
        {
          "admission_treshold": 16,
          "algorithm": "fifo",
          "hit": 21801263,
          "inserted": 1107225,
          "layer": 0,
          "miss_ratio": 0.7745023544934546,
          "reinserted": 0,
          "req": 96680668
        }
      ],
      "miss_ratio": 0.7745023544934546,
      "req": 96680668
    }
  ],
  "trace": "meta_rnha.oracleGeneral.zst"
}