{
  "dram_cache_size": 1752014,
  "flash_cache_size": 3504028,
  "results": [
    {
      "hit": 52062441,
      "iteration": 0,
      "metrics": [
        {
          "admission_treshold": 0,
          "algorithm": "lru",
          "hit": 45327819,
          "inserted": 51352849,
          "layer": 0,
          "miss_ratio": 0.5311594351003036,
          "reinserted": 45327819,
          "req": 96680668
        },
        {
          "admission_treshold": 2,
          "algorithm": "fifo",
          "hit": 6734622,
          "inserted": 18166322,
          "layer": 1,
          "miss_ratio": 0.8688559226772403,
          "reinserted": 0,
          "req": 51352849
        }
      ],
      "miss_ratio": 0.4615010210727961,
      "req": 96680668
    }
  ],
  "trace": "meta_rnha.oracleGeneral.zst"
}