{
  "dram_cache_size": 43800,
  "flash_cache_size": 175201,
  "results": [
    {
      "hit": 35562821,
      "iteration": 0,
      "metrics": [
        {
          "admission_treshold": 0,
          "algorithm": "lru",
          "hit": 32473769,
          "inserted": 64206899,
          "layer": 0,
          "miss_ratio": 0.6641131089412828,
          "reinserted": 32473769,
          "req": 96680668
        },
        {
          "admission_treshold": 32,
          "algorithm": "lru",
          "hit": 3089052,
          "inserted": 186894,
          "layer": 1,
          "miss_ratio": 0.9518890952824244,
          "reinserted": 3084808,
          "req": 64206899
        }
      ],
      "miss_ratio": 0.6321620264353158,
      "req": 96680668
    }
  ],
  "trace": "meta_rnha.oracleGeneral.zst"
}