{
  "dram_cache_size": 725757,
  "flash_cache_size": 2903028,
  "results": [
    {
      "hit": 50422622,
      "iteration": 0,
      "metrics": [
        {
          "admission_treshold": 0,
          "algorithm": "lru",
          "hit": 44392109,
          "inserted": 44078623,
          "layer": 0,
          "miss_ratio": 0.49822830673538454,
          "reinserted": 44392109,
          "req": 88470732
        },
        {
          "admission_treshold": 1,
          "algorithm": "lru",
          "hit": 6030513,
          "inserted": 38408501,
          "layer": 1,
          "miss_ratio": 0.863187355013336,
          "reinserted": 4944365,
          "req": 44078623
        }
      ],
      "miss_ratio": 0.4300643742836897,
      "req": 88470732
    }
  ],
  "trace": "meta_rprn.oracleGeneral.zst"
}