{
  "cache_size": 73261480148992,
  "results": [
    {
      "hit": 43429855,
      "iteration": 0,
      "metrics": [
        {
          "admission_treshold": 8,
          "algorithm": "lru",
          "hit": 36338402,
          "inserted": 52132330,
          "layer": 0,
          "miss_ratio": 0.589260751227875,
          "reinserted": 36338402,
          "req": 88470732
        },
        {
          "admission_treshold": 8,
          "algorithm": "lru",
          "hit": 7091453,
          "inserted": 1254407,
          "layer": 1,
          "miss_ratio": 0.8639720687719118,
          "reinserted": 7085710,
          "req": 52132330
        }
      ],
      "miss_ratio": 0.5091048302844381,
      "req": 88470732
    }
  ],
  "trace": "meta_rprn.oracleGeneral.zst"
}