{
  "dram_cache_size": 17520,
  "flash_cache_size": 175201,
  "results": [
    {
      "hit": 36961198,
      "iteration": 0,
      "metrics": [
        {
<<<<<<< HEAD
          "admission_treshold": 2,
=======
          "admission_treshold": 0,
>>>>>>> 160be2d8 (New results)
          "algorithm": "lru",
          "hit": 30658049,
          "inserted": 66022619,
          "layer": 0,
          "miss_ratio": 0.6828936990795306,
          "reinserted": 30658049,
          "req": 96680668
        },
        {
          "admission_treshold": 2,
          "algorithm": "lru",
          "hit": 6303149,
          "inserted": 30366686,
          "layer": 1,
          "miss_ratio": 0.9045304609924668,
          "reinserted": 6152459,
          "req": 66022619
        }
      ],
      "miss_ratio": 0.6176981524372587,
      "req": 96680668
    }
  ],
  "trace": "meta_rnha.oracleGeneral.zst"
}