{
  "dram_cache_size": 175201,
  "flash_cache_size": 17520140,
  "results": [
    {
      "hit": 57956711,
      "iteration": 0,
      "metrics": [
        {
          "admission_treshold": 0,
          "algorithm": "fifo",
          "hit": 57956711,
          "inserted": 38723957,
          "layer": 0,
          "miss_ratio": 0.40053464463029986,
          "reinserted": 0,
          "req": 96680668
        }
      ],
      "miss_ratio": 0.40053464463029986,
      "req": 96680668
    }
  ],
  "trace": "meta_rnha.oracleGeneral.zst"
}