{
  "dram_cache_size": 6131,
  "flash_cache_size": 122625,
  "results": [
    {
      "hit": 27891099,
      "iteration": 0,
      "metrics": [
        {
          "admission_treshold": 0,
          "algorithm": "lru",
          "hit": 25101441,
          "inserted": 20521865,
          "layer": 0,
          "miss_ratio": 0.4498110022978168,
          "reinserted": 25101441,
          "req": 45623306
        },
        {
          "admission_treshold": 8,
          "algorithm": "lru",
          "hit": 2789658,
          "inserted": 576939,
          "layer": 1,
          "miss_ratio": 0.8640641091830592,
          "reinserted": 2787730,
          "req": 20521865
        }
      ],
      "miss_ratio": 0.38866554300120204,
      "req": 45623306
    }
  ],
  "trace": "meta_reag.oracleGeneral.zst"
}