{
  "dram_cache_size": 72575,
  "flash_cache_size": 290302,
  "results": [
    {
      "hit": 43076063,
      "iteration": 0,
      "metrics": [
        {
          "admission_treshold": 0,
          "algorithm": "lru",
          "hit": 37846132,
          "inserted": 50624600,
          "layer": 0,
          "miss_ratio": 0.5722186180170861,
          "reinserted": 37846132,
          "req": 88470732
        },
        {
          "admission_treshold": 4,
          "algorithm": "fifo",
          "hit": 5229931,
          "inserted": 8833948,
          "layer": 1,
          "miss_ratio": 0.8966919047261608,
          "reinserted": 0,
          "req": 50624600
        }
      ],
      "miss_ratio": 0.5131038025095125,
      "req": 88470732
    }
  ],
  "trace": "meta_rprn.oracleGeneral.zst"
}