{
  "dram_cache_size": 72575,
  "flash_cache_size": 290302,
  "results": [
    {
      "hit": 43256921,
      "iteration": 0,
      "metrics": [
        {
          "admission_treshold": 0,
          "algorithm": "lru",
          "hit": 37846132,
          "inserted": 50624600,
          "layer": 0,
          "miss_ratio": 0.5722186180170861,
          "reinserted": 37846132,
          "req": 88470732
        },
        {
          "admission_treshold": 2,
          "algorithm": "offline-clock",
          "hit": 5410789,
          "inserted": 21289498,
          "layer": 1,
          "miss_ratio": 0.8931193727950443,
          "reinserted": 3534333,
          "req": 50624600
        }
      ],
      "miss_ratio": 0.511059533225067,
      "req": 88470732
    },
    {
      "hit": 43292751,
      "iteration": 1,
      "metrics": [
        {
          "admission_treshold": 0,
          "algorithm": "lru",
          "hit": 37846132,
          "inserted": 50624600,
          "layer": 0,
          "miss_ratio": 0.5722186180170861,
          "reinserted": 37846132,
          "req": 88470732
        },
        {
          "admission_treshold": 2,
          "algorithm": "offline-clock",
          "hit": 5446619,
          "inserted": 21248370,
          "layer": 1,
          "miss_ratio": 0.8924116141164572,
          "reinserted": 1355948,
          "req": 50624600
        }
      ],
      "miss_ratio": 0.5106545405321163,
      "req": 88470732
    }
  ],
  "trace": "meta_rprn.oracleGeneral.zst"
}