{
  "cache_size": 905876013056,
  "results": [
    {
      "hit": 27526512,
      "iteration": 0,
      "metrics": [
        {
          "admission_treshold": 1,
          "algorithm": "lru",
          "hit": 23177825,
          "inserted": 22445481,
          "layer": 0,
          "miss_ratio": 0.4919740143338144,
          "reinserted": 23177825,
          "req": 45623306
        },
        {
          "admission_treshold": 1,
          "algorithm": "offline-clock",
          "hit": 4348687,
          "inserted": 18101293,
          "layer": 1,
          "miss_ratio": 0.8062555665436619,
          "reinserted": 2113693,
          "req": 22445481
        }
      ],
      "miss_ratio": 0.39665678765146917,
      "req": 45623306
    },
    {
      "hit": 27569942,
      "iteration": 1,
      "metrics": [
        {
          "admission_treshold": 1,
          "algorithm": "lru",
          "hit": 23177825,
          "inserted": 22445481,
          "layer": 0,
          "miss_ratio": 0.4919740143338144,
          "reinserted": 23177825,
          "req": 45623306
        },
        {
          "admission_treshold": 1,
          "algorithm": "offline-clock",
          "hit": 4392117,
          "inserted": 18057668,
          "layer": 1,
          "miss_ratio": 0.8043206559039657,
          "reinserted": 618962,
          "req": 22445481
        }
      ],
      "miss_ratio": 0.39570486189668064,
      "req": 45623306
    }
  ],
  "trace": "meta_reag.oracleGeneral.zst"
}