{
  "dram_cache_size": 1451514,
  "flash_cache_size": 2903028,
  "results": [
    {
      "hit": 47016367,
      "iteration": 0,
      "metrics": [
        {
          "admission_treshold": 0,
          "algorithm": "lru",
          "hit": 46790691,
          "inserted": 41680041,
          "layer": 0,
          "miss_ratio": 0.4711167191427782,
          "reinserted": 46790691,
          "req": 88470732
        },
        {
          "admission_treshold": 32,
          "algorithm": "offline-clock",
          "hit": 225676,
          "inserted": 128944,
          "layer": 1,
          "miss_ratio": 0.994585513963386,
          "reinserted": 0,
          "req": 41680041
        }
      ],
      "miss_ratio": 0.46856586424536417,
      "req": 88470732
    },
    {
      "hit": 47016367,
      "iteration": 1,
      "metrics": [
        {
          "admission_treshold": 0,
          "algorithm": "lru",
          "hit": 46790691,
          "inserted": 41680041,
          "layer": 0,
          "miss_ratio": 0.4711167191427782,
          "reinserted": 46790691,
          "req": 88470732
        },
        {
          "admission_treshold": 32,
          "algorithm": "offline-clock",
          "hit": 225676,
          "inserted": 128944,
          "layer": 1,
          "miss_ratio": 0.994585513963386,
          "reinserted": 0,
          "req": 41680041
        }
      ],
      "miss_ratio": 0.46856586424536417,
      "req": 88470732
    }
  ],
  "trace": "meta_rprn.oracleGeneral.zst"
}