{
  "dram_cache_size": 438003,
  "flash_cache_size": 8760070,
  "results": [
    {
      "hit": 40658430,
      "iteration": 0,
      "metrics": [
        {
<<<<<<< HEAD
          "admission_treshold": 32,
=======
          "admission_treshold": 0,
>>>>>>> 160be2d8 (New results)
          "algorithm": "lru",
          "hit": 39518211,
          "inserted": 57162457,
          "layer": 0,
          "miss_ratio": 0.5912501245854032,
          "reinserted": 39518211,
          "req": 96680668
        },
        {
          "admission_treshold": 32,
          "algorithm": "fifo",
          "hit": 1140219,
          "inserted": 184228,
          "layer": 1,
          "miss_ratio": 0.9800530092679536,
          "reinserted": 0,
          "req": 57162457
        }
      ],
      "miss_ratio": 0.5794564638299768,
      "req": 96680668
    }
  ],
  "trace": "meta_rnha.oracleGeneral.zst"
}