{
  "dram_cache_size": 290302,
  "flash_cache_size": 2903028,
  "results": [
    {
      "hit": 49142035,
      "iteration": 0,
      "metrics": [
        {
          "admission_treshold": 4,
          "algorithm": "lru",
          "hit": 41580031,
          "inserted": 46890701,
          "layer": 0,
          "miss_ratio": 0.5300137112011236,
          "reinserted": 41580031,
          "req": 88470732
        },
        {
          "admission_treshold": 4,
          "algorithm": "lru",
          "hit": 7562004,
          "inserted": 3653313,
          "layer": 1,
          "miss_ratio": 0.8387312657151361,
          "reinserted": 7479871,
          "req": 46890701
        }
      ],
      "miss_ratio": 0.444539070842095,
      "req": 88470732
    }
  ],
  "trace": "meta_rprn.oracleGeneral.zst"
}