{
  "dram_cache_size": 29030,
  "flash_cache_size": 2903028,
  "results": [
    {
      "hit": 49544252,
      "iteration": 0,
      "metrics": [
        {
          "admission_treshold": 1,
          "algorithm": "lru",
          "hit": 49544252,
          "inserted": 38926480,
          "layer": 0,
          "miss_ratio": 0.439992742458602,
          "reinserted": 49544252,
          "req": 88470732
        }
      ],
      "miss_ratio": 0.439992742458602,
      "req": 88470732
    }
  ],
  "trace": "meta_rprn.oracleGeneral.zst"
}