{
  "dram_cache_size": 35040,
  "flash_cache_size": 3504028,
  "results": [
    {
      "hit": 37561818,
      "iteration": 0,
      "metrics": [
        {
          "admission_treshold": 4,
          "algorithm": "lru",
          "hit": 37561818,
          "inserted": 4095740,
          "layer": 0,
          "miss_ratio": 0.6114857419065413,
          "reinserted": 37561818,
          "req": 96680668
        }
      ],
      "miss_ratio": 0.6114857419065413,
      "req": 96680668
    }
  ],
  "trace": "meta_rnha.oracleGeneral.zst"
}