{
  "dram_cache_size": 15350502,
  "flash_cache_size": 61402008,
  "results": [
    {
      "hit": 55596827,
      "iteration": 0,
      "metrics": [
        {
          "admission_treshold": 0,
          "algorithm": "lru",
          "hit": 37265300,
          "inserted": 178530957,
          "layer": 0,
          "miss_ratio": 0.8273125747496167,
          "reinserted": 37265300,
          "req": 215796257
        },
        {
          "admission_treshold": 1,
          "algorithm": "lru",
          "hit": 18331527,
          "inserted": 148331804,
          "layer": 1,
          "miss_ratio": 0.8973201773628536,
          "reinserted": 14848651,
          "req": 178530957
        }
      ],
      "miss_ratio": 0.7423642663088452,
      "req": 215796257
    }
  ],
  "trace": "w01.oracleGeneral.bin.zst"
}