{
  "cache_size": 6859525120,
  "results": [
    {
      "hit": 35693565,
      "iteration": 0,
      "metrics": [
        {
          "admission_treshold": 1,
          "algorithm": "lru",
          "hit": 17043892,
          "inserted": 198752365,
          "layer": 0,
          "miss_ratio": 0.9210185930147992,
          "reinserted": 17043892,
          "req": 215796257
        },
        {
          "admission_treshold": 1,
          "algorithm": "offline-clock",
          "hit": 18649673,
          "inserted": 180095979,
          "layer": 1,
          "miss_ratio": 0.9061662838578046,
          "reinserted": 9232515,
          "req": 198752365
        }
      ],
      "miss_ratio": 0.8345959957961644,
      "req": 215796257
    },
    {
      "hit": 35758056,
      "iteration": 1,
      "metrics": [
        {
          "admission_treshold": 1,
          "algorithm": "lru",
          "hit": 17043892,
          "inserted": 198752365,
          "layer": 0,
          "miss_ratio": 0.9210185930147992,
          "reinserted": 17043892,
          "req": 215796257
        },
        {
          "admission_treshold": 1,
          "algorithm": "offline-clock",
          "hit": 18714164,
          "inserted": 180027032,
          "layer": 1,
          "miss_ratio": 0.9058418047000346,
          "reinserted": 261477,
          "req": 198752365
        }
      ],
      "miss_ratio": 0.8342971444588123,
      "req": 215796257
    }
  ],
  "trace": "w01.oracleGeneral.bin.zst"
}