{
  "dram_cache_size": 61402,
  "flash_cache_size": 614020,
  "results": [
    {
      "hit": 33603916,
      "iteration": 0,
      "metrics": [
        {
          "admission_treshold": 0,
          "algorithm": "lru",
          "hit": 28818548,
          "inserted": 186977709,
          "layer": 0,
          "miss_ratio": 0.8664548291956704,
          "reinserted": 28818548,
          "req": 215796257
        },
        {
          "admission_treshold": 2,
          "algorithm": "lru",
          "hit": 4785368,
          "inserted": 65105028,
          "layer": 1,
          "miss_ratio": 0.9744067459934489,
          "reinserted": 4773743,
          "req": 186977709
        }
      ],
      "miss_ratio": 0.8442794306668628,
      "req": 215796257
    }
  ],
  "trace": "w01.oracleGeneral.bin.zst"
}