{
  "cache_size": 6859525120,
  "results": [
    {
      "hit": 35696634,
      "iteration": 0,
      "metrics": [
        {
          "admission_treshold": 1,
          "algorithm": "lru",
          "hit": 17043892,
          "inserted": 198752365,
          "layer": 0,
          "miss_ratio": 0.9210185930147992,
          "reinserted": 17043892,
          "req": 215796257
        },
        {
          "admission_treshold": 1,
          "algorithm": "lru",
          "hit": 18652742,
          "inserted": 180087629,
          "layer": 1,
          "miss_ratio": 0.9061508425321128,
          "reinserted": 18649351,
          "req": 198752365
        }
      ],
      "miss_ratio": 0.8345817740481013,
      "req": 215796257
    }
  ],
  "trace": "w01.oracleGeneral.bin.zst"
}