{
  "dram_cache_size": 6140201,
  "flash_cache_size": 12280402,
  "results": [
    {
      "hit": 36486649,
      "iteration": 0,
      "metrics": [
        {
          "admission_treshold": 0,
          "algorithm": "lru",
          "hit": 36440726,
          "inserted": 179355531,
          "layer": 0,
          "miss_ratio": 0.8311336512199097,
          "reinserted": 36440726,
          "req": 215796257
        },
        {
          "admission_treshold": 16,
          "algorithm": "lru",
          "hit": 45923,
          "inserted": 568492,
          "layer": 1,
          "miss_ratio": 0.9997439554847071,
          "reinserted": 33957,
          "req": 179355531
        }
      ],
      "miss_ratio": 0.8309208440070395,
      "req": 215796257
    }
  ],
  "trace": "w01.oracleGeneral.bin.zst"
}