{
  "cache_size": 30701004,
  "results": [
    {
      "hit": 34669824,
      "iteration": 0,
      "metrics": [
        {
          "admission_treshold": 16,
          "algorithm": "lru",
          "hit": 34503651,
          "inserted": 181292606,
          "layer": 0,
          "miss_ratio": 0.8401100580720453,
          "reinserted": 34503651,
          "req": 215796257
        },
        {
          "admission_treshold": 16,
          "algorithm": "fifo",
          "hit": 166173,
          "inserted": 573135,
          "layer": 1,
          "miss_ratio": 0.9990833989114812,
          "reinserted": 0,
          "req": 181292606
        }
      ],
      "miss_ratio": 0.8393400122783409,
      "req": 215796257
    }
  ],
  "trace": "w01.oracleGeneral.bin.zst"
}