{
  "cache_size": 12280402,
  "results": [
    {
      "hit": 36789097,
      "iteration": 0,
      "metrics": [
        {
          "admission_treshold": 1,
          "algorithm": "lru",
          "hit": 32587178,
          "inserted": 183209079,
          "layer": 0,
          "miss_ratio": 0.8489909952423318,
          "reinserted": 32587178,
          "req": 215796257
        },
        {
          "admission_treshold": 1,
          "algorithm": "lru",
          "hit": 4201919,
          "inserted": 178890456,
          "layer": 1,
          "miss_ratio": 0.9770648975316338,
          "reinserted": 4195819,
          "req": 183209079
        }
      ],
      "miss_ratio": 0.8295192997717287,
      "req": 215796257
    }
  ],
  "trace": "w01.oracleGeneral.bin.zst"
}