{
  "dram_cache_size": 7675251,
  "flash_cache_size": 30701004,
  "results": [
    {
      "hit": 45490675,
      "iteration": 0,
      "metrics": [
        {
          "admission_treshold": 0,
          "algorithm": "lru",
          "hit": 36553579,
          "inserted": 179242678,
          "layer": 0,
          "miss_ratio": 0.8306106903420479,
          "reinserted": 36553579,
          "req": 215796257
        },
        {
          "admission_treshold": 1,
          "algorithm": "lru",
          "hit": 8937096,
          "inserted": 165757133,
          "layer": 1,
          "miss_ratio": 0.950139687156426,
          "reinserted": 5810294,
          "req": 179242678
        }
      ],
      "miss_ratio": 0.7891961814703765,
      "req": 215796257
    }
  ],
  "trace": "w01.oracleGeneral.bin.zst"
}