{
  "dram_cache_size": 122804,
  "flash_cache_size": 1228040,
  "results": [
    {
      "hit": 34820320,
      "iteration": 0,
      "metrics": [
        {
          "admission_treshold": 0,
          "algorithm": "lru",
          "hit": 32587178,
          "inserted": 183209079,
          "layer": 0,
          "miss_ratio": 0.8489909952423318,
          "reinserted": 32587178,
          "req": 215796257
        },
        {
          "admission_treshold": 4,
          "algorithm": "fifo",
          "hit": 2233142,
          "inserted": 5830443,
          "layer": 1,
          "miss_ratio": 0.9878109643245354,
          "reinserted": 0,
          "req": 183209079
        }
      ],
      "miss_ratio": 0.8386426137131748,
      "req": 215796257
    }
  ],
  "trace": "w01.oracleGeneral.bin.zst"
}