{
  "dram_cache_size": 122804,
  "flash_cache_size": 1228040,
  "results": [
    {
      "hit": 34870927,
      "iteration": 0,
      "metrics": [
        {
          "admission_treshold": 0,
          "algorithm": "lru",
          "hit": 32587178,
          "inserted": 183209079,
          "layer": 0,
          "miss_ratio": 0.8489909952423318,
          "reinserted": 32587178,
          "req": 215796257
        },
        {
          "admission_treshold": 4,
          "algorithm": "lru",
          "hit": 2283749,
          "inserted": 5774622,
          "layer": 1,
          "miss_ratio": 0.9875347389307055,
          "reinserted": 2282713,
          "req": 183209079
        }
      ],
      "miss_ratio": 0.8384081008411559,
      "req": 215796257
    }
  ],
  "trace": "w01.oracleGeneral.bin.zst"
}