{
  "dram_cache_size": 15350502,
  "flash_cache_size": 61402008,
  "results": [
    {
      "hit": 37842716,
      "iteration": 0,
      "metrics": [
        {
<<<<<<< HEAD
          "admission_treshold": 4,
=======
          "admission_treshold": 0,
>>>>>>> 160be2d8 (New results)
          "algorithm": "lru",
          "hit": 37265300,
          "inserted": 178530957,
          "layer": 0,
          "miss_ratio": 0.8273125747496167,
          "reinserted": 37265300,
          "req": 215796257
        },
        {
          "admission_treshold": 4,
          "algorithm": "fifo",
          "hit": 577416,
          "inserted": 4791387,
          "layer": 1,
          "miss_ratio": 0.9967657373841333,
          "reinserted": 0,
          "req": 178530957
        }
      ],
      "miss_ratio": 0.8246368286174677,
      "req": 215796257
    }
  ],
  "trace": "w01.oracleGeneral.bin.zst"
}