{
  "dram_cache_size": 307010,
  "flash_cache_size": 1228040,
  "results": [
    {
      "hit": 35411129,
      "iteration": 0,
      "metrics": [
        {
          "admission_treshold": 0,
          "algorithm": "lru",
          "hit": 34503651,
          "inserted": 181292606,
          "layer": 0,
          "miss_ratio": 0.8401100580720453,
          "reinserted": 34503651,
          "req": 215796257
        },
        {
          "admission_treshold": 2,
          "algorithm": "lru",
          "hit": 907478,
          "inserted": 64622780,
          "layer": 1,
          "miss_ratio": 0.9949944014815475,
          "reinserted": 873004,
          "req": 181292606
        }
      ],
      "miss_ratio": 0.8359048044100228,
      "req": 215796257
    }
  ],
  "trace": "w01.oracleGeneral.bin.zst"
}