{
  "cache_size": 61402008,
  "results": [
    {
      "hit": 44034061,
      "iteration": 0,
      "metrics": [
        {
          "admission_treshold": 2,
          "algorithm": "lru",
          "hit": 35058946,
          "inserted": 180737311,
          "layer": 0,
          "miss_ratio": 0.8375368206687663,
          "reinserted": 35058946,
          "req": 215796257
        },
        {
          "admission_treshold": 2,
          "algorithm": "offline-clock",
          "hit": 8975115,
          "inserted": 55894413,
          "layer": 1,
          "miss_ratio": 0.9503416591165286,
          "reinserted": 0,
          "req": 180737311
        }
      ],
      "miss_ratio": 0.7959461317255377,
      "req": 215796257
    },
    {
      "hit": 44034061,
      "iteration": 1,
      "metrics": [
        {
          "admission_treshold": 2,
          "algorithm": "lru",
          "hit": 35058946,
          "inserted": 180737311,
          "layer": 0,
          "miss_ratio": 0.8375368206687663,
          "reinserted": 35058946,
          "req": 215796257
        },
        {
          "admission_treshold": 2,
          "algorithm": "offline-clock",
          "hit": 8975115,
          "inserted": 55894413,
          "layer": 1,
          "miss_ratio": 0.9503416591165286,
          "reinserted": 0,
          "req": 180737311
        }
      ],
      "miss_ratio": 0.7959461317255377,
      "req": 215796257
    }
  ],
  "trace": "w01.oracleGeneral.bin.zst"
}