{
  "dram_cache_size": 61402,
  "flash_cache_size": 614020,
  "results": [
    {
      "hit": 29927863,
      "iteration": 0,
      "metrics": [
        {
<<<<<<< HEAD
          "admission_treshold": 8,
=======
          "admission_treshold": 0,
>>>>>>> 160be2d8 (New results)
          "algorithm": "lru",
          "hit": 28818548,
          "inserted": 186977709,
          "layer": 0,
          "miss_ratio": 0.8664548291956704,
          "reinserted": 28818548,
          "req": 215796257
        },
        {
          "admission_treshold": 8,
          "algorithm": "fifo",
          "hit": 1109315,
          "inserted": 1173947,
          "layer": 1,
          "miss_ratio": 0.9940671270071022,
          "reinserted": 0,
          "req": 186977709
        }
      ],
      "miss_ratio": 0.8613142627399696,
      "req": 215796257
    }
  ],
  "trace": "w01.oracleGeneral.bin.zst"
}