{
  "dram_cache_size": 153505,
  "flash_cache_size": 614020,
  "results": [
    {
      "hit": 35035783,
      "iteration": 0,
      "metrics": [
        {
          "admission_treshold": 0,
          "algorithm": "lru",
          "hit": 33283681,
          "inserted": 182512576,
          "layer": 0,
          "miss_ratio": 0.8457633998721303,
          "reinserted": 33283681,
          "req": 215796257
        },
        {
          "admission_treshold": 4,
          "algorithm": "offline-clock",
          "hit": 1752102,
          "inserted": 5858945,
          "layer": 1,
          "miss_ratio": 0.9904001026208736,
          "reinserted": 1168979,
          "req": 182512576
        }
      ],
      "miss_ratio": 0.8376441580263368,
      "req": 215796257
    },
    {
      "hit": 35047888,
      "iteration": 1,
      "metrics": [
        {
          "admission_treshold": 0,
          "algorithm": "lru",
          "hit": 33283681,
          "inserted": 182512576,
          "layer": 0,
          "miss_ratio": 0.8457633998721303,
          "reinserted": 33283681,
          "req": 215796257
        },
        {
          "admission_treshold": 4,
          "algorithm": "offline-clock",
          "hit": 1764207,
          "inserted": 5846478,
          "layer": 1,
          "miss_ratio": 0.9903337784241235,
          "reinserted": 160349,
          "req": 182512576
        }
      ],
      "miss_ratio": 0.8375880634481997,
      "req": 215796257
    }
  ],
  "trace": "w01.oracleGeneral.bin.zst"
}