{
  "dram_cache_size": 307010,
  "flash_cache_size": 30701004,
  "results": [
    {
      "hit": 45225180,
      "iteration": 0,
      "metrics": [
        {
          "admission_treshold": 1,
          "algorithm": "fifo",
          "hit": 45225180,
          "inserted": 170571077,
          "layer": 0,
          "miss_ratio": 0.7904264854788469,
          "reinserted": 0,
          "req": 215796257
        }
      ],
      "miss_ratio": 0.7904264854788469,
      "req": 215796257
    }
  ],
  "trace": "w01.oracleGeneral.bin.zst"
}