{
  "dram_cache_size": 122804,
  "flash_cache_size": 12280402,
  "results": [
    {
      "hit": 36783473,
      "iteration": 0,
      "metrics": [
        {
          "admission_treshold": 0,
          "algorithm": "lru",
          "hit": 36783473,
          "inserted": 179012784,
          "layer": 0,
          "miss_ratio": 0.8295453613915093,
          "reinserted": 36783473,
          "req": 215796257
        }
      ],
      "miss_ratio": 0.8295453613915093,
      "req": 215796257
    }
  ],
  "trace": "w01.oracleGeneral.bin.zst"
}