{
  "cache_size": 30701004,
  "results": [
    {
      "hit": 42610897,
      "iteration": 0,
      "metrics": [
        {
          "admission_treshold": 1,
          "algorithm": "lru",
          "hit": 34503651,
          "inserted": 181292606,
          "layer": 0,
          "miss_ratio": 0.8401100580720453,
          "reinserted": 34503651,
          "req": 215796257
        },
        {
          "admission_treshold": 1,
          "algorithm": "lru",
          "hit": 8107246,
          "inserted": 173097134,
          "layer": 1,
          "miss_ratio": 0.9552808789124031,
          "reinserted": 7888462,
          "req": 181292606
        }
      ],
      "miss_ratio": 0.8025410746582133,
      "req": 215796257
    }
  ],
  "trace": "w01.oracleGeneral.bin.zst"
}