{
  "dram_cache_size": 15350502,
  "flash_cache_size": 61402008,
  "results": [
    {
      "hit": 37280665,
      "iteration": 0,
      "metrics": [
        {
          "admission_treshold": 0,
          "algorithm": "lru",
          "hit": 37265300,
          "inserted": 178530957,
          "layer": 0,
          "miss_ratio": 0.8273125747496167,
          "reinserted": 37265300,
          "req": 215796257
        },
        {
          "admission_treshold": 16,
          "algorithm": "fifo",
          "hit": 15365,
          "inserted": 546170,
          "layer": 1,
          "miss_ratio": 0.9999139364944982,
          "reinserted": 0,
          "req": 178530957
        }
      ],
      "miss_ratio": 0.827241373329288,
      "req": 215796257
    }
  ],
  "trace": "w01.oracleGeneral.bin.zst"
}