{
  "dram_cache_size": 3070100,
  "flash_cache_size": 61402008,
  "results": [
    {
      "hit": 53176587,
      "iteration": 0,
      "metrics": [
        {
<<<<<<< HEAD
          "admission_treshold": 1,
=======
          "admission_treshold": 0,
>>>>>>> 160be2d8 (New results)
          "algorithm": "lru",
          "hit": 36053473,
          "inserted": 179742784,
          "layer": 0,
          "miss_ratio": 0.832928181882228,
          "reinserted": 36053473,
          "req": 215796257
        },
        {
          "admission_treshold": 1,
          "algorithm": "lru",
          "hit": 17123114,
          "inserted": 160847006,
          "layer": 1,
          "miss_ratio": 0.9047354579753255,
          "reinserted": 15825678,
          "req": 179742784
        }
      ],
      "miss_ratio": 0.7535796600957727,
      "req": 215796257
    }
  ],
  "trace": "w01.oracleGeneral.bin.zst"
}