{
  "dram_cache_size": 307010,
  "flash_cache_size": 614020,
  "results": [
    {
      "hit": 35301511,
      "iteration": 0,
      "metrics": [
        {
<<<<<<< HEAD
          "admission_treshold": 4,
=======
          "admission_treshold": 0,
>>>>>>> 160be2d8 (New results)
          "algorithm": "lru",
          "hit": 34503651,
          "inserted": 181292606,
          "layer": 0,
          "miss_ratio": 0.8401100580720453,
          "reinserted": 34503651,
          "req": 215796257
        },
        {
          "admission_treshold": 4,
          "algorithm": "fifo",
          "hit": 797860,
          "inserted": 5926139,
          "layer": 1,
          "miss_ratio": 0.9955990483141932,
          "reinserted": 0,
          "req": 181292606
        }
      ],
      "miss_ratio": 0.8364127742957099,
      "req": 215796257
    }
  ],
  "trace": "w01.oracleGeneral.bin.zst"
}