{
  "dram_cache_size": 614020,
  "flash_cache_size": 1228040,
  "results": [
    {
      "hit": 35717434,
      "iteration": 0,
      "metrics": [
        {
          "admission_treshold": 0,
          "algorithm": "lru",
          "hit": 35058946,
          "inserted": 180737311,
          "layer": 0,
          "miss_ratio": 0.8375368206687663,
          "reinserted": 35058946,
          "req": 215796257
        },
        {
          "admission_treshold": 0,
          "algorithm": "fifo",
          "hit": 658488,
          "inserted": 179725408,
          "layer": 1,
          "miss_ratio": 0.9963566570933436,
          "reinserted": 0,
          "req": 180737311
        }
      ],
      "miss_ratio": 0.8344853868341192,
      "req": 215796257
    }
  ],
  "trace": "w01.oracleGeneral.bin.zst"
}