{
  "dram_cache_size": 15350502,
  "flash_cache_size": 30701004,
  "results": [
    {
      "hit": 47350511,
      "iteration": 0,
      "metrics": [
        {
          "admission_treshold": 0,
          "algorithm": "lru",
          "hit": 37265300,
          "inserted": 178530957,
          "layer": 0,
          "miss_ratio": 0.8273125747496167,
          "reinserted": 37265300,
          "req": 215796257
        },
        {
          "admission_treshold": 0,
          "algorithm": "offline-clock",
          "hit": 10085211,
          "inserted": 157991822,
          "layer": 1,
          "miss_ratio": 0.9435100154647129,
          "reinserted": 5183979,
          "req": 178530957
        }
      ],
      "miss_ratio": 0.7805777001961623,
      "req": 215796257
    },
    {
      "hit": 47408618,
      "iteration": 1,
      "metrics": [
        {
          "admission_treshold": 0,
          "algorithm": "lru",
          "hit": 37265300,
          "inserted": 178530957,
          "layer": 0,
          "miss_ratio": 0.8273125747496167,
          "reinserted": 37265300,
          "req": 215796257
        },
        {
          "admission_treshold": 0,
          "algorithm": "offline-clock",
          "hit": 10143318,
          "inserted": 156509658,
          "layer": 1,
          "miss_ratio": 0.9431845424992596,
          "reinserted": 1621169,
          "req": 178530957
        }
      ],
      "miss_ratio": 0.7803084323191019,
      "req": 215796257
    }
  ],
  "trace": "w01.oracleGeneral.bin.zst"
}