{
  "dram_cache_size": 307010,
  "flash_cache_size": 1228040,
  "results": [
    {
      "hit": 35458013,
      "iteration": 0,
      "metrics": [
        {
          "admission_treshold": 0,
          "algorithm": "lru",
          "hit": 34503651,
          "inserted": 181292606,
          "layer": 0,
          "miss_ratio": 0.8401100580720453,
          "reinserted": 34503651,
          "req": 215796257
        },
        {
          "admission_treshold": 4,
          "algorithm": "lru",
          "hit": 954362,
          "inserted": 5762565,
          "layer": 1,
          "miss_ratio": 0.9947357919274435,
          "reinserted": 950860,
          "req": 181292606
        }
      ],
      "miss_ratio": 0.8356875439225064,
      "req": 215796257
    }
  ],
  "trace": "w01.oracleGeneral.bin.zst"
}