{
  "dram_cache_size": 153505,
  "flash_cache_size": 614020,
  "results": [
    {
      "hit": 33762634,
      "iteration": 0,
      "metrics": [
        {
          "admission_treshold": 0,
          "algorithm": "lru",
          "hit": 33283681,
          "inserted": 182512576,
          "layer": 0,
          "miss_ratio": 0.8457633998721303,
          "reinserted": 33283681,
          "req": 215796257
        },
        {
          "admission_treshold": 8,
          "algorithm": "lru",
          "hit": 478953,
          "inserted": 1158275,
          "layer": 1,
          "miss_ratio": 0.9973757808338642,
          "reinserted": 477911,
          "req": 182512576
        }
      ],
      "miss_ratio": 0.8435439313481697,
      "req": 215796257
    }
  ],
  "trace": "w01.oracleGeneral.bin.zst"
}