{
  "cache_size": 614020,
  "results": [
    {
      "hit": 16618331,
      "iteration": 0,
      "metrics": [
        {
          "admission_treshold": 8,
          "algorithm": "lru",
          "hit": 8367327,
          "inserted": 207428930,
          "layer": 0,
          "miss_ratio": 0.9612258010573371,
          "reinserted": 8367327,
          "req": 215796257
        },
        {
          "admission_treshold": 8,
          "algorithm": "fifo",
          "hit": 8251004,
          "inserted": 1173968,
          "layer": 1,
          "miss_ratio": 0.9602225012682657,
          "reinserted": 0,
          "req": 207428930
        }
      ],
      "miss_ratio": 0.9229906429748687,
      "req": 215796257
    }
  ],
  "trace": "w01.oracleGeneral.bin.zst"
}