{
  "cache_size": 30701004,
  "results": [
    {
      "hit": 34882485,
      "iteration": 0,
      "metrics": [
        {
          "admission_treshold": 8,
          "algorithm": "lru",
          "hit": 34503651,
          "inserted": 181292606,
          "layer": 0,
          "miss_ratio": 0.8401100580720453,
          "reinserted": 34503651,
          "req": 215796257
        },
        {
          "admission_treshold": 8,
          "algorithm": "lru",
          "hit": 378834,
          "inserted": 1150712,
          "layer": 1,
          "miss_ratio": 0.9979103725829833,
          "reinserted": 377567,
          "req": 181292606
        }
      ],
      "miss_ratio": 0.8383545410613864,
      "req": 215796257
    }
  ],
  "trace": "w01.oracleGeneral.bin.zst"
}