{
  "dram_cache_size": 15350502,
  "flash_cache_size": 30701004,
  "results": [
    {
      "hit": 37268580,
      "iteration": 0,
      "metrics": [
        {
          "admission_treshold": 0,
          "algorithm": "lru",
          "hit": 37265300,
          "inserted": 178530957,
          "layer": 0,
          "miss_ratio": 0.8273125747496167,
          "reinserted": 37265300,
          "req": 215796257
        },
        {
          "admission_treshold": 32,
          "algorithm": "lru",
          "hit": 3280,
          "inserted": 15962,
          "layer": 1,
          "miss_ratio": 0.9999816278361181,
          "reinserted": 2385,
          "req": 178530957
        }
      ],
      "miss_ratio": 0.8272973752274119,
      "req": 215796257
    }
  ],
  "trace": "w01.oracleGeneral.bin.zst"
}