{
  "dram_cache_size": 614020,
  "flash_cache_size": 1228040,
  "results": [
    {
      "hit": 35748412,
      "iteration": 0,
      "metrics": [
        {
<<<<<<< HEAD
          "admission_treshold": 4,
=======
          "admission_treshold": 0,
>>>>>>> 160be2d8 (New results)
          "algorithm": "lru",
          "hit": 35058946,
          "inserted": 180737311,
          "layer": 0,
          "miss_ratio": 0.8375368206687663,
          "reinserted": 35058946,
          "req": 215796257
        },
        {
          "admission_treshold": 4,
          "algorithm": "offline-clock",
          "hit": 689466,
          "inserted": 5723626,
          "layer": 1,
          "miss_ratio": 0.9961852591687612,
          "reinserted": 320054,
          "req": 180737311
        }
      ],
      "miss_ratio": 0.8343418347612952,
      "req": 215796257
    },
    {
      "hit": 35751119,
      "iteration": 1,
      "metrics": [
        {
<<<<<<< HEAD
          "admission_treshold": 4,
=======
          "admission_treshold": 0,
>>>>>>> 160be2d8 (New results)
          "algorithm": "lru",
          "hit": 35058946,
          "inserted": 180737311,
          "layer": 0,
          "miss_ratio": 0.8375368206687663,
          "reinserted": 35058946,
          "req": 215796257
        },
        {
          "admission_treshold": 4,
          "algorithm": "offline-clock",
          "hit": 692173,
          "inserted": 5722373,
          "layer": 1,
          "miss_ratio": 0.9961702816304487,
          "reinserted": 177003,
          "req": 180737311
        }
      ],
      "miss_ratio": 0.8343292905214755,
      "req": 215796257
    }
  ],
  "trace": "w01.oracleGeneral.bin.zst"
}