{
  "dram_cache_size": 6140201,
  "flash_cache_size": 12280402,
  "results": [
    {
      "hit": 37370137,
      "iteration": 0,
      "metrics": [
        {
          "admission_treshold": 0,
          "algorithm": "lru",
          "hit": 36440726,
          "inserted": 179355531,
          "layer": 0,
          "miss_ratio": 0.8311336512199097,
          "reinserted": 36440726,
          "req": 215796257
        },
        {
          "admission_treshold": 1,
          "algorithm": "lru",
          "hit": 929411,
          "inserted": 172948481,
          "layer": 1,
          "miss_ratio": 0.9948180521960039,
          "reinserted": 266849,
          "req": 179355531
        }
      ],
      "miss_ratio": 0.8268267600211434,
      "req": 215796257
    }
  ],
  "trace": "w01.oracleGeneral.bin.zst"
}