{
  "dram_cache_size": 61402,
  "flash_cache_size": 614020,
  "results": [
    {
      "hit": 32853595,
      "iteration": 0,
      "metrics": [
        {
          "admission_treshold": 0,
          "algorithm": "lru",
          "hit": 28818548,
          "inserted": 186977709,
          "layer": 0,
          "miss_ratio": 0.8664548291956704,
          "reinserted": 28818548,
          "req": 215796257
        },
        {
          "admission_treshold": 4,
          "algorithm": "fifo",
          "hit": 4035047,
          "inserted": 5940075,
          "layer": 1,
          "miss_ratio": 0.9784196361075319,
          "reinserted": 0,
          "req": 186977709
        }
      ],
      "miss_ratio": 0.8477564186852415,
      "req": 215796257
    }
  ],
  "trace": "w01.oracleGeneral.bin.zst"
}