{
  "dram_cache_size": 7675251,
  "flash_cache_size": 30701004,
  "results": [
    {
      "hit": 46947231,
      "iteration": 0,
      "metrics": [
        {
          "admission_treshold": 0,
          "algorithm": "lru",
          "hit": 36553579,
          "inserted": 179242678,
          "layer": 0,
          "miss_ratio": 0.8306106903420479,
          "reinserted": 36553579,
          "req": 215796257
        },
        {
          "admission_treshold": 1,
          "algorithm": "fifo",
          "hit": 10393652,
          "inserted": 162927781,
          "layer": 1,
          "miss_ratio": 0.9420135197935393,
          "reinserted": 0,
          "req": 179242678
        }
      ],
      "miss_ratio": 0.7824464999872542,
      "req": 215796257
    }
  ],
  "trace": "w01.oracleGeneral.bin.zst"
}