{
  "dram_cache_size": 61402,
  "flash_cache_size": 1228040,
  "results": [
    {
      "hit": 29103680,
      "iteration": 0,
      "metrics": [
        {
          "admission_treshold": 0,
          "algorithm": "lru",
          "hit": 28818548,
          "inserted": 186977709,
          "layer": 0,
          "miss_ratio": 0.8664548291956704,
          "reinserted": 28818548,
          "req": 215796257
        },
        {
          "admission_treshold": 32,
          "algorithm": "lru",
          "hit": 285132,
          "inserted": 17267,
          "layer": 1,
          "miss_ratio": 0.9984750481673728,
          "reinserted": 284874,
          "req": 186977709
        }
      ],
      "miss_ratio": 0.8651335273159997,
      "req": 215796257
    }
  ],
  "trace": "w01.oracleGeneral.bin.zst"
}