{
  "dram_cache_size": 3070100,
  "flash_cache_size": 12280402,
  "results": [
    {
      "hit": 36255172,
      "iteration": 0,
      "metrics": [
        {
          "admission_treshold": 0,
          "algorithm": "lru",
          "hit": 36053473,
          "inserted": 179742784,
          "layer": 0,
          "miss_ratio": 0.832928181882228,
          "reinserted": 36053473,
          "req": 215796257
        },
        {
          "admission_treshold": 8,
          "algorithm": "fifo",
          "hit": 201699,
          "inserted": 1146695,
          "layer": 1,
          "miss_ratio": 0.9988778464675389,
          "reinserted": 0,
          "req": 179742784
        }
      ],
      "miss_ratio": 0.8319935085806424,
      "req": 215796257
    }
  ],
  "trace": "w01.oracleGeneral.bin.zst"
}