{
  "dram_cache_size": 6140,
  "flash_cache_size": 614020,
  "results": [
    {
      "hit": 34868332,
      "iteration": 0,
      "metrics": [
        {
          "admission_treshold": 1,
          "algorithm": "fifo",
          "hit": 34868332,
          "inserted": 180927925,
          "layer": 0,
          "miss_ratio": 0.8384201260729003,
          "reinserted": 0,
          "req": 215796257
        }
      ],
      "miss_ratio": 0.8384201260729003,
      "req": 215796257
    }
  ],
  "trace": "w01.oracleGeneral.bin.zst"
}