{
  "dram_cache_size": 12389,
  "flash_cache_size": 123895,
  "results": [
    {
      "hit": 116340681,
      "iteration": 0,
      "metrics": [
        {
          "admission_treshold": 0,
          "algorithm": "lru",
          "hit": 1507630,
          "inserted": 120673370,
          "layer": 0,
          "miss_ratio": 0.9876606837396976,
          "reinserted": 1507630,
          "req": 122181000
        },
        {
          "admission_treshold": 32,
          "algorithm": "fifo",
          "hit": 114833051,
          "inserted": 237865,
          "layer": 1,
          "miss_ratio": 0.048397745086592,
          "reinserted": 0,
          "req": 120673370
        }
      ],
      "miss_ratio": 0.04780055000368311,
      "req": 122181000
    }
  ],
  "trace": "w02.oracleGeneral.bin.zst"
}