{
  "dram_cache_size": 12389,
  "flash_cache_size": 123895,
  "results": [
    {
      "hit": 119512304,
      "iteration": 0,
      "metrics": [
        {
<<<<<<< HEAD
          "admission_treshold": 2,
=======
          "admission_treshold": 0,
>>>>>>> 160be2d8 (New results)
          "algorithm": "lru",
          "hit": 1507630,
          "inserted": 120673370,
          "layer": 0,
          "miss_ratio": 0.9876606837396976,
          "reinserted": 1507630,
          "req": 122181000
        },
        {
          "admission_treshold": 2,
          "algorithm": "lru",
          "hit": 118004674,
          "inserted": 2338792,
          "layer": 1,
          "miss_ratio": 0.022115036648102215,
          "reinserted": 117916058,
          "req": 120673370
        }
      ],
      "miss_ratio": 0.021842152216793087,
      "req": 122181000
    }
  ],
  "trace": "w02.oracleGeneral.bin.zst"
}