{
  "dram_cache_size": 6194,
  "flash_cache_size": 123895,
  "results": [
    {
      "hit": 117621152,
      "iteration": 0,
      "metrics": [
        {
          "admission_treshold": 0,
          "algorithm": "lru",
          "hit": 1338893,
          "inserted": 120842107,
          "layer": 0,
          "miss_ratio": 0.9890417249817893,
          "reinserted": 1338893,
          "req": 122181000
        },
        {
          "admission_treshold": 4,
          "algorithm": "fifo",
          "hit": 116282259,
          "inserted": 4549095,
          "layer": 1,
          "miss_ratio": 0.03773393325556629,
          "reinserted": 0,
          "req": 120842107
        }
      ],
      "miss_ratio": 0.03732043443743294,
      "req": 122181000
    }
  ],
  "trace": "w02.oracleGeneral.bin.zst"
}