{
  "cache_size": 10492149760,
  "results": [
    {
      "hit": 121378084,
      "iteration": 0,
      "metrics": [
        {
          "admission_treshold": 2,
          "algorithm": "lru",
          "hit": 1219182,
          "inserted": 120961818,
          "layer": 0,
          "miss_ratio": 0.9900215090726054,
          "reinserted": 1219182,
          "req": 122181000
        },
        {
          "admission_treshold": 2,
          "algorithm": "lru",
          "hit": 120158902,
          "inserted": 394694,
          "layer": 1,
          "miss_ratio": 0.006637763992601409,
          "reinserted": 120156624,
          "req": 120961818
        }
      ],
      "miss_ratio": 0.006571529124823061,
      "req": 122181000
    }
  ],
  "trace": "w02.oracleGeneral.bin.zst"
}