{
  "dram_cache_size": 1238,
  "flash_cache_size": 123895,
  "results": [
    {
      "hit": 115634269,
      "iteration": 0,
      "metrics": [
        {
          "admission_treshold": 32,
          "algorithm": "lru",
          "hit": 115634269,
          "inserted": 146560,
          "layer": 0,
          "miss_ratio": 0.05358223455365396,
          "reinserted": 115634269,
          "req": 122181000
        }
      ],
      "miss_ratio": 0.05358223455365396,
      "req": 122181000
    }
  ],
  "trace": "w02.oracleGeneral.bin.zst"
}