{
  "dram_cache_size": 1238,
  "flash_cache_size": 4955,
  "results": [
    {
      "hit": 1329859,
      "iteration": 0,
      "metrics": [
        {
          "admission_treshold": 0,
          "algorithm": "lru",
          "hit": 1094727,
          "inserted": 121086273,
          "layer": 0,
          "miss_ratio": 0.9910401208043804,
          "reinserted": 1094727,
          "req": 122181000
        },
        {
          "admission_treshold": 16,
          "algorithm": "lru",
          "hit": 235132,
          "inserted": 117491897,
          "layer": 1,
          "miss_ratio": 0.9980581448732838,
          "reinserted": 201219,
          "req": 121086273
        }
      ],
      "miss_ratio": 0.989115664465015,
      "req": 122181000
    }
  ],
  "trace": "w02.oracleGeneral.bin.zst"
}