{
  "dram_cache_size": 12389,
  "flash_cache_size": 49558,
  "results": [
    {
      "hit": 81678504,
      "iteration": 0,
      "metrics": [
        {
          "admission_treshold": 0,
          "algorithm": "lru",
          "hit": 1507630,
          "inserted": 120673370,
          "layer": 0,
          "miss_ratio": 0.9876606837396976,
          "reinserted": 1507630,
          "req": 122181000
        },
        {
          "admission_treshold": 1,
          "algorithm": "offline-clock",
          "hit": 80170874,
          "inserted": 118345031,
          "layer": 1,
          "miss_ratio": 0.3356373987069392,
          "reinserted": 2248809,
          "req": 120673370
        }
      ],
      "miss_ratio": 0.3314958626955091,
      "req": 122181000
    },
    {
      "hit": 81730763,
      "iteration": 1,
      "metrics": [
        {
          "admission_treshold": 0,
          "algorithm": "lru",
          "hit": 1507630,
          "inserted": 120673370,
          "layer": 0,
          "miss_ratio": 0.9876606837396976,
          "reinserted": 1507630,
          "req": 122181000
        },
        {
          "admission_treshold": 1,
          "algorithm": "offline-clock",
          "hit": 80223133,
          "inserted": 118172976,
          "layer": 1,
          "miss_ratio": 0.3352043371292275,
          "reinserted": 1114312,
          "req": 120673370
        }
      ],
      "miss_ratio": 0.3310681448015649,
      "req": 122181000
    }
  ],
  "trace": "w02.oracleGeneral.bin.zst"
}