{
  "dram_cache_size": 495,
  "flash_cache_size": 49558,
  "results": [
    {
      "hit": 2915311,
      "iteration": 0,
      "metrics": [
        {
          "admission_treshold": 16,
          "algorithm": "lru",
          "hit": 2915311,
          "inserted": 115174883,
          "layer": 0,
          "miss_ratio": 0.9761394079275828,
          "reinserted": 2915311,
          "req": 122181000
        }
      ],
      "miss_ratio": 0.9761394079275828,
      "req": 122181000
    }
  ],
  "trace": "w02.oracleGeneral.bin.zst"
}