{
  "dram_cache_size": 61947,
  "flash_cache_size": 247791,
  "results": [
    {
      "hit": 121330888,
      "iteration": 0,
      "metrics": [
        {
          "admission_treshold": 0,
          "algorithm": "lru",
          "hit": 83264861,
          "inserted": 38916139,
          "layer": 0,
          "miss_ratio": 0.31851219911442863,
          "reinserted": 83264861,
          "req": 122181000
        },
        {
          "admission_treshold": 1,
          "algorithm": "offline-clock",
          "hit": 38066027,
          "inserted": 863912,
          "layer": 1,
          "miss_ratio": 0.02184471589023773,
          "reinserted": 1535395,
          "req": 38916139
        }
      ],
      "miss_ratio": 0.00695780849722949,
      "req": 122181000
    },
    {
      "hit": 121409483,
      "iteration": 1,
      "metrics": [
        {
          "admission_treshold": 0,
          "algorithm": "lru",
          "hit": 83264861,
          "inserted": 38916139,
          "layer": 0,
          "miss_ratio": 0.31851219911442863,
          "reinserted": 83264861,
          "req": 122181000
        },
        {
          "admission_treshold": 1,
          "algorithm": "offline-clock",
          "hit": 38144622,
          "inserted": 787819,
          "layer": 1,
          "miss_ratio": 0.019825116772247076,
          "reinserted": 1175511,
          "req": 38916139
        }
      ],
      "miss_ratio": 0.0063145415408287775,
      "req": 122181000
    }
  ],
  "trace": "w02.oracleGeneral.bin.zst"
}