{
  "dram_cache_size": 247,
  "flash_cache_size": 4955,
  "results": [
    {
      "hit": 1264485,
      "iteration": 0,
      "metrics": [
        {
          "admission_treshold": 0,
          "algorithm": "lru",
          "hit": 892536,
          "inserted": 121288464,
          "layer": 0,
          "miss_ratio": 0.9926949689395241,
          "reinserted": 892536,
          "req": 122181000
        },
        {
          "admission_treshold": 4,
          "algorithm": "fifo",
          "hit": 371949,
          "inserted": 119922573,
          "layer": 1,
          "miss_ratio": 0.9969333522106438,
          "reinserted": 0,
          "req": 121288464
        }
      ],
      "miss_ratio": 0.9896507231075208,
      "req": 122181000
    }
  ],
  "trace": "w02.oracleGeneral.bin.zst"
}