{
  "dram_cache_size": 2477,
  "flash_cache_size": 4955,
  "results": [
    {
      "hit": 1351001,
      "iteration": 0,
      "metrics": [
        {
<<<<<<< HEAD
          "admission_treshold": 32,
=======
          "admission_treshold": 0,
>>>>>>> 160be2d8 (New results)
          "algorithm": "lru",
          "hit": 1189183,
          "inserted": 120991817,
          "layer": 0,
          "miss_ratio": 0.9902670382465358,
          "reinserted": 1189183,
          "req": 122181000
        },
        {
          "admission_treshold": 32,
          "algorithm": "fifo",
          "hit": 161818,
          "inserted": 115218894,
          "layer": 1,
          "miss_ratio": 0.998662570709224,
          "reinserted": 0,
          "req": 120991817
        }
      ],
      "miss_ratio": 0.988942626103895,
      "req": 122181000
    }
  ],
  "trace": "w02.oracleGeneral.bin.zst"
}