{
  "cache_size": 247791,
  "results": [
    {
      "hit": 120772856,
      "iteration": 0,
      "metrics": [
        {
          "admission_treshold": 0,
          "algorithm": "lru",
          "hit": 1189183,
          "inserted": 120991817,
          "layer": 0,
          "miss_ratio": 0.9902670382465358,
          "reinserted": 1189183,
          "req": 122181000
        },
        {
          "admission_treshold": 0,
          "algorithm": "fifo",
          "hit": 119583673,
          "inserted": 1524691,
          "layer": 1,
          "miss_ratio": 0.011638340797873958,
          "reinserted": 0,
          "req": 120991817
        }
      ],
      "miss_ratio": 0.011525065272014468,
      "req": 122181000
    }
  ],
  "trace": "w02.oracleGeneral.bin.zst"
}