{
  "dram_cache_size": 61947,
  "flash_cache_size": 123895,
  "results": [
    {
      "hit": 119157911,
      "iteration": 0,
      "metrics": [
        {
          "admission_treshold": 0,
          "algorithm": "lru",
          "hit": 83264861,
          "inserted": 38916139,
          "layer": 0,
          "miss_ratio": 0.31851219911442863,
          "reinserted": 83264861,
          "req": 122181000
        },
        {
          "admission_treshold": 16,
          "algorithm": "fifo",
          "hit": 35893050,
          "inserted": 1013880,
          "layer": 1,
          "miss_ratio": 0.07768214107776727,
          "reinserted": 0,
          "req": 38916139
        }
      ],
      "miss_ratio": 0.024742709586596967,
      "req": 122181000
    }
  ],
  "trace": "w02.oracleGeneral.bin.zst"
}