{
  "dram_cache_size": 61947,
  "flash_cache_size": 247791,
  "results": [
    {
      "hit": 120396241,
      "iteration": 0,
      "metrics": [
        {
<<<<<<< HEAD
          "admission_treshold": 8,
=======
          "admission_treshold": 0,
>>>>>>> 160be2d8 (New results)
          "algorithm": "lru",
          "hit": 83264861,
          "inserted": 38916139,
          "layer": 0,
          "miss_ratio": 0.31851219911442863,
          "reinserted": 83264861,
          "req": 122181000
        },
        {
          "admission_treshold": 8,
          "algorithm": "lru",
          "hit": 37131380,
          "inserted": 276629,
          "layer": 1,
          "miss_ratio": 0.04586166680101533,
          "reinserted": 37069688,
          "req": 38916139
        }
      ],
      "miss_ratio": 0.014607500347844637,
      "req": 122181000
    }
  ],
  "trace": "w02.oracleGeneral.bin.zst"
}