{
  "dram_cache_size": 247,
  "flash_cache_size": 2477,
  "results": [
    {
      "hit": 1167870,
      "iteration": 0,
      "metrics": [
        {
          "admission_treshold": 0,
          "algorithm": "lru",
          "hit": 892536,
          "inserted": 121288464,
          "layer": 0,
          "miss_ratio": 0.9926949689395241,
          "reinserted": 892536,
          "req": 122181000
        },
        {
          "admission_treshold": 32,
          "algorithm": "lru",
          "hit": 275334,
          "inserted": 115297993,
          "layer": 1,
          "miss_ratio": 0.9977299242572649,
          "reinserted": 263664,
          "req": 121288464
        }
      ],
      "miss_ratio": 0.9904414761705994,
      "req": 122181000
    }
  ],
  "trace": "w02.oracleGeneral.bin.zst"
}