{
  "dram_cache_size": 495,
  "flash_cache_size": 49558,
  "results": [
    {
      "hit": 5795841,
      "iteration": 0,
      "metrics": [
        {
          "admission_treshold": 4,
          "algorithm": "fifo",
          "hit": 5795841,
          "inserted": 115138682,
          "layer": 0,
          "miss_ratio": 0.9525634836840425,
          "reinserted": 0,
          "req": 122181000
        }
      ],
      "miss_ratio": 0.9525634836840425,
      "req": 122181000
    }
  ],
  "trace": "w02.oracleGeneral.bin.zst"
}