{
  "dram_cache_size": 49,
  "flash_cache_size": 4955,
  "results": [
    {
      "hit": 1168560,
      "iteration": 0,
      "metrics": [
        {
          "admission_treshold": 0,
          "algorithm": "lru",
          "hit": 662168,
          "inserted": 121518832,
          "layer": 0,
          "miss_ratio": 0.9945804339463583,
          "reinserted": 662168,
          "req": 122181000
        },
        {
          "admission_treshold": 32,
          "algorithm": "lru",
          "hit": 506392,
          "inserted": 115195716,
          "layer": 1,
          "miss_ratio": 0.9958328105062761,
          "reinserted": 505211,
          "req": 121518832
        }
      ],
      "miss_ratio": 0.9904358288113536,
      "req": 122181000
    }
  ],
  "trace": "w02.oracleGeneral.bin.zst"
}