{
  "cache_size": 49558,
  "results": [
    {
      "hit": 4494528,
      "iteration": 0,
      "metrics": [
        {
          "admission_treshold": 32,
          "algorithm": "lru",
          "hit": 983353,
          "inserted": 121197647,
          "layer": 0,
          "miss_ratio": 0.9919516700632668,
          "reinserted": 983353,
          "req": 122181000
        },
        {
          "admission_treshold": 32,
          "algorithm": "lru",
          "hit": 3511175,
          "inserted": 112223828,
          "layer": 1,
          "miss_ratio": 0.9710293467991173,
          "reinserted": 3268140,
          "req": 121197647
        }
      ],
      "miss_ratio": 0.9632141822378275,
      "req": 122181000
    }
  ],
  "trace": "w02.oracleGeneral.bin.zst"
}