{
  "cache_size": 209842992,
  "results": [
    {
      "hit": 1190930,
      "iteration": 0,
      "metrics": [
        {
          "admission_treshold": 16,
          "algorithm": "lru",
          "hit": 745690,
          "inserted": 121435310,
          "layer": 0,
          "miss_ratio": 0.9938968415711117,
          "reinserted": 745690,
          "req": 122181000
        },
        {
          "admission_treshold": 16,
          "algorithm": "lru",
          "hit": 445240,
          "inserted": 117481589,
          "layer": 1,
          "miss_ratio": 0.9963335211150695,
          "reinserted": 444154,
          "req": 121435310
        }
      ],
      "miss_ratio": 0.990252739787692,
      "req": 122181000
    }
  ],
  "trace": "w02.oracleGeneral.bin.zst"
}