{
  "dram_cache_size": 1238,
  "flash_cache_size": 2477,
  "results": [
    {
      "hit": 1253214,
      "iteration": 0,
      "metrics": [
        {
          "admission_treshold": 0,
          "algorithm": "lru",
          "hit": 1094727,
          "inserted": 121086273,
          "layer": 0,
          "miss_ratio": 0.9910401208043804,
          "reinserted": 1094727,
          "req": 122181000
        },
        {
          "admission_treshold": 0,
          "algorithm": "offline-clock",
          "hit": 158487,
          "inserted": 120994093,
          "layer": 1,
          "miss_ratio": 0.9986911233117234,
          "reinserted": 90339,
          "req": 121086273
        }
      ],
      "miss_ratio": 0.9897429714931126,
      "req": 122181000
    },
    {
      "hit": 1245515,
      "iteration": 1,
      "metrics": [
        {
          "admission_treshold": 0,
          "algorithm": "lru",
          "hit": 1094727,
          "inserted": 121086273,
          "layer": 0,
          "miss_ratio": 0.9910401208043804,
          "reinserted": 1094727,
          "req": 122181000
        },
        {
          "admission_treshold": 0,
          "algorithm": "offline-clock",
          "hit": 150788,
          "inserted": 120997961,
          "layer": 1,
          "miss_ratio": 0.9987547060763857,
          "reinserted": 13954,
          "req": 121086273
        }
      ],
      "miss_ratio": 0.9898059845638847,
      "req": 122181000
    }
  ],
  "trace": "w02.oracleGeneral.bin.zst"
}