{
  "dram_cache_size": 2477,
  "flash_cache_size": 49558,
  "results": [
    {
      "hit": 8978142,
      "iteration": 0,
      "metrics": [
        {
<<<<<<< HEAD
          "admission_treshold": 8,
=======
          "admission_treshold": 0,
>>>>>>> 160be2d8 (New results)
          "algorithm": "lru",
          "hit": 1189183,
          "inserted": 120991817,
          "layer": 0,
          "miss_ratio": 0.9902670382465358,
          "reinserted": 1189183,
          "req": 122181000
        },
        {
          "admission_treshold": 8,
          "algorithm": "fifo",
          "hit": 7788959,
          "inserted": 111790939,
          "layer": 1,
          "miss_ratio": 0.9356240843957241,
          "reinserted": 0,
          "req": 120991817
        }
      ],
      "miss_ratio": 0.9265176909666806,
      "req": 122181000
    }
  ],
  "trace": "w02.oracleGeneral.bin.zst"
}