{
  "cache_size": 123895,
  "results": [
    {
      "hit": 116294183,
      "iteration": 0,
      "metrics": [
        {
          "admission_treshold": 32,
          "algorithm": "lru",
          "hit": 1094727,
          "inserted": 121086273,
          "layer": 0,
          "miss_ratio": 0.9910401208043804,
          "reinserted": 1094727,
          "req": 122181000
        },
        {
          "admission_treshold": 32,
          "algorithm": "fifo",
          "hit": 115199456,
          "inserted": 237919,
          "layer": 1,
          "miss_ratio": 0.048616716446462926,
          "reinserted": 0,
          "req": 121086273
        }
      ],
      "miss_ratio": 0.04818111654021495,
      "req": 122181000
    }
  ],
  "trace": "w02.oracleGeneral.bin.zst"
}