{
  "dram_cache_size": 4955,
  "flash_cache_size": 49558,
  "results": [
    {
      "hit": 20584367,
      "iteration": 0,
      "metrics": [
        {
          "admission_treshold": 32,
          "algorithm": "lru",
          "hit": 1302539,
          "inserted": 120878461,
          "layer": 0,
          "miss_ratio": 0.9893392671528306,
          "reinserted": 1302539,
          "req": 122181000
        },
        {
          "admission_treshold": 32,
          "algorithm": "fifo",
          "hit": 19281828,
          "inserted": 101591510,
          "layer": 1,
          "miss_ratio": 0.8404858248484814,
          "reinserted": 0,
          "req": 120878461
        }
      ],
      "miss_ratio": 0.831525630007939,
      "req": 122181000
    }
  ],
  "trace": "w02.oracleGeneral.bin.zst"
}