{
  "cache_size": 209842992,
  "results": [
    {
      "hit": 1160295,
      "iteration": 0,
      "metrics": [
        {
          "admission_treshold": 16,
          "algorithm": "lru",
          "hit": 745690,
          "inserted": 121435310,
          "layer": 0,
          "miss_ratio": 0.9938968415711117,
          "reinserted": 745690,
          "req": 122181000
        },
        {
          "admission_treshold": 16,
          "algorithm": "fifo",
          "hit": 414605,
          "inserted": 117512977,
          "layer": 1,
          "miss_ratio": 0.9965857953506274,
          "reinserted": 0,
          "req": 121435310
        }
      ],
      "miss_ratio": 0.990503474353623,
      "req": 122181000
    }
  ],
  "trace": "w02.oracleGeneral.bin.zst"
}