{
  "dram_cache_size": 24779,
  "flash_cache_size": 247791,
  "results": [
    {
      "hit": 120941164,
      "iteration": 0,
      "metrics": [
        {
<<<<<<< HEAD
          "admission_treshold": 2,
=======
          "admission_treshold": 0,
>>>>>>> 160be2d8 (New results)
          "algorithm": "lru",
          "hit": 1671728,
          "inserted": 120509272,
          "layer": 0,
          "miss_ratio": 0.9863176107578101,
          "reinserted": 1671728,
          "req": 122181000
        },
        {
          "admission_treshold": 2,
          "algorithm": "fifo",
          "hit": 119269436,
          "inserted": 1018540,
          "layer": 1,
          "miss_ratio": 0.010288303791263442,
          "reinserted": 0,
          "req": 120509272
        }
      ],
      "miss_ratio": 0.010147535214149461,
      "req": 122181000
    }
  ],
  "trace": "w02.oracleGeneral.bin.zst"
}