{
  "dram_cache_size": 495,
  "flash_cache_size": 49558,
  "results": [
    {
      "hit": 2986399,
      "iteration": 0,
      "metrics": [
        {
          "admission_treshold": 4,
          "algorithm": "lru",
          "hit": 2986399,
          "inserted": 117948124,
          "layer": 0,
          "miss_ratio": 0.9755575826028597,
          "reinserted": 2986399,
          "req": 122181000
        }
      ],
      "miss_ratio": 0.9755575826028597,
      "req": 122181000
    }
  ],
  "trace": "w02.oracleGeneral.bin.zst"
}