{
  "dram_cache_size": 123895,
  "flash_cache_size": 247791,
  "results": [
    {
      "hit": 120914233,
      "iteration": 0,
      "metrics": [
        {
          "admission_treshold": 0,
          "algorithm": "lru",
          "hit": 119385046,
          "inserted": 2795954,
          "layer": 0,
          "miss_ratio": 0.022883705322431447,
          "reinserted": 119385046,
          "req": 122181000
        },
        {
          "admission_treshold": 8,
          "algorithm": "fifo",
          "hit": 1529187,
          "inserted": 226734,
          "layer": 1,
          "miss_ratio": 0.45307147399420733,
          "reinserted": 0,
          "req": 2795954
        }
      ],
      "miss_ratio": 0.010367954100883092,
      "req": 122181000
    }
  ],
  "trace": "w02.oracleGeneral.bin.zst"
}