{
  "dram_cache_size": 12389,
  "flash_cache_size": 247791,
  "results": [
    {
      "hit": 120595107,
      "iteration": 0,
      "metrics": [
        {
          "admission_treshold": 0,
          "algorithm": "lru",
          "hit": 1507630,
          "inserted": 120673370,
          "layer": 0,
          "miss_ratio": 0.9876606837396976,
          "reinserted": 1507630,
          "req": 122181000
        },
        {
          "admission_treshold": 4,
          "algorithm": "fifo",
          "hit": 119087477,
          "inserted": 693514,
          "layer": 1,
          "miss_ratio": 0.013142029596090676,
          "reinserted": 0,
          "req": 120673370
        }
      ],
      "miss_ratio": 0.012979865936602275,
      "req": 122181000
    }
  ],
  "trace": "w02.oracleGeneral.bin.zst"
}