{
  "dram_cache_size": 2477,
  "flash_cache_size": 49558,
  "results": [
    {
      "hit": 6559655,
      "iteration": 0,
      "metrics": [
        {
          "admission_treshold": 0,
          "algorithm": "lru",
          "hit": 1189183,
          "inserted": 120991817,
          "layer": 0,
          "miss_ratio": 0.9902670382465358,
          "reinserted": 1189183,
          "req": 122181000
        },
        {
          "admission_treshold": 4,
          "algorithm": "fifo",
          "hit": 5370472,
          "inserted": 115135516,
          "layer": 1,
          "miss_ratio": 0.9556129320712656,
          "reinserted": 0,
          "req": 120991817
        }
      ],
      "miss_ratio": 0.9463119879523003,
      "req": 122181000
    }
  ],
  "trace": "w02.oracleGeneral.bin.zst"
}