{
  "cache_size": 209842992,
  "results": [
    {
      "hit": 1178885,
      "iteration": 0,
      "metrics": [
        {
          "admission_treshold": 32,
          "algorithm": "lru",
          "hit": 745690,
          "inserted": 121435310,
          "layer": 0,
          "miss_ratio": 0.9938968415711117,
          "reinserted": 745690,
          "req": 122181000
        },
        {
          "admission_treshold": 32,
          "algorithm": "lru",
          "hit": 433195,
          "inserted": 115190990,
          "layer": 1,
          "miss_ratio": 0.9964327097283319,
          "reinserted": 432181,
          "req": 121435310
        }
      ],
      "miss_ratio": 0.9903513230371335,
      "req": 122181000
    }
  ],
  "trace": "w02.oracleGeneral.bin.zst"
}