{
  "dram_cache_size": 123,
  "flash_cache_size": 2477,
  "results": [
    {
      "hit": 1132700,
      "iteration": 0,
      "metrics": [
        {
<<<<<<< HEAD
          "admission_treshold": 16,
=======
          "admission_treshold": 0,
>>>>>>> 160be2d8 (New results)
          "algorithm": "lru",
          "hit": 798396,
          "inserted": 121382604,
          "layer": 0,
          "miss_ratio": 0.9934654651705257,
          "reinserted": 798396,
          "req": 122181000
        },
        {
          "admission_treshold": 16,
          "algorithm": "lru",
          "hit": 334304,
          "inserted": 117597620,
          "layer": 1,
          "miss_ratio": 0.9972458656431527,
          "reinserted": 328720,
          "req": 121382604
        }
      ],
      "miss_ratio": 0.9907293278005582,
      "req": 122181000
    }
  ],
  "trace": "w02.oracleGeneral.bin.zst"
}