{
  "dram_cache_size": 24779,
  "flash_cache_size": 247791,
  "results": [
    {
      "hit": 120612112,
      "iteration": 0,
      "metrics": [
        {
          "admission_treshold": 0,
          "algorithm": "lru",
          "hit": 1671728,
          "inserted": 120509272,
          "layer": 0,
          "miss_ratio": 0.9863176107578101,
          "reinserted": 1671728,
          "req": 122181000
        },
        {
          "admission_treshold": 4,
          "algorithm": "fifo",
          "hit": 118940384,
          "inserted": 693492,
          "layer": 1,
          "miss_ratio": 0.01301881568083818,
          "reinserted": 0,
          "req": 120509272
        }
      ],
      "miss_ratio": 0.012840687177220644,
      "req": 122181000
    }
  ],
  "trace": "w02.oracleGeneral.bin.zst"
}