{
  "dram_cache_size": 1238,
  "flash_cache_size": 123895,
  "results": [
    {
      "hit": 118537604,
      "iteration": 0,
      "metrics": [
        {
          "admission_treshold": 8,
          "algorithm": "offline-clock",
          "hit": 118537604,
          "inserted": 1103543,
          "layer": 0,
          "miss_ratio": 0.02981966099475364,
          "reinserted": 5720453,
          "req": 122181000
        }
      ],
      "miss_ratio": 0.02981966099475364,
      "req": 122181000
    },
    {
      "hit": 118659388,
      "iteration": 1,
      "metrics": [
        {
          "admission_treshold": 8,
          "algorithm": "offline-clock",
          "hit": 118659388,
          "inserted": 981759,
          "layer": 0,
          "miss_ratio": 0.02882291027246464,
          "reinserted": 2951566,
          "req": 122181000
        }
      ],
      "miss_ratio": 0.02882291027246464,
      "req": 122181000
    }
  ],
  "trace": "w02.oracleGeneral.bin.zst"
}