{
  "dram_cache_size": 495,
  "flash_cache_size": 4955,
  "results": [
    {
      "hit": 1297380,
      "iteration": 0,
      "metrics": [
        {
          "admission_treshold": 0,
          "algorithm": "lru",
          "hit": 983353,
          "inserted": 121197647,
          "layer": 0,
          "miss_ratio": 0.9919516700632668,
          "reinserted": 983353,
          "req": 122181000
        },
        {
          "admission_treshold": 16,
          "algorithm": "lru",
          "hit": 314027,
          "inserted": 117489194,
          "layer": 1,
          "miss_ratio": 0.997408967849021,
          "reinserted": 300675,
          "req": 121197647
        }
      ],
      "miss_ratio": 0.9893814913939156,
      "req": 122181000
    }
  ],
  "trace": "w02.oracleGeneral.bin.zst"
}