{
  "dram_cache_size": 123,
  "flash_cache_size": 2477,
  "results": [
    {
      "hit": 1128652,
      "iteration": 0,
      "metrics": [
        {
          "admission_treshold": 0,
          "algorithm": "lru",
          "hit": 798396,
          "inserted": 121382604,
          "layer": 0,
          "miss_ratio": 0.9934654651705257,
          "reinserted": 798396,
          "req": 122181000
        },
        {
          "admission_treshold": 8,
          "algorithm": "fifo",
          "hit": 330256,
          "inserted": 119057881,
          "layer": 1,
          "miss_ratio": 0.9972792147382173,
          "reinserted": 0,
          "req": 121382604
        }
      ],
      "miss_ratio": 0.9907624589747996,
      "req": 122181000
    }
  ],
  "trace": "w02.oracleGeneral.bin.zst"
}