{
  "cache_size": 2477,
  "results": [
    {
      "hit": 1025600,
      "iteration": 0,
      "metrics": [
        {
          "admission_treshold": 8,
          "algorithm": "lru",
          "hit": 544799,
          "inserted": 121636201,
          "layer": 0,
          "miss_ratio": 0.9955410497540534,
          "reinserted": 544799,
          "req": 122181000
        },
        {
          "admission_treshold": 8,
          "algorithm": "fifo",
          "hit": 480801,
          "inserted": 119058161,
          "layer": 1,
          "miss_ratio": 0.9960472211722561,
          "reinserted": 0,
          "req": 121636201
        }
      ],
      "miss_ratio": 0.9916058961704357,
      "req": 122181000
    }
  ],
  "trace": "w02.oracleGeneral.bin.zst"
}