{
  "dram_cache_size": 495,
  "flash_cache_size": 49558,
  "results": [
    {
      "hit": 4033833,
      "iteration": 0,
      "metrics": [
        {
          "admission_treshold": 0,
          "algorithm": "offline-clock",
          "hit": 4033833,
          "inserted": 118147167,
          "layer": 0,
          "miss_ratio": 0.9669847766837725,
          "reinserted": 2776694,
          "req": 122181000
        }
      ],
      "miss_ratio": 0.9669847766837725,
      "req": 122181000
    },
    {
      "hit": 4502760,
      "iteration": 1,
      "metrics": [
        {
          "admission_treshold": 0,
          "algorithm": "offline-clock",
          "hit": 4502760,
          "inserted": 117678240,
          "layer": 0,
          "miss_ratio": 0.9631468067866525,
          "reinserted": 1603710,
          "req": 122181000
        }
      ],
      "miss_ratio": 0.9631468067866525,
      "req": 122181000
    }
  ],
  "trace": "w02.oracleGeneral.bin.zst"
}