{
  "dram_cache_size": 495,
  "flash_cache_size": 4955,
  "results": [
    {
      "hit": 1279886,
      "iteration": 0,
      "metrics": [
        {
          "admission_treshold": 0,
          "algorithm": "lru",
          "hit": 983353,
          "inserted": 121197647,
          "layer": 0,
          "miss_ratio": 0.9919516700632668,
          "reinserted": 983353,
          "req": 122181000
        },
        {
          "admission_treshold": 4,
          "algorithm": "fifo",
          "hit": 296533,
          "inserted": 119921446,
          "layer": 1,
          "miss_ratio": 0.9975533105853119,
          "reinserted": 0,
          "req": 121197647
        }
      ],
      "miss_ratio": 0.9895246724122408,
      "req": 122181000
    }
  ],
  "trace": "w02.oracleGeneral.bin.zst"
}