{
  "dram_cache_size": 247,
  "flash_cache_size": 2477,
  "results": [
    {
      "hit": 1180612,
      "iteration": 0,
      "metrics": [
        {
          "admission_treshold": 0,
          "algorithm": "lru",
          "hit": 892536,
          "inserted": 121288464,
          "layer": 0,
          "miss_ratio": 0.9926949689395241,
          "reinserted": 892536,
          "req": 122181000
        },
        {
          "admission_treshold": 32,
          "algorithm": "offline-clock",
          "hit": 288076,
          "inserted": 115283585,
          "layer": 1,
          "miss_ratio": 0.9976248689240553,
          "reinserted": 219742,
          "req": 121288464
        }
      ],
      "miss_ratio": 0.990337188269862,
      "req": 122181000
    },
    {
      "hit": 1178944,
      "iteration": 1,
      "metrics": [
        {
          "admission_treshold": 0,
          "algorithm": "lru",
          "hit": 892536,
          "inserted": 121288464,
          "layer": 0,
          "miss_ratio": 0.9926949689395241,
          "reinserted": 892536,
          "req": 122181000
        },
        {
          "admission_treshold": 32,
          "algorithm": "offline-clock",
          "hit": 286408,
          "inserted": 115284856,
          "layer": 1,
          "miss_ratio": 0.9976386212624475,
          "reinserted": 48383,
          "req": 121288464
        }
      ],
      "miss_ratio": 0.990350840146995,
      "req": 122181000
    }
  ],
  "trace": "w02.oracleGeneral.bin.zst"
}