{
  "dram_cache_size": 2477,
  "flash_cache_size": 247791,
  "results": [
    {
      "hit": 115645546,
      "iteration": 0,
      "metrics": [
        {
          "admission_treshold": 32,
          "algorithm": "fifo",
          "hit": 115645546,
          "inserted": 135283,
          "layer": 0,
          "miss_ratio": 0.053489937060590464,
          "reinserted": 0,
          "req": 122181000
        }
      ],
      "miss_ratio": 0.053489937060590464,
      "req": 122181000
    }
  ],
  "trace": "w02.oracleGeneral.bin.zst"
}