{
  "cache_size": 247791,
  "results": [
    {
      "hit": 116369574,
      "iteration": 0,
      "metrics": [
        {
          "admission_treshold": 32,
          "algorithm": "lru",
          "hit": 1189183,
          "inserted": 120991817,
          "layer": 0,
          "miss_ratio": 0.9902670382465358,
          "reinserted": 1189183,
          "req": 122181000
        },
        {
          "admission_treshold": 32,
          "algorithm": "offline-clock",
          "hit": 115180391,
          "inserted": 135281,
          "layer": 1,
          "miss_ratio": 0.048031562332847666,
          "reinserted": 0,
          "req": 120991817
        }
      ],
      "miss_ratio": 0.04756407297370291,
      "req": 122181000
    },
    {
      "hit": 116369574,
      "iteration": 1,
      "metrics": [
        {
          "admission_treshold": 32,
          "algorithm": "lru",
          "hit": 1189183,
          "inserted": 120991817,
          "layer": 0,
          "miss_ratio": 0.9902670382465358,
          "reinserted": 1189183,
          "req": 122181000
        },
        {
          "admission_treshold": 32,
          "algorithm": "offline-clock",
          "hit": 115180391,
          "inserted": 135281,
          "layer": 1,
          "miss_ratio": 0.048031562332847666,
          "reinserted": 0,
          "req": 120991817
        }
      ],
      "miss_ratio": 0.04756407297370291,
      "req": 122181000
    }
  ],
  "trace": "w02.oracleGeneral.bin.zst"
}