{
  "dram_cache_size": 2477,
  "flash_cache_size": 4955,
  "results": [
    {
      "hit": 1366090,
      "iteration": 0,
      "metrics": [
        {
          "admission_treshold": 0,
          "algorithm": "lru",
          "hit": 1189183,
          "inserted": 120991817,
          "layer": 0,
          "miss_ratio": 0.9902670382465358,
          "reinserted": 1189183,
          "req": 122181000
        },
        {
          "admission_treshold": 2,
          "algorithm": "lru",
          "hit": 176907,
          "inserted": 120479305,
          "layer": 1,
          "miss_ratio": 0.9985378597959232,
          "reinserted": 100005,
          "req": 120991817
        }
      ],
      "miss_ratio": 0.9888191289971435,
      "req": 122181000
    }
  ],
  "trace": "w02.oracleGeneral.bin.zst"
}