{
  "dram_cache_size": 12389,
  "flash_cache_size": 247791,
  "results": [
    {
      "hit": 118660695,
      "iteration": 0,
      "metrics": [
        {
          "admission_treshold": 0,
          "algorithm": "lru",
          "hit": 1507630,
          "inserted": 120673370,
          "layer": 0,
          "miss_ratio": 0.9876606837396976,
          "reinserted": 1507630,
          "req": 122181000
        },
        {
          "admission_treshold": 16,
          "algorithm": "lru",
          "hit": 117153065,
          "inserted": 152397,
          "layer": 1,
          "miss_ratio": 0.029172177755539597,
          "reinserted": 117140842,
          "req": 120673370
        }
      ],
      "miss_ratio": 0.02881221302821224,
      "req": 122181000
    }
  ],
  "trace": "w02.oracleGeneral.bin.zst"
}