{
  "dram_cache_size": 247,
  "flash_cache_size": 4955,
  "results": [
    {
      "hit": 1305019,
      "iteration": 0,
      "metrics": [
        {
          "admission_treshold": 0,
          "algorithm": "lru",
          "hit": 892536,
          "inserted": 121288464,
          "layer": 0,
          "miss_ratio": 0.9926949689395241,
          "reinserted": 892536,
          "req": 122181000
        },
        {
          "admission_treshold": 8,
          "algorithm": "offline-clock",
          "hit": 412483,
          "inserted": 118899355,
          "layer": 1,
          "miss_ratio": 0.9965991571960215,
          "reinserted": 299309,
          "req": 121288464
        }
      ],
      "miss_ratio": 0.9893189693978606,
      "req": 122181000
    },
    {
      "hit": 1303672,
      "iteration": 1,
      "metrics": [
        {
          "admission_treshold": 0,
          "algorithm": "lru",
          "hit": 892536,
          "inserted": 121288464,
          "layer": 0,
          "miss_ratio": 0.9926949689395241,
          "reinserted": 892536,
          "req": 122181000
        },
        {
          "admission_treshold": 8,
          "algorithm": "offline-clock",
          "hit": 411136,
          "inserted": 118900560,
          "layer": 1,
          "miss_ratio": 0.996610262951306,
          "reinserted": 70549,
          "req": 121288464
        }
      ],
      "miss_ratio": 0.9893299940252576,
      "req": 122181000
    }
  ],
  "trace": "w02.oracleGeneral.bin.zst"
}