{
  "cache_size": 49558,
  "results": [
    {
      "hit": 3515452,
      "iteration": 0,
      "metrics": [
        {
          "admission_treshold": 8,
          "algorithm": "lru",
          "hit": 983353,
          "inserted": 121197647,
          "layer": 0,
          "miss_ratio": 0.9919516700632668,
          "reinserted": 983353,
          "req": 122181000
        },
        {
          "admission_treshold": 8,
          "algorithm": "lru",
          "hit": 2532099,
          "inserted": 116797442,
          "layer": 1,
          "miss_ratio": 0.9791076884520704,
          "reinserted": 2430286,
          "req": 121197647
        }
      ],
      "miss_ratio": 0.9712275067318159,
      "req": 122181000
    }
  ],
  "trace": "w02.oracleGeneral.bin.zst"
}