{
  "dram_cache_size": 619,
  "flash_cache_size": 2477,
  "results": [
    {
      "hit": 1210755,
      "iteration": 0,
      "metrics": [
        {
<<<<<<< HEAD
          "admission_treshold": 32,
=======
          "admission_treshold": 0,
>>>>>>> 160be2d8 (New results)
          "algorithm": "lru",
          "hit": 1009162,
          "inserted": 121171838,
          "layer": 0,
          "miss_ratio": 0.9917404342737414,
          "reinserted": 1009162,
          "req": 122181000
        },
        {
          "admission_treshold": 32,
          "algorithm": "lru",
          "hit": 201593,
          "inserted": 115300110,
          "layer": 1,
          "miss_ratio": 0.9983363048433745,
          "reinserted": 170356,
          "req": 121171838
        }
      ],
      "miss_ratio": 0.9900904805166106,
      "req": 122181000
    }
  ],
  "trace": "w02.oracleGeneral.bin.zst"
}