{
  "dram_cache_size": 2477,
  "flash_cache_size": 4955,
  "results": [
    {
      "hit": 1365917,
      "iteration": 0,
      "metrics": [
        {
<<<<<<< HEAD
          "admission_treshold": 4,
=======
          "admission_treshold": 0,
>>>>>>> 160be2d8 (New results)
          "algorithm": "lru",
          "hit": 1189183,
          "inserted": 120991817,
          "layer": 0,
          "miss_ratio": 0.9902670382465358,
          "reinserted": 1189183,
          "req": 122181000
        },
        {
          "admission_treshold": 4,
          "algorithm": "lru",
          "hit": 176734,
          "inserted": 119893840,
          "layer": 1,
          "miss_ratio": 0.9985392896446873,
          "reinserted": 102650,
          "req": 120991817
        }
      ],
      "miss_ratio": 0.9888205449292443,
      "req": 122181000
    }
  ],
  "trace": "w02.oracleGeneral.bin.zst"
}