{
  "dram_cache_size": 24,
  "flash_cache_size": 2477,
  "results": [
    {
      "hit": 582956,
      "iteration": 0,
      "metrics": [
        {
          "admission_treshold": 8,
          "algorithm": "fifo",
          "hit": 582956,
          "inserted": 119058191,
          "layer": 0,
          "miss_ratio": 0.9952287507877657,
          "reinserted": 0,
          "req": 122181000
        }
      ],
      "miss_ratio": 0.9952287507877657,
      "req": 122181000
    }
  ],
  "trace": "w02.oracleGeneral.bin.zst"
}