{
  "dram_cache_size": 123895,
  "flash_cache_size": 247791,
  "results": [
    {
      "hit": 121433158,
      "iteration": 0,
      "metrics": [
        {
<<<<<<< HEAD
          "admission_treshold": 1,
=======
          "admission_treshold": 0,
>>>>>>> 160be2d8 (New results)
          "algorithm": "lru",
          "hit": 119385046,
          "inserted": 2795954,
          "layer": 0,
          "miss_ratio": 0.022883705322431447,
          "reinserted": 119385046,
          "req": 122181000
        },
        {
          "admission_treshold": 1,
          "algorithm": "fifo",
          "hit": 2048112,
          "inserted": 813669,
          "layer": 1,
          "miss_ratio": 0.26747292695087255,
          "reinserted": 0,
          "req": 2795954
        }
      ],
      "miss_ratio": 0.0061207716420720315,
      "req": 122181000
    }
  ],
  "trace": "w02.oracleGeneral.bin.zst"
}