{
  "dram_cache_size": 1238,
  "flash_cache_size": 2477,
  "results": [
    {
      "hit": 1238173,
      "iteration": 0,
      "metrics": [
        {
          "admission_treshold": 0,
          "algorithm": "lru",
          "hit": 1094727,
          "inserted": 121086273,
          "layer": 0,
          "miss_ratio": 0.9910401208043804,
          "reinserted": 1094727,
          "req": 122181000
        },
        {
          "admission_treshold": 4,
          "algorithm": "fifo",
          "hit": 143446,
          "inserted": 120011652,
          "layer": 1,
          "miss_ratio": 0.9988153405299707,
          "reinserted": 0,
          "req": 121086273
        }
      ],
      "miss_ratio": 0.9898660757400906,
      "req": 122181000
    }
  ],
  "trace": "w02.oracleGeneral.bin.zst"
}