{
  "dram_cache_size": 24,
  "flash_cache_size": 2477,
  "results": [
    {
      "hit": 455998,
      "iteration": 0,
      "metrics": [
        {
          "admission_treshold": 32,
          "algorithm": "fifo",
          "hit": 455998,
          "inserted": 115324831,
          "layer": 0,
          "miss_ratio": 0.996267848519819,
          "reinserted": 0,
          "req": 122181000
        }
      ],
      "miss_ratio": 0.996267848519819,
      "req": 122181000
    }
  ],
  "trace": "w02.oracleGeneral.bin.zst"
}