{
  "dram_cache_size": 1238,
  "flash_cache_size": 123895,
  "results": [
    {
      "hit": 117018857,
      "iteration": 0,
      "metrics": [
        {
          "admission_treshold": 16,
          "algorithm": "fifo",
          "hit": 117018857,
          "inserted": 1071337,
          "layer": 0,
          "miss_ratio": 0.04224996521554092,
          "reinserted": 0,
          "req": 122181000
        }
      ],
      "miss_ratio": 0.04224996521554092,
      "req": 122181000
    }
  ],
  "trace": "w02.oracleGeneral.bin.zst"
}