{
  "cache_size": 209842992,
  "results": [
    {
      "hit": 1289173,
      "iteration": 0,
      "metrics": [
        {
          "admission_treshold": 1,
          "algorithm": "lru",
          "hit": 745690,
          "inserted": 121435310,
          "layer": 0,
          "miss_ratio": 0.9938968415711117,
          "reinserted": 745690,
          "req": 122181000
        },
        {
          "admission_treshold": 1,
          "algorithm": "fifo",
          "hit": 543483,
          "inserted": 120893691,
          "layer": 1,
          "miss_ratio": 0.9955245060106488,
          "reinserted": 0,
          "req": 121435310
        }
      ],
      "miss_ratio": 0.9894486622306251,
      "req": 122181000
    }
  ],
  "trace": "w02.oracleGeneral.bin.zst"
}