{
  "dram_cache_size": 12389,
  "flash_cache_size": 247791,
  "results": [
    {
      "hit": 116393727,
      "iteration": 0,
      "metrics": [
        {
<<<<<<< HEAD
          "admission_treshold": 32,
=======
          "admission_treshold": 0,
>>>>>>> 160be2d8 (New results)
          "algorithm": "lru",
          "hit": 1507630,
          "inserted": 120673370,
          "layer": 0,
          "miss_ratio": 0.9876606837396976,
          "reinserted": 1507630,
          "req": 122181000
        },
        {
          "admission_treshold": 32,
          "algorithm": "lru",
          "hit": 114886097,
          "inserted": 135281,
          "layer": 1,
          "miss_ratio": 0.0479581617717314,
          "reinserted": 114873922,
          "req": 120673370
        }
      ],
      "miss_ratio": 0.04736639084636729,
      "req": 122181000
    }
  ],
  "trace": "w02.oracleGeneral.bin.zst"
}