{
  "dram_cache_size": 12389,
  "flash_cache_size": 49558,
  "results": [
    {
      "hit": 85578608,
      "iteration": 0,
      "metrics": [
        {
          "admission_treshold": 0,
          "algorithm": "lru",
          "hit": 1507630,
          "inserted": 120673370,
          "layer": 0,
          "miss_ratio": 0.9876606837396976,
          "reinserted": 1507630,
          "req": 122181000
        },
        {
          "admission_treshold": 16,
          "algorithm": "lru",
          "hit": 84070978,
          "inserted": 115189751,
          "layer": 1,
          "miss_ratio": 0.303317890268582,
          "reinserted": 2103488,
          "req": 120673370
        }
      ],
      "miss_ratio": 0.29957515489315034,
      "req": 122181000
    }
  ],
  "trace": "w02.oracleGeneral.bin.zst"
}