{
  "dram_cache_size": 495,
  "flash_cache_size": 4955,
  "results": [
    {
      "hit": 1313458,
      "iteration": 0,
      "metrics": [
        {
          "admission_treshold": 0,
          "algorithm": "lru",
          "hit": 983353,
          "inserted": 121197647,
          "layer": 0,
          "miss_ratio": 0.9919516700632668,
          "reinserted": 983353,
          "req": 122181000
        },
        {
          "admission_treshold": 4,
          "algorithm": "lru",
          "hit": 330105,
          "inserted": 119881981,
          "layer": 1,
          "miss_ratio": 0.9972763085078706,
          "reinserted": 315805,
          "req": 121197647
        }
      ],
      "miss_ratio": 0.989249899738912,
      "req": 122181000
    }
  ],
  "trace": "w02.oracleGeneral.bin.zst"
}