{
  "dram_cache_size": 2477,
  "flash_cache_size": 247791,
  "results": [
    {
      "hit": 121314086,
      "iteration": 0,
      "metrics": [
        {
          "admission_treshold": 0,
          "algorithm": "lru",
          "hit": 121314086,
          "inserted": 866914,
          "layer": 0,
          "miss_ratio": 0.007095325787151885,
          "reinserted": 121314086,
          "req": 122181000
        }
      ],
      "miss_ratio": 0.007095325787151885,
      "req": 122181000
    }
  ],
  "trace": "w02.oracleGeneral.bin.zst"
}