{
  "dram_cache_size": 13926,
  "flash_cache_size": 139261,
  "results": [
    {
      "hit": 30271923,
      "iteration": 0,
      "metrics": [
        {
<<<<<<< HEAD
          "admission_treshold": 2,
=======
          "admission_treshold": 0,
>>>>>>> 160be2d8 (New results)
          "algorithm": "lru",
          "hit": 22684192,
          "inserted": 62028786,
          "layer": 0,
          "miss_ratio": 0.7322229422745592,
          "reinserted": 22684192,
          "req": 84712978
        },
        {
          "admission_treshold": 2,
          "algorithm": "lru",
          "hit": 7587731,
          "inserted": 35860965,
          "layer": 1,
          "miss_ratio": 0.8776740366964461,
          "reinserted": 7461126,
          "req": 62028786
        }
      ],
      "miss_ratio": 0.6426530655078612,
      "req": 84712978
    }
  ],
  "trace": "w03.oracleGeneral.bin.zst"
}