{
  "dram_cache_size": 139261,
  "flash_cache_size": 13926192,
  "results": [
    {
      "hit": 41838618,
      "iteration": 0,
      "metrics": [
        {
          "admission_treshold": 2,
          "algorithm": "lru",
          "hit": 41838618,
          "inserted": 15021975,
          "layer": 0,
          "miss_ratio": 0.5061132427666515,
          "reinserted": 41838618,
          "req": 84712978
        }
      ],
      "miss_ratio": 0.5061132427666515,
      "req": 84712978
    }
  ],
  "trace": "w03.oracleGeneral.bin.zst"
}