{
  "dram_cache_size": 13926,
  "flash_cache_size": 139261,
  "results": [
    {
      "hit": 29395844,
      "iteration": 0,
      "metrics": [
        {
          "admission_treshold": 1,
          "algorithm": "lru",
          "hit": 22684192,
          "inserted": 62028786,
          "layer": 0,
          "miss_ratio": 0.7322229422745592,
          "reinserted": 22684192,
          "req": 84712978
        },
        {
          "admission_treshold": 1,
          "algorithm": "fifo",
          "hit": 6711652,
          "inserted": 55712341,
          "layer": 1,
          "miss_ratio": 0.8917977856281114,
          "reinserted": 0,
          "req": 62028786
        }
      ],
      "miss_ratio": 0.6529947985065523,
      "req": 84712978
    }
  ],
  "trace": "w03.oracleGeneral.bin.zst"
}