{
  "dram_cache_size": 69630,
  "flash_cache_size": 139261,
  "results": [
    {
      "hit": 30987949,
      "iteration": 0,
      "metrics": [
        {
          "admission_treshold": 0,
          "algorithm": "lru",
          "hit": 28308747,
          "inserted": 56404231,
          "layer": 0,
          "miss_ratio": 0.6658275075632449,
          "reinserted": 28308747,
          "req": 84712978
        },
        {
          "admission_treshold": 1,
          "algorithm": "lru",
          "hit": 2679202,
          "inserted": 54858466,
          "layer": 1,
          "miss_ratio": 0.9524999817832814,
          "reinserted": 1476135,
          "req": 56404231
        }
      ],
      "miss_ratio": 0.6342006888247984,
      "req": 84712978
    }
  ],
  "trace": "w03.oracleGeneral.bin.zst"
}