{
  "dram_cache_size": 69630,
  "flash_cache_size": 139261,
  "results": [
    {
      "hit": 32934890,
      "iteration": 0,
      "metrics": [
        {
<<<<<<< HEAD
          "admission_treshold": 16,
=======
          "admission_treshold": 0,
>>>>>>> 160be2d8 (New results)
          "algorithm": "lru",
          "hit": 28308747,
          "inserted": 56404231,
          "layer": 0,
          "miss_ratio": 0.6658275075632449,
          "reinserted": 28308747,
          "req": 84712978
        },
        {
          "admission_treshold": 16,
          "algorithm": "lru",
          "hit": 4626143,
          "inserted": 317879,
          "layer": 1,
          "miss_ratio": 0.9179823407219221,
          "reinserted": 4603090,
          "req": 56404231
        }
      ],
      "miss_ratio": 0.6112178939099508,
      "req": 84712978
    }
  ],
  "trace": "w03.oracleGeneral.bin.zst"
}