{
  "dram_cache_size": 139261,
  "flash_cache_size": 278523,
  "results": [
    {
      "hit": 34690317,
      "iteration": 0,
      "metrics": [
        {
          "admission_treshold": 0,
          "algorithm": "lru",
          "hit": 30187162,
          "inserted": 54525816,
          "layer": 0,
          "miss_ratio": 0.6436536323867637,
          "reinserted": 30187162,
          "req": 84712978
        },
        {
          "admission_treshold": 8,
          "algorithm": "lru",
          "hit": 4503155,
          "inserted": 1648419,
          "layer": 1,
          "miss_ratio": 0.9174124235022911,
          "reinserted": 4424931,
          "req": 54525816
        }
      ],
      "miss_ratio": 0.5904958387839936,
      "req": 84712978
    }
  ],
  "trace": "w03.oracleGeneral.bin.zst"
}