{
  "dram_cache_size": 13926,
  "flash_cache_size": 139261,
  "results": [
    {
      "hit": 30646640,
      "iteration": 0,
      "metrics": [
        {
          "admission_treshold": 0,
          "algorithm": "lru",
          "hit": 22684192,
          "inserted": 62028786,
          "layer": 0,
          "miss_ratio": 0.7322229422745592,
          "reinserted": 22684192,
          "req": 84712978
        },
        {
          "admission_treshold": 0,
          "algorithm": "offline-clock",
          "hit": 7962448,
          "inserted": 54199188,
          "layer": 1,
          "miss_ratio": 0.8716330189019015,
          "reinserted": 4914197,
          "req": 62028786
        }
      ],
      "miss_ratio": 0.6382296936840067,
      "req": 84712978
    },
    {
      "hit": 30601662,
      "iteration": 1,
      "metrics": [
        {
          "admission_treshold": 0,
          "algorithm": "lru",
          "hit": 22684192,
          "inserted": 62028786,
          "layer": 0,
          "miss_ratio": 0.7322229422745592,
          "reinserted": 22684192,
          "req": 84712978
        },
        {
          "admission_treshold": 0,
          "algorithm": "offline-clock",
          "hit": 7917470,
          "inserted": 54231940,
          "layer": 1,
          "miss_ratio": 0.8723581338509511,
          "reinserted": 1915651,
          "req": 62028786
        }
      ],
      "miss_ratio": 0.6387606394854871,
      "req": 84712978
    }
  ],
  "trace": "w03.oracleGeneral.bin.zst"
}