{
  "dram_cache_size": 69630,
  "flash_cache_size": 278523,
  "results": [
    {
      "hit": 31658903,
      "iteration": 0,
      "metrics": [
        {
          "admission_treshold": 0,
          "algorithm": "lru",
          "hit": 28308747,
          "inserted": 56404231,
          "layer": 0,
          "miss_ratio": 0.6658275075632449,
          "reinserted": 28308747,
          "req": 84712978
        },
        {
          "admission_treshold": 0,
          "algorithm": "fifo",
          "hit": 3350156,
          "inserted": 53890601,
          "layer": 1,
          "miss_ratio": 0.9406045266355993,
          "reinserted": 0,
          "req": 56404231
        }
      ],
      "miss_ratio": 0.626280367572487,
      "req": 84712978
    }
  ],
  "trace": "w03.oracleGeneral.bin.zst"
}