{
  "cache_size": 19190376448,
  "results": [
    {
      "hit": 31176524,
      "iteration": 0,
      "metrics": [
        {
          "admission_treshold": 8,
          "algorithm": "lru",
          "hit": 20950408,
          "inserted": 63762570,
          "layer": 0,
          "miss_ratio": 0.7526895111632128,
          "reinserted": 20950408,
          "req": 84712978
        },
        {
          "admission_treshold": 8,
          "algorithm": "fifo",
          "hit": 10226116,
          "inserted": 2504174,
          "layer": 1,
          "miss_ratio": 0.8396219600307829,
          "reinserted": 0,
          "req": 63762570
        }
      ],
      "miss_ratio": 0.6319746426574686,
      "req": 84712978
    }
  ],
  "trace": "w03.oracleGeneral.bin.zst"
}