{
  "dram_cache_size": 1740774,
  "flash_cache_size": 6963096,
  "results": [
    {
      "hit": 36872192,
      "iteration": 0,
      "metrics": [
        {
<<<<<<< HEAD
          "admission_treshold": 16,
=======
          "admission_treshold": 0,
>>>>>>> 160be2d8 (New results)
          "algorithm": "lru",
          "hit": 36357909,
          "inserted": 48355069,
          "layer": 0,
          "miss_ratio": 0.5708106377750054,
          "reinserted": 36357909,
          "req": 84712978
        },
        {
          "admission_treshold": 16,
          "algorithm": "fifo",
          "hit": 514283,
          "inserted": 201532,
          "layer": 1,
          "miss_ratio": 0.9893644449147617,
          "reinserted": 0,
          "req": 48355069
        }
      ],
      "miss_ratio": 0.5647397497937092,
      "req": 84712978
    }
  ],
  "trace": "w03.oracleGeneral.bin.zst"
}