{
  "cache_size": 2785238,
  "results": [
    {
      "hit": 38091236,
      "iteration": 0,
      "metrics": [
        {
          "admission_treshold": 0,
          "algorithm": "lru",
          "hit": 24706048,
          "inserted": 60006930,
          "layer": 0,
          "miss_ratio": 0.7083558082446352,
          "reinserted": 24706048,
          "req": 84712978
        },
        {
          "admission_treshold": 0,
          "algorithm": "lru",
          "hit": 13385188,
          "inserted": 46645099,
          "layer": 1,
          "miss_ratio": 0.7769392968445478,
          "reinserted": 13333979,
          "req": 60006930
        }
      ],
      "miss_ratio": 0.5503494635733381,
      "req": 84712978
    }
  ],
  "trace": "w03.oracleGeneral.bin.zst"
}