{
  "dram_cache_size": 139261,
  "flash_cache_size": 278523,
  "results": [
    {
      "hit": 32777065,
      "iteration": 0,
      "metrics": [
        {
<<<<<<< HEAD
          "admission_treshold": 2,
=======
          "admission_treshold": 0,
>>>>>>> 160be2d8 (New results)
          "algorithm": "lru",
          "hit": 30187162,
          "inserted": 54525816,
          "layer": 0,
          "miss_ratio": 0.6436536323867637,
          "reinserted": 30187162,
          "req": 84712978
        },
        {
          "admission_treshold": 2,
          "algorithm": "fifo",
          "hit": 2589903,
          "inserted": 34813539,
          "layer": 1,
          "miss_ratio": 0.9525013435837439,
          "reinserted": 0,
          "req": 54525816
        }
      ],
      "miss_ratio": 0.6130809496509496,
      "req": 84712978
    }
  ],
  "trace": "w03.oracleGeneral.bin.zst"
}