{
  "cache_size": 13926192,
  "results": [
    {
      "hit": 54566891,
      "iteration": 0,
      "metrics": [
        {
          "admission_treshold": 0,
          "algorithm": "lru",
          "hit": 30187162,
          "inserted": 54525816,
          "layer": 0,
          "miss_ratio": 0.6436536323867637,
          "reinserted": 30187162,
          "req": 84712978
        },
        {
          "admission_treshold": 0,
          "algorithm": "lru",
          "hit": 24379729,
          "inserted": 30129523,
          "layer": 1,
          "miss_ratio": 0.5528773196168215,
          "reinserted": 24257032,
          "req": 54525816
        }
      ],
      "miss_ratio": 0.3558614950356249,
      "req": 84712978
    }
  ],
  "trace": "w03.oracleGeneral.bin.zst"
}