{
  "cache_size": 13926192,
  "results": [
    {
      "hit": 51606883,
      "iteration": 0,
      "metrics": [
        {
          "admission_treshold": 2,
          "algorithm": "lru",
          "hit": 30187162,
          "inserted": 54525816,
          "layer": 0,
          "miss_ratio": 0.6436536323867637,
          "reinserted": 30187162,
          "req": 84712978
        },
        {
          "admission_treshold": 2,
          "algorithm": "lru",
          "hit": 21419721,
          "inserted": 14967673,
          "layer": 1,
          "miss_ratio": 0.607163678210703,
          "reinserted": 21354398,
          "req": 54525816
        }
      ],
      "miss_ratio": 0.3908031069336271,
      "req": 84712978
    }
  ],
  "trace": "w03.oracleGeneral.bin.zst"
}