{
  "dram_cache_size": 1392,
  "flash_cache_size": 139261,
  "results": [
    {
      "hit": 30078944,
      "iteration": 0,
      "metrics": [
        {
          "admission_treshold": 0,
          "algorithm": "offline-clock",
          "hit": 30078944,
          "inserted": 54634034,
          "layer": 0,
          "miss_ratio": 0.6449310989869816,
          "reinserted": 15183128,
          "req": 84712978
        }
      ],
      "miss_ratio": 0.6449310989869816,
      "req": 84712978
    },
    {
      "hit": 30338196,
      "iteration": 1,
      "metrics": [
        {
          "admission_treshold": 0,
          "algorithm": "offline-clock",
          "hit": 30338196,
          "inserted": 54374782,
          "layer": 0,
          "miss_ratio": 0.6418707414582923,
          "reinserted": 1862230,
          "req": 84712978
        }
      ],
      "miss_ratio": 0.6418707414582923,
      "req": 84712978
    }
  ],
  "trace": "w03.oracleGeneral.bin.zst"
}