{
  "dram_cache_size": 27852,
  "flash_cache_size": 2785238,
  "results": [
    {
      "hit": 21741183,
      "iteration": 0,
      "metrics": [
        {
          "admission_treshold": 8,
          "algorithm": "offline-clock",
          "hit": 21741183,
          "inserted": 834830,
          "layer": 0,
          "miss_ratio": 0.7433547549231476,
          "reinserted": 0,
          "req": 84712978
        }
      ],
      "miss_ratio": 0.7433547549231476,
      "req": 84712978
    },
    {
      "hit": 21741183,
      "iteration": 1,
      "metrics": [
        {
          "admission_treshold": 8,
          "algorithm": "offline-clock",
          "hit": 21741183,
          "inserted": 834830,
          "layer": 0,
          "miss_ratio": 0.7433547549231476,
          "reinserted": 0,
          "req": 84712978
        }
      ],
      "miss_ratio": 0.7433547549231476,
      "req": 84712978
    }
  ],
  "trace": "w03.oracleGeneral.bin.zst"
}