{
  "dram_cache_size": 27852,
  "flash_cache_size": 278523,
  "results": [
    {
      "hit": 33319270,
      "iteration": 0,
      "metrics": [
        {
          "admission_treshold": 0,
          "algorithm": "lru",
          "hit": 24706048,
          "inserted": 60006930,
          "layer": 0,
          "miss_ratio": 0.7083558082446352,
          "reinserted": 24706048,
          "req": 84712978
        },
        {
          "admission_treshold": 8,
          "algorithm": "offline-clock",
          "hit": 8613222,
          "inserted": 1629847,
          "layer": 1,
          "miss_ratio": 0.8564628785375289,
          "reinserted": 1431338,
          "req": 60006930
        }
      ],
      "miss_ratio": 0.6066804545579781,
      "req": 84712978
    },
    {
      "hit": 33398536,
      "iteration": 1,
      "metrics": [
        {
          "admission_treshold": 0,
          "algorithm": "lru",
          "hit": 24706048,
          "inserted": 60006930,
          "layer": 0,
          "miss_ratio": 0.7083558082446352,
          "reinserted": 24706048,
          "req": 84712978
        },
        {
          "admission_treshold": 8,
          "algorithm": "offline-clock",
          "hit": 8692488,
          "inserted": 1548167,
          "layer": 1,
          "miss_ratio": 0.8551419311069571,
          "reinserted": 751997,
          "req": 60006930
        }
      ],
      "miss_ratio": 0.6057447537731468,
      "req": 84712978
    }
  ],
  "trace": "w03.oracleGeneral.bin.zst"
}