{
  "cache_size": 13926192,
  "results": [
    {
      "hit": 32489023,
      "iteration": 0,
      "metrics": [
        {
          "admission_treshold": 32,
          "algorithm": "lru",
          "hit": 30187162,
          "inserted": 54525816,
          "layer": 0,
          "miss_ratio": 0.6436536323867637,
          "reinserted": 30187162,
          "req": 84712978
        },
        {
          "admission_treshold": 32,
          "algorithm": "offline-clock",
          "hit": 2301861,
          "inserted": 92484,
          "layer": 1,
          "miss_ratio": 0.9577840155569611,
          "reinserted": 0,
          "req": 54525816
        }
      ],
      "miss_ratio": 0.6164811606552186,
      "req": 84712978
    },
    {
      "hit": 32489023,
      "iteration": 1,
      "metrics": [
        {
          "admission_treshold": 32,
          "algorithm": "lru",
          "hit": 30187162,
          "inserted": 54525816,
          "layer": 0,
          "miss_ratio": 0.6436536323867637,
          "reinserted": 30187162,
          "req": 84712978
        },
        {
          "admission_treshold": 32,
          "algorithm": "offline-clock",
          "hit": 2301861,
          "inserted": 92484,
          "layer": 1,
          "miss_ratio": 0.9577840155569611,
          "reinserted": 0,
          "req": 54525816
        }
      ],
      "miss_ratio": 0.6164811606552186,
      "req": 84712978
    }
  ],
  "trace": "w03.oracleGeneral.bin.zst"
}