{
  "cache_size": 9595188224,
  "results": [
    {
      "hit": 29444009,
      "iteration": 0,
      "metrics": [
        {
          "admission_treshold": 2,
          "algorithm": "lru",
          "hit": 20429331,
          "inserted": 64283647,
          "layer": 0,
          "miss_ratio": 0.7588405993707363,
          "reinserted": 20429331,
          "req": 84712978
        },
        {
          "admission_treshold": 2,
          "algorithm": "lru",
          "hit": 9014678,
          "inserted": 36374614,
          "layer": 1,
          "miss_ratio": 0.859767165979242,
          "reinserted": 8997696,
          "req": 64283647
        }
      ],
      "miss_ratio": 0.6524262315509672,
      "req": 84712978
    }
  ],
  "trace": "w03.oracleGeneral.bin.zst"
}