{
  "dram_cache_size": 6963,
  "flash_cache_size": 139261,
  "results": [
    {
      "hit": 30422289,
      "iteration": 0,
      "metrics": [
        {
<<<<<<< HEAD
          "admission_treshold": 16,
=======
          "admission_treshold": 0,
>>>>>>> 160be2d8 (New results)
          "algorithm": "lru",
          "hit": 22077105,
          "inserted": 62635873,
          "layer": 0,
          "miss_ratio": 0.739389341264806,
          "reinserted": 22077105,
          "req": 84712978
        },
        {
          "admission_treshold": 16,
          "algorithm": "lru",
          "hit": 8345184,
          "inserted": 319860,
          "layer": 1,
          "miss_ratio": 0.8667667009287154,
          "reinserted": 8342262,
          "req": 62635873
        }
      ],
      "miss_ratio": 0.640878060029952,
      "req": 84712978
    }
  ],
  "trace": "w03.oracleGeneral.bin.zst"
}