{
  "cache_size": 139261,
  "results": [
    {
      "hit": 30204390,
      "iteration": 0,
      "metrics": [
        {
          "admission_treshold": 0,
          "algorithm": "lru",
          "hit": 20681794,
          "inserted": 64031184,
          "layer": 0,
          "miss_ratio": 0.7558603830454408,
          "reinserted": 20681794,
          "req": 84712978
        },
        {
          "admission_treshold": 0,
          "algorithm": "lru",
          "hit": 9522596,
          "inserted": 54525004,
          "layer": 1,
          "miss_ratio": 0.8512819003940331,
          "reinserted": 9504788,
          "req": 64031184
        }
      ],
      "miss_ratio": 0.6434502633114846,
      "req": 84712978
    }
  ],
  "trace": "w03.oracleGeneral.bin.zst"
}