{
  "dram_cache_size": 69630,
  "flash_cache_size": 6963096,
  "results": [
    {
      "hit": 16442425,
      "iteration": 0,
      "metrics": [
        {
          "admission_treshold": 32,
          "algorithm": "offline-clock",
          "hit": 16442425,
          "inserted": 93341,
          "layer": 0,
          "miss_ratio": 0.8059042972140585,
          "reinserted": 0,
          "req": 84712978
        }
      ],
      "miss_ratio": 0.8059042972140585,
      "req": 84712978
    },
    {
      "hit": 16442425,
      "iteration": 1,
      "metrics": [
        {
          "admission_treshold": 32,
          "algorithm": "offline-clock",
          "hit": 16442425,
          "inserted": 93341,
          "layer": 0,
          "miss_ratio": 0.8059042972140585,
          "reinserted": 0,
          "req": 84712978
        }
      ],
      "miss_ratio": 0.8059042972140585,
      "req": 84712978
    }
  ],
  "trace": "w03.oracleGeneral.bin.zst"
}