{
  "dram_cache_size": 27852,
  "flash_cache_size": 278523,
  "results": [
    {
      "hit": 31303953,
      "iteration": 0,
      "metrics": [
        {
<<<<<<< HEAD
          "admission_treshold": 2,
=======
          "admission_treshold": 0,
>>>>>>> 160be2d8 (New results)
          "algorithm": "lru",
          "hit": 24706048,
          "inserted": 60006930,
          "layer": 0,
          "miss_ratio": 0.7083558082446352,
          "reinserted": 24706048,
          "req": 84712978
        },
        {
          "admission_treshold": 2,
          "algorithm": "fifo",
          "hit": 6597905,
          "inserted": 35321240,
          "layer": 1,
          "miss_ratio": 0.8900476161669993,
          "reinserted": 0,
          "req": 60006930
        }
      ],
      "miss_ratio": 0.6304703985261857,
      "req": 84712978
    }
  ],
  "trace": "w03.oracleGeneral.bin.zst"
}