{
  "cache_size": 191903776768,
  "results": [
    {
      "hit": 36118309,
      "iteration": 0,
      "metrics": [
        {
          "admission_treshold": 1,
          "algorithm": "lru",
          "hit": 24148721,
          "inserted": 60564257,
          "layer": 0,
          "miss_ratio": 0.7149348119953947,
          "reinserted": 24148721,
          "req": 84712978
        },
        {
          "admission_treshold": 1,
          "algorithm": "lru",
          "hit": 11969588,
          "inserted": 48595808,
          "layer": 1,
          "miss_ratio": 0.802365477710723,
          "reinserted": 11936805,
          "req": 60564257
        }
      ],
      "miss_ratio": 0.5736390119587107,
      "req": 84712978
    }
  ],
  "trace": "w03.oracleGeneral.bin.zst"
}