{
  "dram_cache_size": 1392,
  "flash_cache_size": 139261,
  "results": [
    {
      "hit": 19410305,
      "iteration": 0,
      "metrics": [
        {
          "admission_treshold": 8,
          "algorithm": "fifo",
          "hit": 19410305,
          "inserted": 3165708,
          "layer": 0,
          "miss_ratio": 0.7708697597669155,
          "reinserted": 0,
          "req": 84712978
        }
      ],
      "miss_ratio": 0.7708697597669155,
      "req": 84712978
    }
  ],
  "trace": "w03.oracleGeneral.bin.zst"
}