{
  "cache_size": 6963096,
  "results": [
    {
      "hit": 47554468,
      "iteration": 0,
      "metrics": [
        {
          "admission_treshold": 1,
          "algorithm": "lru",
          "hit": 28308747,
          "inserted": 56404231,
          "layer": 0,
          "miss_ratio": 0.6658275075632449,
          "reinserted": 28308747,
          "req": 84712978
        },
        {
          "admission_treshold": 1,
          "algorithm": "offline-clock",
          "hit": 19245721,
          "inserted": 37293755,
          "layer": 1,
          "miss_ratio": 0.6587894089009032,
          "reinserted": 10431499,
          "req": 56404231
        }
      ],
      "miss_ratio": 0.4386401101375518,
      "req": 84712978
    },
    {
      "hit": 48378371,
      "iteration": 1,
      "metrics": [
        {
          "admission_treshold": 1,
          "algorithm": "lru",
          "hit": 28308747,
          "inserted": 56404231,
          "layer": 0,
          "miss_ratio": 0.6658275075632449,
          "reinserted": 28308747,
          "req": 84712978
        },
        {
          "admission_treshold": 1,
          "algorithm": "offline-clock",
          "hit": 20069624,
          "inserted": 36414039,
          "layer": 1,
          "miss_ratio": 0.6441822954735434,
          "reinserted": 7415979,
          "req": 56404231
        }
      ],
      "miss_ratio": 0.4289142922115192,
      "req": 84712978
    }
  ],
  "trace": "w03.oracleGeneral.bin.zst"
}