{
  "dram_cache_size": 27852,
  "flash_cache_size": 278523,
  "results": [
    {
      "hit": 32424479,
      "iteration": 0,
      "metrics": [
        {
          "admission_treshold": 0,
          "algorithm": "lru",
          "hit": 24706048,
          "inserted": 60006930,
          "layer": 0,
          "miss_ratio": 0.7083558082446352,
          "reinserted": 24706048,
          "req": 84712978
        },
        {
          "admission_treshold": 2,
          "algorithm": "offline-clock",
          "hit": 7718431,
          "inserted": 33934175,
          "layer": 1,
          "miss_ratio": 0.8713743395971099,
          "reinserted": 3753071,
          "req": 60006930
        }
      ],
      "miss_ratio": 0.617243074608946,
      "req": 84712978
    },
    {
      "hit": 32419095,
      "iteration": 1,
      "metrics": [
        {
          "admission_treshold": 0,
          "algorithm": "lru",
          "hit": 24706048,
          "inserted": 60006930,
          "layer": 0,
          "miss_ratio": 0.7083558082446352,
          "reinserted": 24706048,
          "req": 84712978
        },
        {
          "admission_treshold": 2,
          "algorithm": "offline-clock",
          "hit": 7713047,
          "inserted": 33938546,
          "layer": 1,
          "miss_ratio": 0.8714640625674401,
          "reinserted": 1831677,
          "req": 60006930
        }
      ],
      "miss_ratio": 0.6173066303961123,
      "req": 84712978
    }
  ],
  "trace": "w03.oracleGeneral.bin.zst"
}