{
  "dram_cache_size": 13926,
  "flash_cache_size": 278523,
  "results": [
    {
      "hit": 32602910,
      "iteration": 0,
      "metrics": [
        {
          "admission_treshold": 0,
          "algorithm": "lru",
          "hit": 22684192,
          "inserted": 62028786,
          "layer": 0,
          "miss_ratio": 0.7322229422745592,
          "reinserted": 22684192,
          "req": 84712978
        },
        {
          "admission_treshold": 4,
          "algorithm": "offline-clock",
          "hit": 9918718,
          "inserted": 14267910,
          "layer": 1,
          "miss_ratio": 0.8400949198006229,
          "reinserted": 2871168,
          "req": 62028786
        }
      ],
      "miss_ratio": 0.6151367739663218,
      "req": 84712978
    },
    {
      "hit": 32694620,
      "iteration": 1,
      "metrics": [
        {
          "admission_treshold": 0,
          "algorithm": "lru",
          "hit": 22684192,
          "inserted": 62028786,
          "layer": 0,
          "miss_ratio": 0.7322229422745592,
          "reinserted": 22684192,
          "req": 84712978
        },
        {
          "admission_treshold": 4,
          "algorithm": "offline-clock",
          "hit": 10010428,
          "inserted": 14172598,
          "layer": 1,
          "miss_ratio": 0.8386164127087704,
          "reinserted": 1295121,
          "req": 62028786
        }
      ],
      "miss_ratio": 0.6140541771533519,
      "req": 84712978
    }
  ],
  "trace": "w03.oracleGeneral.bin.zst"
}