{
  "cache_size": 9595188224,
  "results": [
    {
      "hit": 28381639,
      "iteration": 0,
      "metrics": [
        {
          "admission_treshold": 2,
          "algorithm": "lru",
          "hit": 20429331,
          "inserted": 64283647,
          "layer": 0,
          "miss_ratio": 0.7588405993707363,
          "reinserted": 20429331,
          "req": 84712978
        },
        {
          "admission_treshold": 2,
          "algorithm": "fifo",
          "hit": 7952308,
          "inserted": 37458195,
          "layer": 1,
          "miss_ratio": 0.8762934529834625,
          "reinserted": 0,
          "req": 64283647
        }
      ],
      "miss_ratio": 0.6649670490866229,
      "req": 84712978
    }
  ],
  "trace": "w03.oracleGeneral.bin.zst"
}