{
  "dram_cache_size": 696309,
  "flash_cache_size": 6963096,
  "results": [
    {
      "hit": 35290203,
      "iteration": 0,
      "metrics": [
        {
<<<<<<< HEAD
          "admission_treshold": 16,
=======
          "admission_treshold": 0,
>>>>>>> 160be2d8 (New results)
          "algorithm": "lru",
          "hit": 34208536,
          "inserted": 50504442,
          "layer": 0,
          "miss_ratio": 0.5961830547380828,
          "reinserted": 34208536,
          "req": 84712978
        },
        {
          "admission_treshold": 16,
          "algorithm": "lru",
          "hit": 1081667,
          "inserted": 220678,
          "layer": 1,
          "miss_ratio": 0.9785827353562286,
          "reinserted": 993725,
          "req": 50504442
        }
      ],
      "miss_ratio": 0.5834144444786252,
      "req": 84712978
    }
  ],
  "trace": "w03.oracleGeneral.bin.zst"
}