{
  "dram_cache_size": 69630,
  "flash_cache_size": 278523,
  "results": [
    {
      "hit": 34250732,
      "iteration": 0,
      "metrics": [
        {
          "admission_treshold": 0,
          "algorithm": "lru",
          "hit": 28308747,
          "inserted": 56404231,
          "layer": 0,
          "miss_ratio": 0.6658275075632449,
          "reinserted": 28308747,
          "req": 84712978
        },
        {
          "admission_treshold": 8,
          "algorithm": "lru",
          "hit": 5941985,
          "inserted": 1653039,
          "layer": 1,
          "miss_ratio": 0.8946535588792975,
          "reinserted": 5901310,
          "req": 56404231
        }
      ],
      "miss_ratio": 0.5956849492411895,
      "req": 84712978
    }
  ],
  "trace": "w03.oracleGeneral.bin.zst"
}