{
  "cache_size": 9595188224,
  "results": [
    {
      "hit": 30014578,
      "iteration": 0,
      "metrics": [
        {
          "admission_treshold": 8,
          "algorithm": "lru",
          "hit": 20429331,
          "inserted": 64283647,
          "layer": 0,
          "miss_ratio": 0.7588405993707363,
          "reinserted": 20429331,
          "req": 84712978
        },
        {
          "admission_treshold": 8,
          "algorithm": "fifo",
          "hit": 9585247,
          "inserted": 3495974,
          "layer": 1,
          "miss_ratio": 0.8508913627753572,
          "reinserted": 0,
          "req": 64283647
        }
      ],
      "miss_ratio": 0.6456909117278347,
      "req": 84712978
    }
  ],
  "trace": "w03.oracleGeneral.bin.zst"
}