{
  "dram_cache_size": 69630,
  "flash_cache_size": 139261,
  "results": [
    {
      "hit": 33348178,
      "iteration": 0,
      "metrics": [
        {
          "admission_treshold": 0,
          "algorithm": "lru",
          "hit": 28308747,
          "inserted": 56404231,
          "layer": 0,
          "miss_ratio": 0.6658275075632449,
          "reinserted": 28308747,
          "req": 84712978
        },
        {
          "admission_treshold": 8,
          "algorithm": "lru",
          "hit": 5039431,
          "inserted": 2612918,
          "layer": 1,
          "miss_ratio": 0.910655088977279,
          "reinserted": 4941431,
          "req": 56404231
        }
      ],
      "miss_ratio": 0.6063392081435267,
      "req": 84712978
    }
  ],
  "trace": "w03.oracleGeneral.bin.zst"
}