{
  "dram_cache_size": 13926,
  "flash_cache_size": 278523,
  "results": [
    {
      "hit": 32574302,
      "iteration": 0,
      "metrics": [
        {
          "admission_treshold": 0,
          "algorithm": "lru",
          "hit": 22684192,
          "inserted": 62028786,
          "layer": 0,
          "miss_ratio": 0.7322229422745592,
          "reinserted": 22684192,
          "req": 84712978
        },
        {
          "admission_treshold": 8,
          "algorithm": "lru",
          "hit": 9890110,
          "inserted": 1657663,
          "layer": 1,
          "miss_ratio": 0.8405561250223405,
          "reinserted": 9881031,
          "req": 62028786
        }
      ],
      "miss_ratio": 0.6154744790107602,
      "req": 84712978
    }
  ],
  "trace": "w03.oracleGeneral.bin.zst"
}