{
  "dram_cache_size": 6963,
  "flash_cache_size": 139261,
  "results": [
    {
      "hit": 30166558,
      "iteration": 0,
      "metrics": [
        {
          "admission_treshold": 0,
          "algorithm": "lru",
          "hit": 22077105,
          "inserted": 62635873,
          "layer": 0,
          "miss_ratio": 0.739389341264806,
          "reinserted": 22077105,
          "req": 84712978
        },
        {
          "admission_treshold": 2,
          "algorithm": "lru",
          "hit": 8089453,
          "inserted": 35863734,
          "layer": 1,
          "miss_ratio": 0.8708495210085122,
          "reinserted": 8024381,
          "req": 62635873
        }
      ],
      "miss_ratio": 0.6438968536792556,
      "req": 84712978
    }
  ],
  "trace": "w03.oracleGeneral.bin.zst"
}