{
  "dram_cache_size": 348154,
  "flash_cache_size": 6963096,
  "results": [
    {
      "hit": 50866152,
      "iteration": 0,
      "metrics": [
        {
<<<<<<< HEAD
          "admission_treshold": 2,
=======
          "admission_treshold": 0,
>>>>>>> 160be2d8 (New results)
          "algorithm": "lru",
          "hit": 32206844,
          "inserted": 52506134,
          "layer": 0,
          "miss_ratio": 0.6198121614848672,
          "reinserted": 32206844,
          "req": 84712978
        },
        {
          "admission_treshold": 2,
          "algorithm": "lru",
          "hit": 18659308,
          "inserted": 16107847,
          "layer": 1,
          "miss_ratio": 0.6446261307297925,
          "reinserted": 18096855,
          "req": 52506134
        }
      ],
      "miss_ratio": 0.3995471154372592,
      "req": 84712978
    }
  ],
  "trace": "w03.oracleGeneral.bin.zst"
}