{
  "dram_cache_size": 6963,
  "flash_cache_size": 139261,
  "results": [
    {
      "hit": 29128218,
      "iteration": 0,
      "metrics": [
        {
          "admission_treshold": 0,
          "algorithm": "lru",
          "hit": 22077105,
          "inserted": 62635873,
          "layer": 0,
          "miss_ratio": 0.739389341264806,
          "reinserted": 22077105,
          "req": 84712978
        },
        {
          "admission_treshold": 2,
          "algorithm": "fifo",
          "hit": 7051113,
          "inserted": 37008710,
          "layer": 1,
          "miss_ratio": 0.8874269222686495,
          "reinserted": 0,
          "req": 62635873
        }
      ],
      "miss_ratio": 0.6561540074768709,
      "req": 84712978
    }
  ],
  "trace": "w03.oracleGeneral.bin.zst"
}