{
  "dram_cache_size": 1392619,
  "flash_cache_size": 13926192,
  "results": [
    {
      "hit": 51915492,
      "iteration": 0,
      "metrics": [
        {
          "admission_treshold": 0,
          "algorithm": "lru",
          "hit": 35810472,
          "inserted": 48902506,
          "layer": 0,
          "miss_ratio": 0.5772728943610033,
          "reinserted": 35810472,
          "req": 84712978
        },
        {
          "admission_treshold": 2,
          "algorithm": "fifo",
          "hit": 16105020,
          "inserted": 14332711,
          "layer": 1,
          "miss_ratio": 0.6706708650063864,
          "reinserted": 0,
          "req": 48902506
        }
      ],
      "miss_ratio": 0.3871601114058344,
      "req": 84712978
    }
  ],
  "trace": "w03.oracleGeneral.bin.zst"
}