{
  "cache_size": 139261,
  "results": [
    {
      "hit": 29854049,
      "iteration": 0,
      "metrics": [
        {
          "admission_treshold": 16,
          "algorithm": "lru",
          "hit": 20681794,
          "inserted": 64031184,
          "layer": 0,
          "miss_ratio": 0.7558603830454408,
          "reinserted": 20681794,
          "req": 84712978
        },
        {
          "admission_treshold": 16,
          "algorithm": "lru",
          "hit": 9172255,
          "inserted": 319971,
          "layer": 1,
          "miss_ratio": 0.8567533125734486,
          "reinserted": 9171677,
          "req": 64031184
        }
      ],
      "miss_ratio": 0.6475858870172171,
      "req": 84712978
    }
  ],
  "trace": "w03.oracleGeneral.bin.zst"
}