{
  "dram_cache_size": 278523,
  "flash_cache_size": 2785238,
  "results": [
    {
      "hit": 38620199,
      "iteration": 0,
      "metrics": [
        {
<<<<<<< HEAD
          "admission_treshold": 4,
=======
          "admission_treshold": 0,
>>>>>>> 160be2d8 (New results)
          "algorithm": "lru",
          "hit": 31631467,
          "inserted": 53081511,
          "layer": 0,
          "miss_ratio": 0.6266042376647413,
          "reinserted": 31631467,
          "req": 84712978
        },
        {
          "admission_treshold": 4,
          "algorithm": "fifo",
          "hit": 6988732,
          "inserted": 10496300,
          "layer": 1,
          "miss_ratio": 0.8683396182900671,
          "reinserted": 0,
          "req": 53081511
        }
      ],
      "miss_ratio": 0.5441052845527399,
      "req": 84712978
    }
  ],
  "trace": "w03.oracleGeneral.bin.zst"
}