{
  "cache_size": 9595188224,
  "results": [
    {
      "hit": 28953939,
      "iteration": 0,
      "metrics": [
        {
          "admission_treshold": 4,
          "algorithm": "lru",
          "hit": 20429331,
          "inserted": 64283647,
          "layer": 0,
          "miss_ratio": 0.7588405993707363,
          "reinserted": 20429331,
          "req": 84712978
        },
        {
          "admission_treshold": 4,
          "algorithm": "fifo",
          "hit": 8524608,
          "inserted": 17441501,
          "layer": 1,
          "miss_ratio": 0.8673907222469814,
          "reinserted": 0,
          "req": 64283647
        }
      ],
      "miss_ratio": 0.6582112955585153,
      "req": 84712978
    }
  ],
  "trace": "w03.oracleGeneral.bin.zst"
}