{
  "cache_size": 6963096,
  "results": [
    {
      "hit": 43378045,
      "iteration": 0,
      "metrics": [
        {
          "admission_treshold": 4,
          "algorithm": "lru",
          "hit": 28308747,
          "inserted": 56404231,
          "layer": 0,
          "miss_ratio": 0.6658275075632449,
          "reinserted": 28308747,
          "req": 84712978
        },
        {
          "admission_treshold": 4,
          "algorithm": "lru",
          "hit": 15069298,
          "inserted": 4543943,
          "layer": 1,
          "miss_ratio": 0.7328339074421563,
          "reinserted": 15038616,
          "req": 56404231
        }
      ],
      "miss_ratio": 0.48794097405004466,
      "req": 84712978
    }
  ],
  "trace": "w03.oracleGeneral.bin.zst"
}