{
  "dram_cache_size": 3481548,
  "flash_cache_size": 13926192,
  "results": [
    {
      "hit": 54173746,
      "iteration": 0,
      "metrics": [
        {
<<<<<<< HEAD
          "admission_treshold": 1,
=======
          "admission_treshold": 0,
>>>>>>> 160be2d8 (New results)
          "algorithm": "lru",
          "hit": 39803819,
          "inserted": 44909159,
          "layer": 0,
          "miss_ratio": 0.5301331633035024,
          "reinserted": 39803819,
          "req": 84712978
        },
        {
          "admission_treshold": 1,
          "algorithm": "fifo",
          "hit": 14369927,
          "inserted": 30599150,
          "layer": 1,
          "miss_ratio": 0.6800223535693466,
          "reinserted": 0,
          "req": 44909159
        }
      ],
      "miss_ratio": 0.3605024014148104,
      "req": 84712978
    }
  ],
  "trace": "w03.oracleGeneral.bin.zst"
}