{
  "dram_cache_size": 2785,
  "flash_cache_size": 278523,
  "results": [
    {
      "hit": 20906962,
      "iteration": 0,
      "metrics": [
        {
          "admission_treshold": 8,
          "algorithm": "offline-clock",
          "hit": 20906962,
          "inserted": 1669051,
          "layer": 0,
          "miss_ratio": 0.7532023723684935,
          "reinserted": 1651555,
          "req": 84712978
        }
      ],
      "miss_ratio": 0.7532023723684935,
      "req": 84712978
    },
    {
      "hit": 21008791,
      "iteration": 1,
      "metrics": [
        {
          "admission_treshold": 8,
          "algorithm": "offline-clock",
          "hit": 21008791,
          "inserted": 1567222,
          "layer": 0,
          "miss_ratio": 0.7520003251449855,
          "reinserted": 737933,
          "req": 84712978
        }
      ],
      "miss_ratio": 0.7520003251449855,
      "req": 84712978
    }
  ],
  "trace": "w03.oracleGeneral.bin.zst"
}