{
  "dram_cache_size": 6963,
  "flash_cache_size": 139261,
  "results": [
    {
      "hit": 30311505,
      "iteration": 0,
      "metrics": [
        {
          "admission_treshold": 0,
          "algorithm": "lru",
          "hit": 22077105,
          "inserted": 62635873,
          "layer": 0,
          "miss_ratio": 0.739389341264806,
          "reinserted": 22077105,
          "req": 84712978
        },
        {
          "admission_treshold": 16,
          "algorithm": "fifo",
          "hit": 8234400,
          "inserted": 433306,
          "layer": 1,
          "miss_ratio": 0.8685353998338939,
          "reinserted": 0,
          "req": 62635873
        }
      ],
      "miss_ratio": 0.6421858171483477,
      "req": 84712978
    }
  ],
  "trace": "w03.oracleGeneral.bin.zst"
}