{
  "dram_cache_size": 1875,
  "flash_cache_size": 187533,
  "results": [
    {
      "hit": 23922166,
      "iteration": 0,
      "metrics": [
        {
          "admission_treshold": 16,
          "algorithm": "offline-clock",
          "hit": 23922166,
          "inserted": 311658,
          "layer": 0,
          "miss_ratio": 0.6923771029850068,
          "reinserted": 420160,
          "req": 77764582
        }
      ],
      "miss_ratio": 0.6923771029850068,
      "req": 77764582
    },
    {
      "hit": 23933029,
      "iteration": 1,
      "metrics": [
        {
          "admission_treshold": 16,
          "algorithm": "offline-clock",
          "hit": 23933029,
          "inserted": 300795,
          "layer": 0,
          "miss_ratio": 0.6922374121422012,
          "reinserted": 216802,
          "req": 77764582
        }
      ],
      "miss_ratio": 0.6922374121422012,
      "req": 77764582
    }
  ],
  "trace": "w04.oracleGeneral.bin.zst"
}