{
  "dram_cache_size": 937,
  "flash_cache_size": 93766,
  "results": [
    {
      "hit": 26292314,
      "iteration": 0,
      "metrics": [
        {
          "admission_treshold": 4,
          "algorithm": "fifo",
          "hit": 26292314,
          "inserted": 12473775,
          "layer": 0,
          "miss_ratio": 0.6618986005737162,
          "reinserted": 0,
          "req": 77764582
        }
      ],
      "miss_ratio": 0.6618986005737162,
      "req": 77764582
    }
  ],
  "trace": "w04.oracleGeneral.bin.zst"
}