{
  "cache_size": 446285316096,
  "results": [
    {
      "hit": 45022922,
      "iteration": 0,
      "metrics": [
        {
          "admission_treshold": 4,
          "algorithm": "lru",
          "hit": 36548653,
          "inserted": 41215929,
          "layer": 0,
          "miss_ratio": 0.5300090084712343,
          "reinserted": 36548653,
          "req": 77764582
        },
        {
          "admission_treshold": 4,
          "algorithm": "fifo",
          "hit": 8474269,
          "inserted": 7407887,
          "layer": 1,
          "miss_ratio": 0.7943933521430513,
          "reinserted": 0,
          "req": 41215929
        }
      ],
      "miss_ratio": 0.42103563290547874,
      "req": 77764582
    }
  ],
  "trace": "w04.oracleGeneral.bin.zst"
}