{
  "dram_cache_size": 1172086,
  "flash_cache_size": 4688345,
  "results": [
    {
      "hit": 52100373,
      "iteration": 0,
      "metrics": [
        {
<<<<<<< HEAD
          "admission_treshold": 1,
=======
          "admission_treshold": 0,
>>>>>>> 160be2d8 (New results)
          "algorithm": "lru",
          "hit": 44237287,
          "inserted": 33527295,
          "layer": 0,
          "miss_ratio": 0.4311383683641481,
          "reinserted": 44237287,
          "req": 77764582
        },
        {
          "admission_treshold": 1,
          "algorithm": "offline-clock",
          "hit": 7863086,
          "inserted": 26536504,
          "layer": 1,
          "miss_ratio": 0.7654721026554633,
          "reinserted": 5273055,
          "req": 33527295
        }
      ],
      "miss_ratio": 0.33002439336715006,
      "req": 77764582
    },
    {
      "hit": 50967050,
      "iteration": 1,
      "metrics": [
        {
<<<<<<< HEAD
          "admission_treshold": 1,
=======
          "admission_treshold": 0,
>>>>>>> 160be2d8 (New results)
          "algorithm": "lru",
          "hit": 44237287,
          "inserted": 33527295,
          "layer": 0,
          "miss_ratio": 0.4311383683641481,
          "reinserted": 44237287,
          "req": 77764582
        },
        {
          "admission_treshold": 1,
          "algorithm": "offline-clock",
          "hit": 6729763,
          "inserted": 26425970,
          "layer": 1,
          "miss_ratio": 0.7992750980954473,
          "reinserted": 2102523,
          "req": 33527295
        }
      ],
      "miss_ratio": 0.34459816166696555,
      "req": 77764582
    }
  ],
  "trace": "w04.oracleGeneral.bin.zst"
}