{
  "dram_cache_size": 18753,
  "flash_cache_size": 187533,
  "results": [
    {
      "hit": 42140432,
      "iteration": 0,
      "metrics": [
        {
          "admission_treshold": 0,
          "algorithm": "lru",
          "hit": 33199051,
          "inserted": 44565531,
          "layer": 0,
          "miss_ratio": 0.573082627770056,
          "reinserted": 33199051,
          "req": 77764582
        },
        {
          "admission_treshold": 8,
          "algorithm": "lru",
          "hit": 8941381,
          "inserted": 1621678,
          "layer": 1,
          "miss_ratio": 0.7993655455378732,
          "reinserted": 8931816,
          "req": 44565531
        }
      ],
      "miss_ratio": 0.4581025073856888,
      "req": 77764582
    }
  ],
  "trace": "w04.oracleGeneral.bin.zst"
}