{
  "dram_cache_size": 46883,
  "flash_cache_size": 187533,
  "results": [
    {
      "hit": 41964788,
      "iteration": 0,
      "metrics": [
        {
<<<<<<< HEAD
          "admission_treshold": 4,
=======
          "admission_treshold": 0,
>>>>>>> 160be2d8 (New results)
          "algorithm": "lru",
          "hit": 36634493,
          "inserted": 41130089,
          "layer": 0,
          "miss_ratio": 0.5289051640501328,
          "reinserted": 36634493,
          "req": 77764582
        },
        {
          "admission_treshold": 4,
          "algorithm": "fifo",
          "hit": 5330295,
          "inserted": 10808514,
          "layer": 1,
          "miss_ratio": 0.8704040003414532,
          "reinserted": 0,
          "req": 41130089
        }
      ],
      "miss_ratio": 0.4603611705904881,
      "req": 77764582
    }
  ],
  "trace": "w04.oracleGeneral.bin.zst"
}