{
  "dram_cache_size": 234417,
  "flash_cache_size": 4688345,
  "results": [
    {
      "hit": 44493002,
      "iteration": 0,
      "metrics": [
        {
<<<<<<< HEAD
          "admission_treshold": 8,
=======
          "admission_treshold": 0,
>>>>>>> 160be2d8 (New results)
          "algorithm": "lru",
          "hit": 40912591,
          "inserted": 36851991,
          "layer": 0,
          "miss_ratio": 0.4738917133252256,
          "reinserted": 40912591,
          "req": 77764582
        },
        {
          "admission_treshold": 8,
          "algorithm": "offline-clock",
          "hit": 3580411,
          "inserted": 815215,
          "layer": 1,
          "miss_ratio": 0.9028434854442464,
          "reinserted": 0,
          "req": 36851991
        }
      ],
      "miss_ratio": 0.4278500461816923,
      "req": 77764582
    },
    {
      "hit": 44493002,
      "iteration": 1,
      "metrics": [
        {
<<<<<<< HEAD
          "admission_treshold": 8,
=======
          "admission_treshold": 0,
>>>>>>> 160be2d8 (New results)
          "algorithm": "lru",
          "hit": 40912591,
          "inserted": 36851991,
          "layer": 0,
          "miss_ratio": 0.4738917133252256,
          "reinserted": 40912591,
          "req": 77764582
        },
        {
          "admission_treshold": 8,
          "algorithm": "offline-clock",
          "hit": 3580411,
          "inserted": 815215,
          "layer": 1,
          "miss_ratio": 0.9028434854442464,
          "reinserted": 0,
          "req": 36851991
        }
      ],
      "miss_ratio": 0.4278500461816923,
      "req": 77764582
    }
  ],
  "trace": "w04.oracleGeneral.bin.zst"
}