{
  "dram_cache_size": 937,
  "flash_cache_size": 93766,
  "results": [
    {
      "hit": 36633449,
      "iteration": 0,
      "metrics": [
        {
          "admission_treshold": 0,
          "algorithm": "lru",
          "hit": 22421278,
          "inserted": 55343304,
          "layer": 0,
          "miss_ratio": 0.7116775089204492,
          "reinserted": 22421278,
          "req": 77764582
        },
        {
          "admission_treshold": 16,
          "algorithm": "fifo",
          "hit": 14212171,
          "inserted": 864019,
          "layer": 1,
          "miss_ratio": 0.7431998096824866,
          "reinserted": 0,
          "req": 55343304
        }
      ],
      "miss_ratio": 0.5289185891849839,
      "req": 77764582
    }
  ],
  "trace": "w04.oracleGeneral.bin.zst"
}