{
  "cache_size": 9376690,
  "results": [
    {
      "hit": 42765075,
      "iteration": 0,
      "metrics": [
        {
          "admission_treshold": 16,
          "algorithm": "lru",
          "hit": 38846422,
          "inserted": 38918160,
          "layer": 0,
          "miss_ratio": 0.5004612511130067,
          "reinserted": 38846422,
          "req": 77764582
        },
        {
          "admission_treshold": 16,
          "algorithm": "fifo",
          "hit": 3918653,
          "inserted": 278566,
          "layer": 1,
          "miss_ratio": 0.899310424747727,
          "reinserted": 0,
          "req": 38918160
        }
      ],
      "miss_ratio": 0.45007002030821697,
      "req": 77764582
    }
  ],
  "trace": "w04.oracleGeneral.bin.zst"
}