{
  "dram_cache_size": 468834,
  "flash_cache_size": 1875338,
  "results": [
    {
      "hit": 45969546,
      "iteration": 0,
      "metrics": [
        {
          "admission_treshold": 0,
          "algorithm": "lru",
          "hit": 42682285,
          "inserted": 35082297,
          "layer": 0,
          "miss_ratio": 0.4511346437893796,
          "reinserted": 42682285,
          "req": 77764582
        },
        {
          "admission_treshold": 4,
          "algorithm": "offline-clock",
          "hit": 3287261,
          "inserted": 7014633,
          "layer": 1,
          "miss_ratio": 0.9062985813044112,
          "reinserted": 1368564,
          "req": 35082297
        }
      ],
      "miss_ratio": 0.4088626876435856,
      "req": 77764582
    },
    {
      "hit": 45981165,
      "iteration": 1,
      "metrics": [
        {
          "admission_treshold": 0,
          "algorithm": "lru",
          "hit": 42682285,
          "inserted": 35082297,
          "layer": 0,
          "miss_ratio": 0.4511346437893796,
          "reinserted": 42682285,
          "req": 77764582
        },
        {
          "admission_treshold": 4,
          "algorithm": "offline-clock",
          "hit": 3298880,
          "inserted": 6985503,
          "layer": 1,
          "miss_ratio": 0.9059673886233846,
          "reinserted": 581792,
          "req": 35082297
        }
      ],
      "miss_ratio": 0.4087132751514051,
      "req": 77764582
    }
  ],
  "trace": "w04.oracleGeneral.bin.zst"
}