{
  "dram_cache_size": 1172086,
  "flash_cache_size": 4688345,
  "results": [
    {
      "hit": 50329412,
      "iteration": 0,
      "metrics": [
        {
<<<<<<< HEAD
          "admission_treshold": 2,
=======
          "admission_treshold": 0,
>>>>>>> 160be2d8 (New results)
          "algorithm": "lru",
          "hit": 44237287,
          "inserted": 33527295,
          "layer": 0,
          "miss_ratio": 0.4311383683641481,
          "reinserted": 44237287,
          "req": 77764582
        },
        {
          "admission_treshold": 2,
          "algorithm": "lru",
          "hit": 6092125,
          "inserted": 19861685,
          "layer": 1,
          "miss_ratio": 0.8182935724459728,
          "reinserted": 4864766,
          "req": 33527295
        }
      ],
      "miss_ratio": 0.3527977556672265,
      "req": 77764582
    }
  ],
  "trace": "w04.oracleGeneral.bin.zst"
}