{
  "cache_size": 178514132992,
  "results": [
    {
      "hit": 44041228,
      "iteration": 0,
      "metrics": [
        {
          "admission_treshold": 2,
          "algorithm": "lru",
          "hit": 33437431,
          "inserted": 44327151,
          "layer": 0,
          "miss_ratio": 0.5700172219790238,
          "reinserted": 33437431,
          "req": 77764582
        },
        {
          "admission_treshold": 2,
          "algorithm": "fifo",
          "hit": 10603797,
          "inserted": 25528807,
          "layer": 1,
          "miss_ratio": 0.7607832499769723,
          "reinserted": 0,
          "req": 44327151
        }
      ],
      "miss_ratio": 0.433659554680047,
      "req": 77764582
    }
  ],
  "trace": "w04.oracleGeneral.bin.zst"
}