{
  "dram_cache_size": 937669,
  "flash_cache_size": 1875338,
  "results": [
    {
      "hit": 45295267,
      "iteration": 0,
      "metrics": [
        {
          "admission_treshold": 0,
          "algorithm": "lru",
          "hit": 43933241,
          "inserted": 33831341,
          "layer": 0,
          "miss_ratio": 0.43504819456240373,
          "reinserted": 43933241,
          "req": 77764582
        },
        {
          "admission_treshold": 8,
          "algorithm": "lru",
          "hit": 1362026,
          "inserted": 789069,
          "layer": 1,
          "miss_ratio": 0.9597407031545099,
          "reinserted": 1252236,
          "req": 33831341
        }
      ],
      "miss_ratio": 0.41753346015542137,
      "req": 77764582
    }
  ],
  "trace": "w04.oracleGeneral.bin.zst"
}