{
  "dram_cache_size": 4688345,
  "flash_cache_size": 9376690,
  "results": [
    {
      "hit": 55789165,
      "iteration": 0,
      "metrics": [
        {
          "admission_treshold": 0,
          "algorithm": "lru",
          "hit": 49213963,
          "inserted": 28550619,
          "layer": 0,
          "miss_ratio": 0.3671416763996751,
          "reinserted": 49213963,
          "req": 77764582
        },
        {
          "admission_treshold": 2,
          "algorithm": "lru",
          "hit": 6575202,
          "inserted": 12873515,
          "layer": 1,
          "miss_ratio": 0.7697001945912276,
          "reinserted": 4111430,
          "req": 28550619
        }
      ],
      "miss_ratio": 0.2825890197673795,
      "req": 77764582
    }
  ],
  "trace": "w04.oracleGeneral.bin.zst"
}