{
  "cache_size": 9376690,
  "results": [
    {
      "hit": 54175365,
      "iteration": 0,
      "metrics": [
        {
          "admission_treshold": 2,
          "algorithm": "lru",
          "hit": 38846422,
          "inserted": 38918160,
          "layer": 0,
          "miss_ratio": 0.5004612511130067,
          "reinserted": 38846422,
          "req": 77764582
        },
        {
          "admission_treshold": 2,
          "algorithm": "fifo",
          "hit": 15328943,
          "inserted": 15602149,
          "layer": 1,
          "miss_ratio": 0.6061236451055241,
          "reinserted": 0,
          "req": 38918160
        }
      ],
      "miss_ratio": 0.3033413977586866,
      "req": 77764582
    }
  ],
  "trace": "w04.oracleGeneral.bin.zst"
}