{
  "dram_cache_size": 937,
  "flash_cache_size": 93766,
  "results": [
    {
      "hit": 25868258,
      "iteration": 0,
      "metrics": [
        {
          "admission_treshold": 8,
          "algorithm": "lru",
          "hit": 25868258,
          "inserted": 2399448,
          "layer": 0,
          "miss_ratio": 0.6673516743136354,
          "reinserted": 25868258,
          "req": 77764582
        }
      ],
      "miss_ratio": 0.6673516743136354,
      "req": 77764582
    }
  ],
  "trace": "w04.oracleGeneral.bin.zst"
}