{
  "dram_cache_size": 2344172,
  "flash_cache_size": 9376690,
  "results": [
    {
      "hit": 55412907,
      "iteration": 0,
      "metrics": [
        {
<<<<<<< HEAD
          "admission_treshold": 2,
=======
          "admission_treshold": 0,
>>>>>>> 160be2d8 (New results)
          "algorithm": "lru",
          "hit": 45920176,
          "inserted": 31844406,
          "layer": 0,
          "miss_ratio": 0.4094975524976139,
          "reinserted": 45920176,
          "req": 77764582
        },
        {
          "admission_treshold": 2,
          "algorithm": "lru",
          "hit": 9492731,
          "inserted": 14086106,
          "layer": 1,
          "miss_ratio": 0.7019027140905062,
          "reinserted": 7995945,
          "req": 31844406
        }
      ],
      "miss_ratio": 0.28742744351149474,
      "req": 77764582
    }
  ],
  "trace": "w04.oracleGeneral.bin.zst"
}