{
  "dram_cache_size": 937,
  "flash_cache_size": 93766,
  "results": [
    {
      "hit": 21222763,
      "iteration": 0,
      "metrics": [
        {
          "admission_treshold": 32,
          "algorithm": "lru",
          "hit": 21222763,
          "inserted": 122224,
          "layer": 0,
          "miss_ratio": 0.7270896023076419,
          "reinserted": 21222763,
          "req": 77764582
        }
      ],
      "miss_ratio": 0.7270896023076419,
      "req": 77764582
    }
  ],
  "trace": "w04.oracleGeneral.bin.zst"
}