{
  "dram_cache_size": 1875,
  "flash_cache_size": 187533,
  "results": [
    {
      "hit": 27879525,
      "iteration": 0,
      "metrics": [
        {
          "admission_treshold": 4,
          "algorithm": "fifo",
          "hit": 27879525,
          "inserted": 10886564,
          "layer": 0,
          "miss_ratio": 0.6414881391634047,
          "reinserted": 0,
          "req": 77764582
        }
      ],
      "miss_ratio": 0.6414881391634047,
      "req": 77764582
    }
  ],
  "trace": "w04.oracleGeneral.bin.zst"
}