{
  "cache_size": 446285316096,
  "results": [
    {
      "hit": 42062910,
      "iteration": 0,
      "metrics": [
        {
          "admission_treshold": 16,
          "algorithm": "lru",
          "hit": 36548653,
          "inserted": 41215929,
          "layer": 0,
          "miss_ratio": 0.5300090084712343,
          "reinserted": 36548653,
          "req": 77764582
        },
        {
          "admission_treshold": 16,
          "algorithm": "lru",
          "hit": 5514257,
          "inserted": 279227,
          "layer": 1,
          "miss_ratio": 0.8662105371930353,
          "reinserted": 5506554,
          "req": 41215929
        }
      ],
      "miss_ratio": 0.4590993879450159,
      "req": 77764582
    }
  ],
  "trace": "w04.oracleGeneral.bin.zst"
}