{
  "dram_cache_size": 937,
  "flash_cache_size": 93766,
  "results": [
    {
      "hit": 23659644,
      "iteration": 0,
      "metrics": [
        {
          "admission_treshold": 16,
          "algorithm": "lru",
          "hit": 23659644,
          "inserted": 574180,
          "layer": 0,
          "miss_ratio": 0.6957529585898115,
          "reinserted": 23659644,
          "req": 77764582
        }
      ],
      "miss_ratio": 0.6957529585898115,
      "req": 77764582
    }
  ],
  "trace": "w04.oracleGeneral.bin.zst"
}