{
  "dram_cache_size": 23441,
  "flash_cache_size": 93766,
  "results": [
    {
      "hit": 40968513,
      "iteration": 0,
      "metrics": [
        {
<<<<<<< HEAD
          "admission_treshold": 4,
=======
          "admission_treshold": 0,
>>>>>>> 160be2d8 (New results)
          "algorithm": "lru",
          "hit": 33994578,
          "inserted": 43770004,
          "layer": 0,
          "miss_ratio": 0.5628526878727388,
          "reinserted": 33994578,
          "req": 77764582
        },
        {
          "admission_treshold": 4,
          "algorithm": "offline-clock",
          "hit": 6973935,
          "inserted": 11312993,
          "layer": 1,
          "miss_ratio": 0.8406686231968359,
          "reinserted": 3255681,
          "req": 43770004
        }
      ],
      "miss_ratio": 0.4731725941766137,
      "req": 77764582
    },
    {
      "hit": 41108694,
      "iteration": 1,
      "metrics": [
        {
<<<<<<< HEAD
          "admission_treshold": 4,
=======
          "admission_treshold": 0,
>>>>>>> 160be2d8 (New results)
          "algorithm": "lru",
          "hit": 33994578,
          "inserted": 43770004,
          "layer": 0,
          "miss_ratio": 0.5628526878727388,
          "reinserted": 33994578,
          "req": 77764582
        },
        {
          "admission_treshold": 4,
          "algorithm": "offline-clock",
          "hit": 7114116,
          "inserted": 11185025,
          "layer": 1,
          "miss_ratio": 0.8374659504257755,
          "reinserted": 1778018,
          "req": 43770004
        }
      ],
      "miss_ratio": 0.4713699611990456,
      "req": 77764582
    }
  ],
  "trace": "w04.oracleGeneral.bin.zst"
}