{
  "dram_cache_size": 18753,
  "flash_cache_size": 187533,
  "results": [
    {
      "hit": 42298561,
      "iteration": 0,
      "metrics": [
        {
<<<<<<< HEAD
          "admission_treshold": 4,
=======
          "admission_treshold": 0,
>>>>>>> 160be2d8 (New results)
          "algorithm": "lru",
          "hit": 33199051,
          "inserted": 44565531,
          "layer": 0,
          "miss_ratio": 0.573082627770056,
          "reinserted": 33199051,
          "req": 77764582
        },
        {
          "admission_treshold": 4,
          "algorithm": "offline-clock",
          "hit": 9099510,
          "inserted": 9787123,
          "layer": 1,
          "miss_ratio": 0.7958173100192613,
          "reinserted": 2888361,
          "req": 44565531
        }
      ],
      "miss_ratio": 0.4560690752507356,
      "req": 77764582
    },
    {
      "hit": 42332033,
      "iteration": 1,
      "metrics": [
        {
<<<<<<< HEAD
          "admission_treshold": 4,
=======
          "admission_treshold": 0,
>>>>>>> 160be2d8 (New results)
          "algorithm": "lru",
          "hit": 33199051,
          "inserted": 44565531,
          "layer": 0,
          "miss_ratio": 0.573082627770056,
          "reinserted": 33199051,
          "req": 77764582
        },
        {
          "admission_treshold": 4,
          "algorithm": "offline-clock",
          "hit": 9132982,
          "inserted": 9751902,
          "layer": 1,
          "miss_ratio": 0.7950662362802319,
          "reinserted": 1446701,
          "req": 44565531
        }
      ],
      "miss_ratio": 0.45563864793872355,
      "req": 77764582
    }
  ],
  "trace": "w04.oracleGeneral.bin.zst"
}