{
  "dram_cache_size": 93766,
  "flash_cache_size": 9376690,
  "results": [
    {
      "hit": 44231798,
      "iteration": 0,
      "metrics": [
        {
          "admission_treshold": 2,
          "algorithm": "offline-clock",
          "hit": 44231798,
          "inserted": 14779403,
          "layer": 0,
          "miss_ratio": 0.4312089531967136,
          "reinserted": 4873152,
          "req": 77764582
        }
      ],
      "miss_ratio": 0.4312089531967136,
      "req": 77764582
    },
    {
      "hit": 44249492,
      "iteration": 1,
      "metrics": [
        {
          "admission_treshold": 2,
          "algorithm": "offline-clock",
          "hit": 44249492,
          "inserted": 14761709,
          "layer": 0,
          "miss_ratio": 0.4309814203077694,
          "reinserted": 4678163,
          "req": 77764582
        }
      ],
      "miss_ratio": 0.4309814203077694,
      "req": 77764582
    }
  ],
  "trace": "w04.oracleGeneral.bin.zst"
}