{
  "dram_cache_size": 9376,
  "flash_cache_size": 93766,
  "results": [
    {
      "hit": 38847740,
      "iteration": 0,
      "metrics": [
        {
          "admission_treshold": 32,
          "algorithm": "lru",
          "hit": 31099455,
          "inserted": 46665127,
          "layer": 0,
          "miss_ratio": 0.6000820142002434,
          "reinserted": 31099455,
          "req": 77764582
        },
        {
          "admission_treshold": 32,
          "algorithm": "fifo",
          "hit": 7748285,
          "inserted": 165076,
          "layer": 1,
          "miss_ratio": 0.8339598432894011,
          "reinserted": 0,
          "req": 46665127
        }
      ],
      "miss_ratio": 0.5004443025232233,
      "req": 77764582
    }
  ],
  "trace": "w04.oracleGeneral.bin.zst"
}