{
  "dram_cache_size": 9376,
  "flash_cache_size": 187533,
  "results": [
    {
      "hit": 39466478,
      "iteration": 0,
      "metrics": [
        {
          "admission_treshold": 0,
          "algorithm": "lru",
          "hit": 31099455,
          "inserted": 46665127,
          "layer": 0,
          "miss_ratio": 0.6000820142002434,
          "reinserted": 31099455,
          "req": 77764582
        },
        {
          "admission_treshold": 1,
          "algorithm": "fifo",
          "hit": 8367023,
          "inserted": 38576219,
          "layer": 1,
          "miss_ratio": 0.8207007344049444,
          "reinserted": 0,
          "req": 46665127
        }
      ],
      "miss_ratio": 0.4924877497573381,
      "req": 77764582
    }
  ],
  "trace": "w04.oracleGeneral.bin.zst"
}