{
  "cache_size": 9376690,
  "results": [
    {
      "hit": 54160587,
      "iteration": 0,
      "metrics": [
        {
          "admission_treshold": 0,
          "algorithm": "lru",
          "hit": 38846422,
          "inserted": 38918160,
          "layer": 0,
          "miss_ratio": 0.5004612511130067,
          "reinserted": 38846422,
          "req": 77764582
        },
        {
          "admission_treshold": 0,
          "algorithm": "fifo",
          "hit": 15314165,
          "inserted": 23630075,
          "layer": 1,
          "miss_ratio": 0.6065033650100622,
          "reinserted": 0,
          "req": 38918160
        }
      ],
      "miss_ratio": 0.3035314328571843,
      "req": 77764582
    }
  ],
  "trace": "w04.oracleGeneral.bin.zst"
}