{
  "dram_cache_size": 18753,
  "flash_cache_size": 187533,
  "results": [
    {
      "hit": 41115151,
      "iteration": 0,
      "metrics": [
        {
          "admission_treshold": 0,
          "algorithm": "lru",
          "hit": 33199051,
          "inserted": 44565531,
          "layer": 0,
          "miss_ratio": 0.573082627770056,
          "reinserted": 33199051,
          "req": 77764582
        },
        {
          "admission_treshold": 16,
          "algorithm": "lru",
          "hit": 7916100,
          "inserted": 302643,
          "layer": 1,
          "miss_ratio": 0.8223716890078119,
          "reinserted": 7910955,
          "req": 44565531
        }
      ],
      "miss_ratio": 0.4712869285402962,
      "req": 77764582
    }
  ],
  "trace": "w04.oracleGeneral.bin.zst"
}