{
  "dram_cache_size": 4688345,
  "flash_cache_size": 9376690,
  "results": [
    {
      "hit": 52177341,
      "iteration": 0,
      "metrics": [
        {
          "admission_treshold": 0,
          "algorithm": "lru",
          "hit": 49213963,
          "inserted": 28550619,
          "layer": 0,
          "miss_ratio": 0.3671416763996751,
          "reinserted": 49213963,
          "req": 77764582
        },
        {
          "admission_treshold": 4,
          "algorithm": "lru",
          "hit": 2963378,
          "inserted": 4186981,
          "layer": 1,
          "miss_ratio": 0.8962061733232474,
          "reinserted": 816970,
          "req": 28550619
        }
      ],
      "miss_ratio": 0.3290346368736349,
      "req": 77764582
    }
  ],
  "trace": "w04.oracleGeneral.bin.zst"
}