{
  "dram_cache_size": 93766,
  "flash_cache_size": 1875338,
  "results": [
    {
      "hit": 45506668,
      "iteration": 0,
      "metrics": [
        {
<<<<<<< HEAD
          "admission_treshold": 2,
=======
          "admission_treshold": 0,
>>>>>>> 160be2d8 (New results)
          "algorithm": "lru",
          "hit": 38846422,
          "inserted": 38918160,
          "layer": 0,
          "miss_ratio": 0.5004612511130067,
          "reinserted": 38846422,
          "req": 77764582
        },
        {
          "admission_treshold": 2,
          "algorithm": "fifo",
          "hit": 6660246,
          "inserted": 24385745,
          "layer": 1,
          "miss_ratio": 0.8288653420408365,
          "reinserted": 0,
          "req": 38918160
        }
      ],
      "miss_ratio": 0.4148149860819672,
      "req": 77764582
    }
  ],
  "trace": "w04.oracleGeneral.bin.zst"
}