{
  "dram_cache_size": 937669,
  "flash_cache_size": 1875338,
  "results": [
    {
      "hit": 46274701,
      "iteration": 0,
      "metrics": [
        {
          "admission_treshold": 0,
          "algorithm": "lru",
          "hit": 43933241,
          "inserted": 33831341,
          "layer": 0,
          "miss_ratio": 0.43504819456240373,
          "reinserted": 43933241,
          "req": 77764582
        },
        {
          "admission_treshold": 4,
          "algorithm": "fifo",
          "hit": 2341460,
          "inserted": 6849512,
          "layer": 1,
          "miss_ratio": 0.9307902101781895,
          "reinserted": 0,
          "req": 33831341
        }
      ],
      "miss_ratio": 0.4049386004543817,
      "req": 77764582
    }
  ],
  "trace": "w04.oracleGeneral.bin.zst"
}