{
  "dram_cache_size": 9376,
  "flash_cache_size": 93766,
  "results": [
    {
      "hit": 40296186,
      "iteration": 0,
      "metrics": [
        {
          "admission_treshold": 0,
          "algorithm": "lru",
          "hit": 31099455,
          "inserted": 46665127,
          "layer": 0,
          "miss_ratio": 0.6000820142002434,
          "reinserted": 31099455,
          "req": 77764582
        },
        {
          "admission_treshold": 8,
          "algorithm": "fifo",
          "hit": 9196731,
          "inserted": 3162091,
          "layer": 1,
          "miss_ratio": 0.8029206906476436,
          "reinserted": 0,
          "req": 46665127
        }
      ],
      "miss_ratio": 0.48181826528688854,
      "req": 77764582
    }
  ],
  "trace": "w04.oracleGeneral.bin.zst"
}