{
  "cache_size": 93766,
  "results": [
    {
      "hit": 38454999,
      "iteration": 0,
      "metrics": [
        {
          "admission_treshold": 8,
          "algorithm": "lru",
          "hit": 22421278,
          "inserted": 55343304,
          "layer": 0,
          "miss_ratio": 0.7116775089204492,
          "reinserted": 22421278,
          "req": 77764582
        },
        {
          "admission_treshold": 8,
          "algorithm": "lru",
          "hit": 16033721,
          "inserted": 2399299,
          "layer": 1,
          "miss_ratio": 0.7102861621705853,
          "reinserted": 16031319,
          "req": 55343304
        }
      ],
      "miss_ratio": 0.5054946865142282,
      "req": 77764582
    }
  ],
  "trace": "w04.oracleGeneral.bin.zst"
}