{
  "cache_size": 8925706240,
  "results": [
    {
      "hit": 36726563,
      "iteration": 0,
      "metrics": [
        {
          "admission_treshold": 16,
          "algorithm": "lru",
          "hit": 22427992,
          "inserted": 55336590,
          "layer": 0,
          "miss_ratio": 0.7115911714152852,
          "reinserted": 22427992,
          "req": 77764582
        },
        {
          "admission_treshold": 16,
          "algorithm": "fifo",
          "hit": 14298571,
          "inserted": 766500,
          "layer": 1,
          "miss_ratio": 0.7416072981728725,
          "reinserted": 0,
          "req": 55336590
        }
      ],
      "miss_ratio": 0.5277212060369592,
      "req": 77764582
    }
  ],
  "trace": "w04.oracleGeneral.bin.zst"
}