{
  "dram_cache_size": 46883,
  "flash_cache_size": 93766,
  "results": [
    {
      "hit": 42197300,
      "iteration": 0,
      "metrics": [
        {
          "admission_treshold": 0,
          "algorithm": "lru",
          "hit": 36634493,
          "inserted": 41130089,
          "layer": 0,
          "miss_ratio": 0.5289051640501328,
          "reinserted": 36634493,
          "req": 77764582
        },
        {
          "admission_treshold": 8,
          "algorithm": "offline-clock",
          "hit": 5562807,
          "inserted": 2340921,
          "layer": 1,
          "miss_ratio": 0.8647509126469433,
          "reinserted": 2197335,
          "req": 41130089
        }
      ],
      "miss_ratio": 0.4573712233160335,
      "req": 77764582
    },
    {
      "hit": 42237123,
      "iteration": 1,
      "metrics": [
        {
          "admission_treshold": 0,
          "algorithm": "lru",
          "hit": 36634493,
          "inserted": 41130089,
          "layer": 0,
          "miss_ratio": 0.5289051640501328,
          "reinserted": 36634493,
          "req": 77764582
        },
        {
          "admission_treshold": 8,
          "algorithm": "offline-clock",
          "hit": 5602630,
          "inserted": 2263422,
          "layer": 1,
          "miss_ratio": 0.8637826920335621,
          "reinserted": 1284686,
          "req": 41130089
        }
      ],
      "miss_ratio": 0.45685912643367643,
      "req": 77764582
    }
  ],
  "trace": "w04.oracleGeneral.bin.zst"
}