{
  "dram_cache_size": 2344172,
  "flash_cache_size": 4688345,
  "results": [
    {
      "hit": 46182462,
      "iteration": 0,
      "metrics": [
        {
          "admission_treshold": 0,
          "algorithm": "lru",
          "hit": 45920176,
          "inserted": 31844406,
          "layer": 0,
          "miss_ratio": 0.4094975524976139,
          "reinserted": 45920176,
          "req": 77764582
        },
        {
          "admission_treshold": 16,
          "algorithm": "fifo",
          "hit": 262286,
          "inserted": 222343,
          "layer": 1,
          "miss_ratio": 0.991763514131807,
          "reinserted": 0,
          "req": 31844406
        }
      ],
      "miss_ratio": 0.4061247316934077,
      "req": 77764582
    }
  ],
  "trace": "w04.oracleGeneral.bin.zst"
}