{
  "dram_cache_size": 4688,
  "flash_cache_size": 93766,
  "results": [
    {
      "hit": 40623841,
      "iteration": 0,
      "metrics": [
        {
          "admission_treshold": 0,
          "algorithm": "lru",
          "hit": 28768273,
          "inserted": 48996309,
          "layer": 0,
          "miss_ratio": 0.6300594401703337,
          "reinserted": 28768273,
          "req": 77764582
        },
        {
          "admission_treshold": 8,
          "algorithm": "lru",
          "hit": 11855568,
          "inserted": 2397779,
          "layer": 1,
          "miss_ratio": 0.7580314059983579,
          "reinserted": 11840124,
          "req": 48996309
        }
      ],
      "miss_ratio": 0.4776048432948563,
      "req": 77764582
    }
  ],
  "trace": "w04.oracleGeneral.bin.zst"
}