{
  "cache_size": 187533,
  "results": [
    {
      "hit": 38013066,
      "iteration": 0,
      "metrics": [
        {
          "admission_treshold": 16,
          "algorithm": "lru",
          "hit": 24041828,
          "inserted": 53722754,
          "layer": 0,
          "miss_ratio": 0.6908383304882935,
          "reinserted": 24041828,
          "req": 77764582
        },
        {
          "admission_treshold": 16,
          "algorithm": "fifo",
          "hit": 13971238,
          "inserted": 369750,
          "layer": 1,
          "miss_ratio": 0.7399381647485905,
          "reinserted": 0,
          "req": 53722754
        }
      ],
      "miss_ratio": 0.5111776463994882,
      "req": 77764582
    }
  ],
  "trace": "w04.oracleGeneral.bin.zst"
}