{
  "dram_cache_size": 4688,
  "flash_cache_size": 93766,
  "results": [
    {
      "hit": 38946197,
      "iteration": 0,
      "metrics": [
        {
          "admission_treshold": 0,
          "algorithm": "lru",
          "hit": 28768273,
          "inserted": 48996309,
          "layer": 0,
          "miss_ratio": 0.6300594401703337,
          "reinserted": 28768273,
          "req": 77764582
        },
        {
          "admission_treshold": 1,
          "algorithm": "lru",
          "hit": 10177924,
          "inserted": 38921066,
          "layer": 1,
          "miss_ratio": 0.7922716178477852,
          "reinserted": 10070555,
          "req": 48996309
        }
      ],
      "miss_ratio": 0.49917821200402,
      "req": 77764582
    }
  ],
  "trace": "w04.oracleGeneral.bin.zst"
}