{
  "dram_cache_size": 46883,
  "flash_cache_size": 93766,
  "results": [
    {
      "hit": 40010138,
      "iteration": 0,
      "metrics": [
        {
          "admission_treshold": 0,
          "algorithm": "lru",
          "hit": 36634493,
          "inserted": 41130089,
          "layer": 0,
          "miss_ratio": 0.5289051640501328,
          "reinserted": 36634493,
          "req": 77764582
        },
        {
          "admission_treshold": 2,
          "algorithm": "lru",
          "hit": 3375645,
          "inserted": 30724518,
          "layer": 1,
          "miss_ratio": 0.917927602831105,
          "reinserted": 2297853,
          "req": 41130089
        }
      ],
      "miss_ratio": 0.4854966493615307,
      "req": 77764582
    }
  ],
  "trace": "w04.oracleGeneral.bin.zst"
}