{
  "dram_cache_size": 9376,
  "flash_cache_size": 187533,
  "results": [
    {
      "hit": 41372575,
      "iteration": 0,
      "metrics": [
        {
          "admission_treshold": 8,
          "algorithm": "lru",
          "hit": 31099455,
          "inserted": 46665127,
          "layer": 0,
          "miss_ratio": 0.6000820142002434,
          "reinserted": 31099455,
          "req": 77764582
        },
        {
          "admission_treshold": 8,
          "algorithm": "fifo",
          "hit": 10273120,
          "inserted": 2041217,
          "layer": 1,
          "miss_ratio": 0.7798544510550673,
          "reinserted": 0,
          "req": 46665127
        }
      ],
      "miss_ratio": 0.46797662977215004,
      "req": 77764582
    }
  ],
  "trace": "w04.oracleGeneral.bin.zst"
}