{
  "dram_cache_size": 46883,
  "flash_cache_size": 187533,
  "results": [
    {
      "hit": 40781782,
      "iteration": 0,
      "metrics": [
        {
<<<<<<< HEAD
          "admission_treshold": 2,
=======
          "admission_treshold": 0,
>>>>>>> 160be2d8 (New results)
          "algorithm": "lru",
          "hit": 36634493,
          "inserted": 41130089,
          "layer": 0,
          "miss_ratio": 0.5289051640501328,
          "reinserted": 36634493,
          "req": 77764582
        },
        {
          "admission_treshold": 2,
          "algorithm": "fifo",
          "hit": 4147289,
          "inserted": 29798825,
          "layer": 1,
          "miss_ratio": 0.8991665444730742,
          "reinserted": 0,
          "req": 41130089
        }
      ],
      "miss_ratio": 0.4755738287129223,
      "req": 77764582
    }
  ],
  "trace": "w04.oracleGeneral.bin.zst"
}