{
  "dram_cache_size": 9376,
  "flash_cache_size": 93766,
  "results": [
    {
      "hit": 38888323,
      "iteration": 0,
      "metrics": [
        {
          "admission_treshold": 0,
          "algorithm": "lru",
          "hit": 31099455,
          "inserted": 46665127,
          "layer": 0,
          "miss_ratio": 0.6000820142002434,
          "reinserted": 31099455,
          "req": 77764582
        },
        {
          "admission_treshold": 32,
          "algorithm": "lru",
          "hit": 7788868,
          "inserted": 122159,
          "layer": 1,
          "miss_ratio": 0.8330901788824019,
          "reinserted": 7786581,
          "req": 46665127
        }
      ],
      "miss_ratio": 0.4999224325541929,
      "req": 77764582
    }
  ],
  "trace": "w04.oracleGeneral.bin.zst"
}