{
  "dram_cache_size": 2344172,
  "flash_cache_size": 9376690,
  "results": [
    {
      "hit": 49812705,
      "iteration": 0,
      "metrics": [
        {
<<<<<<< HEAD
          "admission_treshold": 4,
=======
          "admission_treshold": 0,
>>>>>>> 160be2d8 (New results)
          "algorithm": "lru",
          "hit": 45920176,
          "inserted": 31844406,
          "layer": 0,
          "miss_ratio": 0.4094975524976139,
          "reinserted": 45920176,
          "req": 77764582
        },
        {
          "admission_treshold": 4,
          "algorithm": "lru",
          "hit": 3892529,
          "inserted": 4508682,
          "layer": 1,
          "miss_ratio": 0.877764119701275,
          "reinserted": 2554586,
          "req": 31844406
        }
      ],
      "miss_ratio": 0.3594422586878947,
      "req": 77764582
    }
  ],
  "trace": "w04.oracleGeneral.bin.zst"
}