{
  "cache_size": 1875338,
  "results": [
    {
      "hit": 39616571,
      "iteration": 0,
      "metrics": [
        {
          "admission_treshold": 32,
          "algorithm": "lru",
          "hit": 33199051,
          "inserted": 44565531,
          "layer": 0,
          "miss_ratio": 0.573082627770056,
          "reinserted": 33199051,
          "req": 77764582
        },
        {
          "admission_treshold": 32,
          "algorithm": "fifo",
          "hit": 6417520,
          "inserted": 119296,
          "layer": 1,
          "miss_ratio": 0.8559981255468492,
          "reinserted": 0,
          "req": 44565531
        }
      ],
      "miss_ratio": 0.4905576551546307,
      "req": 77764582
    }
  ],
  "trace": "w04.oracleGeneral.bin.zst"
}