{
  "dram_cache_size": 93766,
  "flash_cache_size": 187533,
  "results": [
    {
      "hit": 42470031,
      "iteration": 0,
      "metrics": [
        {
          "admission_treshold": 0,
          "algorithm": "lru",
          "hit": 38846422,
          "inserted": 38918160,
          "layer": 0,
          "miss_ratio": 0.5004612511130067,
          "reinserted": 38846422,
          "req": 77764582
        },
        {
          "admission_treshold": 4,
          "algorithm": "fifo",
          "hit": 3623609,
          "inserted": 10673105,
          "layer": 1,
          "miss_ratio": 0.9068915642466139,
          "reinserted": 0,
          "req": 38918160
        }
      ],
      "miss_ratio": 0.4538640868666921,
      "req": 77764582
    }
  ],
  "trace": "w04.oracleGeneral.bin.zst"
}