{
  "cache_size": 413798,
  "results": [
    {
      "hit": 12099998,
      "iteration": 0,
      "metrics": [
        {
          "admission_treshold": 1,
          "algorithm": "lru",
          "hit": 2553183,
          "inserted": 70481363,
          "layer": 0,
          "miss_ratio": 0.9650414339537348,
          "reinserted": 2553183,
          "req": 73034546
        },
        {
          "admission_treshold": 1,
          "algorithm": "offline-clock",
          "hit": 9546815,
          "inserted": 60937428,
          "layer": 1,
          "miss_ratio": 0.8645483771362368,
          "reinserted": 4281636,
          "req": 70481363
        }
      ],
      "miss_ratio": 0.8343250055939281,
      "req": 73034546
    },
    {
      "hit": 12157194,
      "iteration": 1,
      "metrics": [
        {
          "admission_treshold": 1,
          "algorithm": "lru",
          "hit": 2553183,
          "inserted": 70481363,
          "layer": 0,
          "miss_ratio": 0.9650414339537348,
          "reinserted": 2553183,
          "req": 73034546
        },
        {
          "admission_treshold": 1,
          "algorithm": "offline-clock",
          "hit": 9604011,
          "inserted": 60879811,
          "layer": 1,
          "miss_ratio": 0.8637368718309264,
          "reinserted": 685906,
          "req": 70481363
        }
      ],
      "miss_ratio": 0.8335418693504304,
      "req": 73034546
    }
  ],
  "trace": "w05.oracleGeneral.bin.zst"
}