{
  "dram_cache_size": 1034495,
  "flash_cache_size": 4137980,
  "results": [
    {
      "hit": 23659558,
      "iteration": 0,
      "metrics": [
        {
          "admission_treshold": 0,
          "algorithm": "lru",
          "hit": 14636614,
          "inserted": 58397932,
          "layer": 0,
          "miss_ratio": 0.79959327740601,
          "reinserted": 14636614,
          "req": 73034546
        },
        {
          "admission_treshold": 1,
          "algorithm": "lru",
          "hit": 9022944,
          "inserted": 50019371,
          "layer": 1,
          "miss_ratio": 0.8454920629723669,
          "reinserted": 7344066,
          "req": 58397932
        }
      ],
      "miss_ratio": 0.6760497696528435,
      "req": 73034546
    }
  ],
  "trace": "w05.oracleGeneral.bin.zst"
}