{
  "dram_cache_size": 1034495,
  "flash_cache_size": 4137980,
  "results": [
    {
      "hit": 19938369,
      "iteration": 0,
      "metrics": [
        {
          "admission_treshold": 0,
          "algorithm": "lru",
          "hit": 14636614,
          "inserted": 58397932,
          "layer": 0,
          "miss_ratio": 0.79959327740601,
          "reinserted": 14636614,
          "req": 73034546
        },
        {
          "admission_treshold": 4,
          "algorithm": "lru",
          "hit": 5301755,
          "inserted": 3005739,
          "layer": 1,
          "miss_ratio": 0.9092133091288233,
          "reinserted": 4974700,
          "req": 58397932
        }
      ],
      "miss_ratio": 0.7270008497074796,
      "req": 73034546
    }
  ],
  "trace": "w05.oracleGeneral.bin.zst"
}