{
  "dram_cache_size": 4137,
  "flash_cache_size": 413798,
  "results": [
    {
      "hit": 9286932,
      "iteration": 0,
      "metrics": [
        {
          "admission_treshold": 0,
          "algorithm": "lru",
          "hit": 2553183,
          "inserted": 70481363,
          "layer": 0,
          "miss_ratio": 0.9650414339537348,
          "reinserted": 2553183,
          "req": 73034546
        },
        {
          "admission_treshold": 8,
          "algorithm": "fifo",
          "hit": 6733749,
          "inserted": 1298147,
          "layer": 1,
          "miss_ratio": 0.9044605734994087,
          "reinserted": 0,
          "req": 70481363
        }
      ],
      "miss_ratio": 0.8728419288044866,
      "req": 73034546
    }
  ],
  "trace": "w05.oracleGeneral.bin.zst"
}