{
  "dram_cache_size": 206899,
  "flash_cache_size": 20689900,
  "results": [
    {
      "hit": 28891352,
      "iteration": 0,
      "metrics": [
        {
          "admission_treshold": 0,
          "algorithm": "fifo",
          "hit": 28891352,
          "inserted": 44143194,
          "layer": 0,
          "miss_ratio": 0.6044152584997242,
          "reinserted": 0,
          "req": 73034546
        }
      ],
      "miss_ratio": 0.6044152584997242,
      "req": 73034546
    }
  ],
  "trace": "w05.oracleGeneral.bin.zst"
}