{
  "dram_cache_size": 4137,
  "flash_cache_size": 413798,
  "results": [
    {
      "hit": 10107990,
      "iteration": 0,
      "metrics": [
        {
          "admission_treshold": 2,
          "algorithm": "lru",
          "hit": 10107990,
          "inserted": 21546756,
          "layer": 0,
          "miss_ratio": 0.8615998790490188,
          "reinserted": 10107990,
          "req": 73034546
        }
      ],
      "miss_ratio": 0.8615998790490188,
      "req": 73034546
    }
  ],
  "trace": "w05.oracleGeneral.bin.zst"
}