{
  "dram_cache_size": 41379,
  "flash_cache_size": 4137980,
  "results": [
    {
      "hit": 3538987,
      "iteration": 0,
      "metrics": [
        {
          "admission_treshold": 32,
          "algorithm": "fifo",
          "hit": 3538987,
          "inserted": 58450,
          "layer": 0,
          "miss_ratio": 0.9515436571619135,
          "reinserted": 0,
          "req": 73034546
        }
      ],
      "miss_ratio": 0.9515436571619135,
      "req": 73034546
    }
  ],
  "trace": "w05.oracleGeneral.bin.zst"
}