{
  "dram_cache_size": 41379,
  "flash_cache_size": 4137980,
  "results": [
    {
      "hit": 20571029,
      "iteration": 0,
      "metrics": [
        {
          "admission_treshold": 2,
          "algorithm": "lru",
          "hit": 20571029,
          "inserted": 11083717,
          "layer": 0,
          "miss_ratio": 0.7183383737334383,
          "reinserted": 20571029,
          "req": 73034546
        }
      ],
      "miss_ratio": 0.7183383737334383,
      "req": 73034546
    }
  ],
  "trace": "w05.oracleGeneral.bin.zst"
}