{
  "dram_cache_size": 2068,
  "flash_cache_size": 206899,
  "results": [
    {
      "hit": 10833166,
      "iteration": 0,
      "metrics": [
        {
          "admission_treshold": 1,
          "algorithm": "lru",
          "hit": 10833166,
          "inserted": 62201380,
          "layer": 0,
          "miss_ratio": 0.8516706600736589,
          "reinserted": 10833166,
          "req": 73034546
        }
      ],
      "miss_ratio": 0.8516706600736589,
      "req": 73034546
    }
  ],
  "trace": "w05.oracleGeneral.bin.zst"
}