{
  "dram_cache_size": 206899,
  "flash_cache_size": 4137980,
  "results": [
    {
      "hit": 22960569,
      "iteration": 0,
      "metrics": [
        {
          "admission_treshold": 0,
          "algorithm": "lru",
          "hit": 10833166,
          "inserted": 62201380,
          "layer": 0,
          "miss_ratio": 0.8516706600736589,
          "reinserted": 10833166,
          "req": 73034546
        },
        {
          "admission_treshold": 2,
          "algorithm": "offline-clock",
          "hit": 12127403,
          "inserted": 10889189,
          "layer": 1,
          "miss_ratio": 0.8050300009421013,
          "reinserted": 5100133,
          "req": 62201380
        }
      ],
      "miss_ratio": 0.6856204322814576,
      "req": 73034546
    },
    {
      "hit": 23092913,
      "iteration": 1,
      "metrics": [
        {
          "admission_treshold": 0,
          "algorithm": "lru",
          "hit": 10833166,
          "inserted": 62201380,
          "layer": 0,
          "miss_ratio": 0.8516706600736589,
          "reinserted": 10833166,
          "req": 73034546
        },
        {
          "admission_treshold": 2,
          "algorithm": "offline-clock",
          "hit": 12259747,
          "inserted": 10712976,
          "layer": 1,
          "miss_ratio": 0.8029023311058372,
          "reinserted": 3842252,
          "req": 62201380
        }
      ],
      "miss_ratio": 0.6838083583075878,
      "req": 73034546
    }
  ],
  "trace": "w05.oracleGeneral.bin.zst"
}