{
  "cache_size": 206899,
  "results": [
    {
      "hit": 10371879,
      "iteration": 0,
      "metrics": [
        {
          "admission_treshold": 1,
          "algorithm": "lru",
          "hit": 658062,
          "inserted": 72376484,
          "layer": 0,
          "miss_ratio": 0.9909897160174036,
          "reinserted": 658062,
          "req": 73034546
        },
        {
          "admission_treshold": 1,
          "algorithm": "fifo",
          "hit": 9713817,
          "inserted": 62682526,
          "layer": 1,
          "miss_ratio": 0.8657876638494901,
          "reinserted": 0,
          "req": 72376484
        }
      ],
      "miss_ratio": 0.8579866711295775,
      "req": 73034546
    }
  ],
  "trace": "w05.oracleGeneral.bin.zst"
}