{
  "dram_cache_size": 2068,
  "flash_cache_size": 206899,
  "results": [
    {
      "hit": 9378393,
      "iteration": 0,
      "metrics": [
        {
          "admission_treshold": 2,
          "algorithm": "offline-clock",
          "hit": 9378393,
          "inserted": 22276353,
          "layer": 0,
          "miss_ratio": 0.8715896310220098,
          "reinserted": 3509819,
          "req": 73034546
        }
      ],
      "miss_ratio": 0.8715896310220098,
      "req": 73034546
    },
    {
      "hit": 9427095,
      "iteration": 1,
      "metrics": [
        {
          "admission_treshold": 2,
          "algorithm": "offline-clock",
          "hit": 9427095,
          "inserted": 22227651,
          "layer": 0,
          "miss_ratio": 0.8709227959053788,
          "reinserted": 550980,
          "req": 73034546
        }
      ],
      "miss_ratio": 0.8709227959053788,
      "req": 73034546
    }
  ],
  "trace": "w05.oracleGeneral.bin.zst"
}