{
  "dram_cache_size": 413798,
  "flash_cache_size": 4137980,
  "results": [
    {
      "hit": 18567757,
      "iteration": 0,
      "metrics": [
        {
          "admission_treshold": 4,
          "algorithm": "lru",
          "hit": 11980999,
          "inserted": 61053547,
          "layer": 0,
          "miss_ratio": 0.8359543578185589,
          "reinserted": 11980999,
          "req": 73034546
        },
        {
          "admission_treshold": 4,
          "algorithm": "lru",
          "hit": 6586758,
          "inserted": 3078206,
          "layer": 1,
          "miss_ratio": 0.8921150641747317,
          "reinserted": 6432847,
          "req": 61053547
        }
      ],
      "miss_ratio": 0.7457674755724504,
      "req": 73034546
    }
  ],
  "trace": "w05.oracleGeneral.bin.zst"
}