{
  "dram_cache_size": 103449,
  "flash_cache_size": 206899,
  "results": [
    {
      "hit": 10899289,
      "iteration": 0,
      "metrics": [
        {
<<<<<<< HEAD
          "admission_treshold": 16,
=======
          "admission_treshold": 0,
>>>>>>> 160be2d8 (New results)
          "algorithm": "lru",
          "hit": 9989475,
          "inserted": 63045071,
          "layer": 0,
          "miss_ratio": 0.863222604272778,
          "reinserted": 9989475,
          "req": 73034546
        },
        {
          "admission_treshold": 16,
          "algorithm": "lru",
          "hit": 909814,
          "inserted": 167049,
          "layer": 1,
          "miss_ratio": 0.9855688321772212,
          "reinserted": 906208,
          "req": 63045071
        }
      ],
      "miss_ratio": 0.8507652940021014,
      "req": 73034546
    }
  ],
  "trace": "w05.oracleGeneral.bin.zst"
}