{
  "dram_cache_size": 10344,
  "flash_cache_size": 206899,
  "results": [
    {
      "hit": 8769041,
      "iteration": 0,
      "metrics": [
        {
<<<<<<< HEAD
          "admission_treshold": 16,
=======
          "admission_treshold": 0,
>>>>>>> 160be2d8 (New results)
          "algorithm": "lru",
          "hit": 5624938,
          "inserted": 67409608,
          "layer": 0,
          "miss_ratio": 0.9229825020066531,
          "reinserted": 5624938,
          "req": 73034546
        },
        {
          "admission_treshold": 16,
          "algorithm": "fifo",
          "hit": 3144103,
          "inserted": 168171,
          "layer": 1,
          "miss_ratio": 0.9533582364104536,
          "reinserted": 0,
          "req": 67409608
        }
      ],
      "miss_ratio": 0.8799329703507707,
      "req": 73034546
    }
  ],
  "trace": "w05.oracleGeneral.bin.zst"
}