{
  "dram_cache_size": 20689,
  "flash_cache_size": 206899,
  "results": [
    {
      "hit": 10495375,
      "iteration": 0,
      "metrics": [
        {
          "admission_treshold": 0,
          "algorithm": "lru",
          "hit": 7109966,
          "inserted": 65924580,
          "layer": 0,
          "miss_ratio": 0.9026492750430735,
          "reinserted": 7109966,
          "req": 73034546
        },
        {
          "admission_treshold": 8,
          "algorithm": "lru",
          "hit": 3385409,
          "inserted": 1907670,
          "layer": 1,
          "miss_ratio": 0.9486472420453798,
          "reinserted": 3377556,
          "req": 65924580
        }
      ],
      "miss_ratio": 0.8562957453038731,
      "req": 73034546
    }
  ],
  "trace": "w05.oracleGeneral.bin.zst"
}