{
  "dram_cache_size": 20689,
  "flash_cache_size": 413798,
  "results": [
    {
      "hit": 11067950,
      "iteration": 0,
      "metrics": [
        {
<<<<<<< HEAD
          "admission_treshold": 8,
=======
          "admission_treshold": 0,
>>>>>>> 160be2d8 (New results)
          "algorithm": "lru",
          "hit": 7109966,
          "inserted": 65924580,
          "layer": 0,
          "miss_ratio": 0.9026492750430735,
          "reinserted": 7109966,
          "req": 73034546
        },
        {
          "admission_treshold": 8,
          "algorithm": "lru",
          "hit": 3957984,
          "inserted": 1335082,
          "layer": 1,
          "miss_ratio": 0.9399619383240667,
          "reinserted": 3950144,
          "req": 65924580
        }
      ],
      "miss_ratio": 0.8484559621963009,
      "req": 73034546
    }
  ],
  "trace": "w05.oracleGeneral.bin.zst"
}