{
  "cache_size": 206899,
  "results": [
    {
      "hit": 5556924,
      "iteration": 0,
      "metrics": [
        {
          "admission_treshold": 16,
          "algorithm": "lru",
          "hit": 658062,
          "inserted": 72376484,
          "layer": 0,
          "miss_ratio": 0.9909897160174036,
          "reinserted": 658062,
          "req": 73034546
        },
        {
          "admission_treshold": 16,
          "algorithm": "fifo",
          "hit": 4898862,
          "inserted": 168175,
          "layer": 1,
          "miss_ratio": 0.9323141754164239,
          "reinserted": 0,
          "req": 72376484
        }
      ],
      "miss_ratio": 0.9239137599349218,
      "req": 73034546
    }
  ],
  "trace": "w05.oracleGeneral.bin.zst"
}