{
  "dram_cache_size": 41379,
  "flash_cache_size": 413798,
  "results": [
    {
      "hit": 11617169,
      "iteration": 0,
      "metrics": [
        {
          "admission_treshold": 0,
          "algorithm": "lru",
          "hit": 8556254,
          "inserted": 64478292,
          "layer": 0,
          "miss_ratio": 0.8828464819922341,
          "reinserted": 8556254,
          "req": 73034546
        },
        {
          "admission_treshold": 8,
          "algorithm": "fifo",
          "hit": 3060915,
          "inserted": 1296103,
          "layer": 1,
          "miss_ratio": 0.9525279763924268,
          "reinserted": 0,
          "req": 64478292
        }
      ],
      "miss_ratio": 0.8409359729572359,
      "req": 73034546
    }
  ],
  "trace": "w05.oracleGeneral.bin.zst"
}