{
  "cache_size": 771452960768,
  "results": [
    {
      "hit": 24878246,
      "iteration": 0,
      "metrics": [
        {
          "admission_treshold": 2,
          "algorithm": "lru",
          "hit": 11804934,
          "inserted": 61229612,
          "layer": 0,
          "miss_ratio": 0.8383650663071145,
          "reinserted": 11804934,
          "req": 73034546
        },
        {
          "admission_treshold": 2,
          "algorithm": "lru",
          "hit": 13073312,
          "inserted": 9757378,
          "layer": 1,
          "miss_ratio": 0.7864871003918823,
          "reinserted": 13011034,
          "req": 61229612
        }
      ],
      "miss_ratio": 0.6593633100697306,
      "req": 73034546
    }
  ],
  "trace": "w05.oracleGeneral.bin.zst"
}