{
  "dram_cache_size": 41379,
  "flash_cache_size": 413798,
  "results": [
    {
      "hit": 9456686,
      "iteration": 0,
      "metrics": [
        {
          "admission_treshold": 32,
          "algorithm": "lru",
          "hit": 8556254,
          "inserted": 64478292,
          "layer": 0,
          "miss_ratio": 0.8828464819922341,
          "reinserted": 8556254,
          "req": 73034546
        },
        {
          "admission_treshold": 32,
          "algorithm": "offline-clock",
          "hit": 900432,
          "inserted": 58421,
          "layer": 1,
          "miss_ratio": 0.986035113957423,
          "reinserted": 0,
          "req": 64478292
        }
      ],
      "miss_ratio": 0.8705176314781227,
      "req": 73034546
    },
    {
      "hit": 9456686,
      "iteration": 1,
      "metrics": [
        {
          "admission_treshold": 32,
          "algorithm": "lru",
          "hit": 8556254,
          "inserted": 64478292,
          "layer": 0,
          "miss_ratio": 0.8828464819922341,
          "reinserted": 8556254,
          "req": 73034546
        },
        {
          "admission_treshold": 32,
          "algorithm": "offline-clock",
          "hit": 900432,
          "inserted": 58421,
          "layer": 1,
          "miss_ratio": 0.986035113957423,
          "reinserted": 0,
          "req": 64478292
        }
      ],
      "miss_ratio": 0.8705176314781227,
      "req": 73034546
    }
  ],
  "trace": "w05.oracleGeneral.bin.zst"
}