{
  "dram_cache_size": 206899,
  "flash_cache_size": 413798,
  "results": [
    {
      "hit": 13226933,
      "iteration": 0,
      "metrics": [
        {
          "admission_treshold": 0,
          "algorithm": "lru",
          "hit": 10833166,
          "inserted": 62201380,
          "layer": 0,
          "miss_ratio": 0.8516706600736589,
          "reinserted": 10833166,
          "req": 73034546
        },
        {
          "admission_treshold": 2,
          "algorithm": "lru",
          "hit": 2393767,
          "inserted": 21459759,
          "layer": 1,
          "miss_ratio": 0.9615158538283234,
          "reinserted": 1409929,
          "req": 62201380
        }
      ],
      "miss_ratio": 0.8188948419012558,
      "req": 73034546
    }
  ],
  "trace": "w05.oracleGeneral.bin.zst"
}