{
  "dram_cache_size": 1034495,
  "flash_cache_size": 10344950,
  "results": [
    {
      "hit": 14766996,
      "iteration": 0,
      "metrics": [
        {
          "admission_treshold": 0,
          "algorithm": "lru",
          "hit": 14636614,
          "inserted": 58397932,
          "layer": 0,
          "miss_ratio": 0.79959327740601,
          "reinserted": 14636614,
          "req": 73034546
        },
        {
          "admission_treshold": 32,
          "algorithm": "lru",
          "hit": 130382,
          "inserted": 52867,
          "layer": 1,
          "miss_ratio": 0.9977673524466586,
          "reinserted": 116592,
          "req": 58397932
        }
      ],
      "miss_ratio": 0.7978080674315412,
      "req": 73034546
    }
  ],
  "trace": "w05.oracleGeneral.bin.zst"
}