{
  "dram_cache_size": 1034495,
  "flash_cache_size": 10344950,
  "results": [
    {
      "hit": 15969117,
      "iteration": 0,
      "metrics": [
        {
<<<<<<< HEAD
          "admission_treshold": 8,
=======
          "admission_treshold": 0,
>>>>>>> 160be2d8 (New results)
          "algorithm": "lru",
          "hit": 14636614,
          "inserted": 58397932,
          "layer": 0,
          "miss_ratio": 0.79959327740601,
          "reinserted": 14636614,
          "req": 73034546
        },
        {
          "admission_treshold": 8,
          "algorithm": "lru",
          "hit": 1332503,
          "inserted": 888198,
          "layer": 1,
          "miss_ratio": 0.9771823598137003,
          "reinserted": 1199007,
          "req": 58397932
        }
      ],
      "miss_ratio": 0.7813484457067755,
      "req": 73034546
    }
  ],
  "trace": "w05.oracleGeneral.bin.zst"
}