{
  "dram_cache_size": 103449,
  "flash_cache_size": 10344950,
  "results": [
    {
      "hit": 27163859,
      "iteration": 0,
      "metrics": [
        {
          "admission_treshold": 0,
          "algorithm": "lru",
          "hit": 27163859,
          "inserted": 45870687,
          "layer": 0,
          "miss_ratio": 0.6280683527491223,
          "reinserted": 27163859,
          "req": 73034546
        }
      ],
      "miss_ratio": 0.6280683527491223,
      "req": 73034546
    }
  ],
  "trace": "w05.oracleGeneral.bin.zst"
}