{
  "dram_cache_size": 103449,
  "flash_cache_size": 206899,
  "results": [
    {
      "hit": 11434020,
      "iteration": 0,
      "metrics": [
        {
<<<<<<< HEAD
          "admission_treshold": 1,
=======
          "admission_treshold": 0,
>>>>>>> 160be2d8 (New results)
          "algorithm": "lru",
          "hit": 9989475,
          "inserted": 63045071,
          "layer": 0,
          "miss_ratio": 0.863222604272778,
          "reinserted": 9989475,
          "req": 73034546
        },
        {
          "admission_treshold": 1,
          "algorithm": "fifo",
          "hit": 1444545,
          "inserted": 62301564,
          "layer": 1,
          "miss_ratio": 0.9770871064607096,
          "reinserted": 0,
          "req": 63045071
        }
      ],
      "miss_ratio": 0.8434436766403669,
      "req": 73034546
    }
  ],
  "trace": "w05.oracleGeneral.bin.zst"
}