{
  "cache_size": 206899,
  "results": [
    {
      "hit": 8662014,
      "iteration": 0,
      "metrics": [
        {
          "admission_treshold": 4,
          "algorithm": "lru",
          "hit": 658062,
          "inserted": 72376484,
          "layer": 0,
          "miss_ratio": 0.9909897160174036,
          "reinserted": 658062,
          "req": 73034546
        },
        {
          "admission_treshold": 4,
          "algorithm": "offline-clock",
          "hit": 8003952,
          "inserted": 9245957,
          "layer": 1,
          "miss_ratio": 0.8894122571635285,
          "reinserted": 2225183,
          "req": 72376484
        }
      ],
      "miss_ratio": 0.8813984001488829,
      "req": 73034546
    },
    {
      "hit": 8752106,
      "iteration": 1,
      "metrics": [
        {
          "admission_treshold": 4,
          "algorithm": "lru",
          "hit": 658062,
          "inserted": 72376484,
          "layer": 0,
          "miss_ratio": 0.9909897160174036,
          "reinserted": 658062,
          "req": 73034546
        },
        {
          "admission_treshold": 4,
          "algorithm": "offline-clock",
          "hit": 8094044,
          "inserted": 9156277,
          "layer": 1,
          "miss_ratio": 0.8881674882134368,
          "reinserted": 375209,
          "req": 72376484
        }
      ],
      "miss_ratio": 0.8801648469205244,
      "req": 73034546
    }
  ],
  "trace": "w05.oracleGeneral.bin.zst"
}