{
  "dram_cache_size": 2068990,
  "flash_cache_size": 4137980,
  "results": [
    {
      "hit": 17747494,
      "iteration": 0,
      "metrics": [
        {
          "admission_treshold": 0,
          "algorithm": "lru",
          "hit": 17547986,
          "inserted": 55486560,
          "layer": 0,
          "miss_ratio": 0.7597303336423834,
          "reinserted": 17547986,
          "req": 73034546
        },
        {
          "admission_treshold": 16,
          "algorithm": "fifo",
          "hit": 199508,
          "inserted": 139905,
          "layer": 1,
          "miss_ratio": 0.9964043905407003,
          "reinserted": 0,
          "req": 55486560
        }
      ],
      "miss_ratio": 0.7569986400682219,
      "req": 73034546
    }
  ],
  "trace": "w05.oracleGeneral.bin.zst"
}