{
  "cache_size": 4137980,
  "results": [
    {
      "hit": 22034626,
      "iteration": 0,
      "metrics": [
        {
          "admission_treshold": 1,
          "algorithm": "lru",
          "hit": 8556254,
          "inserted": 64478292,
          "layer": 0,
          "miss_ratio": 0.8828464819922341,
          "reinserted": 8556254,
          "req": 73034546
        },
        {
          "admission_treshold": 1,
          "algorithm": "fifo",
          "hit": 13478372,
          "inserted": 51001950,
          "layer": 1,
          "miss_ratio": 0.7909626390227582,
          "reinserted": 0,
          "req": 64478292
        }
      ],
      "miss_ratio": 0.6982985832485356,
      "req": 73034546
    }
  ],
  "trace": "w05.oracleGeneral.bin.zst"
}