{
  "dram_cache_size": 103449,
  "flash_cache_size": 10344950,
  "results": [
    {
      "hit": 5011679,
      "iteration": 0,
      "metrics": [
        {
          "admission_treshold": 16,
          "algorithm": "lru",
          "hit": 5011679,
          "inserted": 168186,
          "layer": 0,
          "miss_ratio": 0.9313793365676566,
          "reinserted": 5011679,
          "req": 73034546
        }
      ],
      "miss_ratio": 0.9313793365676566,
      "req": 73034546
    }
  ],
  "trace": "w05.oracleGeneral.bin.zst"
}