{
  "dram_cache_size": 517247,
  "flash_cache_size": 10344950,
  "results": [
    {
      "hit": 13985301,
      "iteration": 0,
      "metrics": [
        {
          "admission_treshold": 0,
          "algorithm": "lru",
          "hit": 12291321,
          "inserted": 60743225,
          "layer": 0,
          "miss_ratio": 0.83170538227211,
          "reinserted": 12291321,
          "req": 73034546
        },
        {
          "admission_treshold": 8,
          "algorithm": "offline-clock",
          "hit": 1693980,
          "inserted": 920585,
          "layer": 1,
          "miss_ratio": 0.9721124454620248,
          "reinserted": 0,
          "req": 60743225
        }
      ],
      "miss_ratio": 0.808511153064469,
      "req": 73034546
    },
    {
      "hit": 13985301,
      "iteration": 1,
      "metrics": [
        {
          "admission_treshold": 0,
          "algorithm": "lru",
          "hit": 12291321,
          "inserted": 60743225,
          "layer": 0,
          "miss_ratio": 0.83170538227211,
          "reinserted": 12291321,
          "req": 73034546
        },
        {
          "admission_treshold": 8,
          "algorithm": "offline-clock",
          "hit": 1693980,
          "inserted": 920585,
          "layer": 1,
          "miss_ratio": 0.9721124454620248,
          "reinserted": 0,
          "req": 60743225
        }
      ],
      "miss_ratio": 0.808511153064469,
      "req": 73034546
    }
  ],
  "trace": "w05.oracleGeneral.bin.zst"
}