{
  "cache_size": 10344950,
  "results": [
    {
      "hit": 27173380,
      "iteration": 0,
      "metrics": [
        {
          "admission_treshold": 1,
          "algorithm": "lru",
          "hit": 9989475,
          "inserted": 63045071,
          "layer": 0,
          "miss_ratio": 0.863222604272778,
          "reinserted": 9989475,
          "req": 73034546
        },
        {
          "admission_treshold": 1,
          "algorithm": "lru",
          "hit": 17183905,
          "inserted": 45816079,
          "layer": 1,
          "miss_ratio": 0.7274345999229662,
          "reinserted": 17125543,
          "req": 63045071
        }
      ],
      "miss_ratio": 0.6279379897836292,
      "req": 73034546
    }
  ],
  "trace": "w05.oracleGeneral.bin.zst"
}