{
  "cache_size": 117341280,
  "results": [
    {
      "hit": 40558296,
      "iteration": 0,
      "metrics": [
        {
          "admission_treshold": 0,
          "algorithm": "lru",
          "hit": 24264073,
          "inserted": 45128077,
          "layer": 0,
          "miss_ratio": 0.6503340363427275,
          "reinserted": 24264073,
          "req": 69392150
        },
        {
          "admission_treshold": 0,
          "algorithm": "lru",
          "hit": 16294223,
          "inserted": 28872716,
          "layer": 1,
          "miss_ratio": 0.6389338061092211,
          "reinserted": 16255270,
          "req": 45128077
        }
      ],
      "miss_ratio": 0.4155204010828314,
      "req": 69392150
    }
  ],
  "trace": "w06.oracleGeneral.bin.zst"
}