{
  "dram_cache_size": 4248,
  "flash_cache_size": 16994,
  "results": [
    {
      "hit": 45324371,
      "iteration": 0,
      "metrics": [
        {
          "admission_treshold": 0,
          "algorithm": "lru",
          "hit": 36843329,
          "inserted": 32548821,
          "layer": 0,
          "miss_ratio": 0.46905624051135464,
          "reinserted": 36843329,
          "req": 69392150
        },
        {
          "admission_treshold": 8,
          "algorithm": "lru",
          "hit": 8481042,
          "inserted": 22385493,
          "layer": 1,
          "miss_ratio": 0.7394362763554477,
          "reinserted": 6847796,
          "req": 32548821
        }
      ],
      "miss_ratio": 0.3468371998850014,
      "req": 69392150
    }
  ],
  "trace": "w06.oracleGeneral.bin.zst"
}