{
  "dram_cache_size": 849,
  "flash_cache_size": 16994,
  "results": [
    {
      "hit": 42237573,
      "iteration": 0,
      "metrics": [
        {
<<<<<<< HEAD
          "admission_treshold": 2,
=======
          "admission_treshold": 0,
>>>>>>> 160be2d8 (New results)
          "algorithm": "lru",
          "hit": 30640262,
          "inserted": 38751888,
          "layer": 0,
          "miss_ratio": 0.5584477206715746,
          "reinserted": 30640262,
          "req": 69392150
        },
        {
          "admission_treshold": 2,
          "algorithm": "fifo",
          "hit": 11597311,
          "inserted": 26136105,
          "layer": 1,
          "miss_ratio": 0.7007291360875114,
          "reinserted": 0,
          "req": 38751888
        }
      ],
      "miss_ratio": 0.39132058885623233,
      "req": 69392150
    }
  ],
  "trace": "w06.oracleGeneral.bin.zst"
}