{
  "cache_size": 424862,
  "results": [
    {
      "hit": 67446426,
      "iteration": 0,
      "metrics": [
        {
          "admission_treshold": 0,
          "algorithm": "lru",
          "hit": 36843329,
          "inserted": 32548821,
          "layer": 0,
          "miss_ratio": 0.46905624051135464,
          "reinserted": 36843329,
          "req": 69392150
        },
        {
          "admission_treshold": 0,
          "algorithm": "lru",
          "hit": 30603097,
          "inserted": 1946287,
          "layer": 1,
          "miss_ratio": 0.05977863222756974,
          "reinserted": 30598286,
          "req": 32548821
        }
      ],
      "miss_ratio": 0.028039540495574777,
      "req": 69392150
    }
  ],
  "trace": "w06.oracleGeneral.bin.zst"
}