{
  "dram_cache_size": 1699,
  "flash_cache_size": 16994,
  "results": [
    {
      "hit": 42671497,
      "iteration": 0,
      "metrics": [
        {
          "admission_treshold": 0,
          "algorithm": "lru",
          "hit": 32378104,
          "inserted": 37014046,
          "layer": 0,
          "miss_ratio": 0.5334039369006436,
          "reinserted": 32378104,
          "req": 69392150
        },
        {
          "admission_treshold": 0,
          "algorithm": "fifo",
          "hit": 10293393,
          "inserted": 27613447,
          "layer": 1,
          "miss_ratio": 0.7219057597756269,
          "reinserted": 0,
          "req": 37014046
        }
      ],
      "miss_ratio": 0.3850673743355697,
      "req": 69392150
    }
  ],
  "trace": "w06.oracleGeneral.bin.zst"
}