{
  "dram_cache_size": 4248,
  "flash_cache_size": 16994,
  "results": [
    {
      "hit": 45551781,
      "iteration": 0,
      "metrics": [
        {
          "admission_treshold": 0,
          "algorithm": "lru",
          "hit": 36843329,
          "inserted": 32548821,
          "layer": 0,
          "miss_ratio": 0.46905624051135464,
          "reinserted": 36843329,
          "req": 69392150
        },
        {
          "admission_treshold": 16,
          "algorithm": "lru",
          "hit": 8708452,
          "inserted": 20395318,
          "layer": 1,
          "miss_ratio": 0.7324495409526508,
          "reinserted": 7111480,
          "req": 32548821
        }
      ],
      "miss_ratio": 0.34356002804351793,
      "req": 69392150
    }
  ],
  "trace": "w06.oracleGeneral.bin.zst"
}