{
  "dram_cache_size": 4248,
  "flash_cache_size": 8497,
  "results": [
    {
      "hit": 42272666,
      "iteration": 0,
      "metrics": [
        {
          "admission_treshold": 0,
          "algorithm": "lru",
          "hit": 36843329,
          "inserted": 32548821,
          "layer": 0,
          "miss_ratio": 0.46905624051135464,
          "reinserted": 36843329,
          "req": 69392150
        },
        {
          "admission_treshold": 2,
          "algorithm": "offline-clock",
          "hit": 5429337,
          "inserted": 27412741,
          "layer": 1,
          "miss_ratio": 0.8331940502545392,
          "reinserted": 3287545,
          "req": 32548821
        }
      ],
      "miss_ratio": 0.3908148688288229,
      "req": 69392150
    },
    {
      "hit": 41990295,
      "iteration": 1,
      "metrics": [
        {
          "admission_treshold": 0,
          "algorithm": "lru",
          "hit": 36843329,
          "inserted": 32548821,
          "layer": 0,
          "miss_ratio": 0.46905624051135464,
          "reinserted": 36843329,
          "req": 69392150
        },
        {
          "admission_treshold": 2,
          "algorithm": "offline-clock",
          "hit": 5146966,
          "inserted": 27603215,
          "layer": 1,
          "miss_ratio": 0.8418693568040452,
          "reinserted": 1468999,
          "req": 32548821
        }
      ],
      "miss_ratio": 0.39488407550421767,
      "req": 69392150
    }
  ],
  "trace": "w06.oracleGeneral.bin.zst"
}