{
  "cache_size": 8497,
  "results": [
    {
      "hit": 41011141,
      "iteration": 0,
      "metrics": [
        {
          "admission_treshold": 32,
          "algorithm": "lru",
          "hit": 24072804,
          "inserted": 45319346,
          "layer": 0,
          "miss_ratio": 0.6530903855839602,
          "reinserted": 24072804,
          "req": 69392150
        },
        {
          "admission_treshold": 32,
          "algorithm": "lru",
          "hit": 16938337,
          "inserted": 20468625,
          "layer": 1,
          "miss_ratio": 0.6262448932956799,
          "reinserted": 16917869,
          "req": 45319346
        }
      ],
      "miss_ratio": 0.40899451883246163,
      "req": 69392150
    }
  ],
  "trace": "w06.oracleGeneral.bin.zst"
}