{
  "dram_cache_size": 849,
  "flash_cache_size": 8497,
  "results": [
    {
      "hit": 41336186,
      "iteration": 0,
      "metrics": [
        {
          "admission_treshold": 0,
          "algorithm": "lru",
          "hit": 30640262,
          "inserted": 38751888,
          "layer": 0,
          "miss_ratio": 0.5584477206715746,
          "reinserted": 30640262,
          "req": 69392150
        },
        {
          "admission_treshold": 32,
          "algorithm": "lru",
          "hit": 10695924,
          "inserted": 20475982,
          "layer": 1,
          "miss_ratio": 0.7239896027775472,
          "reinserted": 10467904,
          "req": 38751888
        }
      ],
      "miss_ratio": 0.4043103434610399,
      "req": 69392150
    }
  ],
  "trace": "w06.oracleGeneral.bin.zst"
}