{
  "dram_cache_size": 424862,
  "flash_cache_size": 849724,
  "results": [
    {
      "hit": 67616254,
      "iteration": 0,
      "metrics": [
        {
<<<<<<< HEAD
          "admission_treshold": 1,
=======
          "admission_treshold": 0,
>>>>>>> 160be2d8 (New results)
          "algorithm": "lru",
          "hit": 67445849,
          "inserted": 1946301,
          "layer": 0,
          "miss_ratio": 0.028047855557148726,
          "reinserted": 67445849,
          "req": 69392150
        },
        {
          "admission_treshold": 1,
          "algorithm": "offline-clock",
          "hit": 170405,
          "inserted": 1477640,
          "layer": 1,
          "miss_ratio": 0.9124467387110216,
          "reinserted": 26957,
          "req": 1946301
        }
      ],
      "miss_ratio": 0.025592174330958173,
      "req": 69392150
    },
    {
      "hit": 67616254,
      "iteration": 1,
      "metrics": [
        {
<<<<<<< HEAD
          "admission_treshold": 1,
=======
          "admission_treshold": 0,
>>>>>>> 160be2d8 (New results)
          "algorithm": "lru",
          "hit": 67445849,
          "inserted": 1946301,
          "layer": 0,
          "miss_ratio": 0.028047855557148726,
          "reinserted": 67445849,
          "req": 69392150
        },
        {
          "admission_treshold": 1,
          "algorithm": "offline-clock",
          "hit": 170405,
          "inserted": 1477640,
          "layer": 1,
          "miss_ratio": 0.9124467387110216,
          "reinserted": 26957,
          "req": 1946301
        }
      ],
      "miss_ratio": 0.025592174330958173,
      "req": 69392150
    }
  ],
  "trace": "w06.oracleGeneral.bin.zst"
}