{
  "dram_cache_size": 42486,
  "flash_cache_size": 169944,
  "results": [
    {
      "hit": 64366900,
      "iteration": 0,
      "metrics": [
        {
          "admission_treshold": 0,
          "algorithm": "lru",
          "hit": 51532820,
          "inserted": 17859330,
          "layer": 0,
          "miss_ratio": 0.25736816051959766,
          "reinserted": 51532820,
          "req": 69392150
        },
        {
          "admission_treshold": 16,
          "algorithm": "offline-clock",
          "hit": 12834080,
          "inserted": 811386,
          "layer": 1,
          "miss_ratio": 0.281379536634353,
          "reinserted": 2536838,
          "req": 17859330
        }
      ],
      "miss_ratio": 0.07241813375144024,
      "req": 69392150
    },
    {
      "hit": 64480790,
      "iteration": 1,
      "metrics": [
        {
          "admission_treshold": 0,
          "algorithm": "lru",
          "hit": 51532820,
          "inserted": 17859330,
          "layer": 0,
          "miss_ratio": 0.25736816051959766,
          "reinserted": 51532820,
          "req": 69392150
        },
        {
          "admission_treshold": 16,
          "algorithm": "offline-clock",
          "hit": 12947970,
          "inserted": 671900,
          "layer": 1,
          "miss_ratio": 0.27500247769653174,
          "reinserted": 1161669,
          "req": 17859330
        }
      ],
      "miss_ratio": 0.07077688182308806,
      "req": 69392150
    }
  ],
  "trace": "w06.oracleGeneral.bin.zst"
}