{
  "dram_cache_size": 1699,
  "flash_cache_size": 169944,
  "results": [
    {
      "hit": 62426364,
      "iteration": 0,
      "metrics": [
        {
          "admission_treshold": 8,
          "algorithm": "fifo",
          "hit": 62426364,
          "inserted": 2486060,
          "layer": 0,
          "miss_ratio": 0.10038291074710903,
          "reinserted": 0,
          "req": 69392150
        }
      ],
      "miss_ratio": 0.10038291074710903,
      "req": 69392150
    }
  ],
  "trace": "w06.oracleGeneral.bin.zst"
}