{
  "dram_cache_size": 4248,
  "flash_cache_size": 16994,
  "results": [
    {
      "hit": 44980858,
      "iteration": 0,
      "metrics": [
        {
          "admission_treshold": 0,
          "algorithm": "lru",
          "hit": 36843329,
          "inserted": 32548821,
          "layer": 0,
          "miss_ratio": 0.46905624051135464,
          "reinserted": 36843329,
          "req": 69392150
        },
        {
          "admission_treshold": 0,
          "algorithm": "lru",
          "hit": 8137529,
          "inserted": 26040509,
          "layer": 1,
          "miss_ratio": 0.7499900534031632,
          "reinserted": 6504064,
          "req": 32548821
        }
      ],
      "miss_ratio": 0.3517875148701979,
      "req": 69392150
    }
  ],
  "trace": "w06.oracleGeneral.bin.zst"
}