{
  "dram_cache_size": 4248,
  "flash_cache_size": 16994,
  "results": [
    {
      "hit": 45877837,
      "iteration": 0,
      "metrics": [
        {
<<<<<<< HEAD
          "admission_treshold": 32,
=======
          "admission_treshold": 0,
>>>>>>> 160be2d8 (New results)
          "algorithm": "lru",
          "hit": 36843329,
          "inserted": 32548821,
          "layer": 0,
          "miss_ratio": 0.46905624051135464,
          "reinserted": 36843329,
          "req": 69392150
        },
        {
          "admission_treshold": 32,
          "algorithm": "lru",
          "hit": 9034508,
          "inserted": 17401109,
          "layer": 1,
          "miss_ratio": 0.7224320966956068,
          "reinserted": 7557988,
          "req": 32548821
        }
      ],
      "miss_ratio": 0.3388612833007768,
      "req": 69392150
    }
  ],
  "trace": "w06.oracleGeneral.bin.zst"
}