{
  "dram_cache_size": 84,
  "flash_cache_size": 8497,
  "results": [
    {
      "hit": 40055220,
      "iteration": 0,
      "metrics": [
        {
          "admission_treshold": 0,
          "algorithm": "offline-clock",
          "hit": 40055220,
          "inserted": 29336930,
          "layer": 0,
          "miss_ratio": 0.42277015483739877,
          "reinserted": 18303067,
          "req": 69392150
        }
      ],
      "miss_ratio": 0.42277015483739877,
      "req": 69392150
    },
    {
      "hit": 40853281,
      "iteration": 1,
      "metrics": [
        {
          "admission_treshold": 0,
          "algorithm": "offline-clock",
          "hit": 40853281,
          "inserted": 28538869,
          "layer": 0,
          "miss_ratio": 0.4112694159209651,
          "reinserted": 3076505,
          "req": 69392150
        }
      ],
      "miss_ratio": 0.4112694159209651,
      "req": 69392150
    }
  ],
  "trace": "w06.oracleGeneral.bin.zst"
}