{
  "dram_cache_size": 21243,
  "flash_cache_size": 424862,
  "results": [
    {
      "hit": 62091309,
      "iteration": 0,
      "metrics": [
        {
          "admission_treshold": 0,
          "algorithm": "lru",
          "hit": 45517335,
          "inserted": 23874815,
          "layer": 0,
          "miss_ratio": 0.34405642424971705,
          "reinserted": 45517335,
          "req": 69392150
        },
        {
          "admission_treshold": 32,
          "algorithm": "offline-clock",
          "hit": 16573974,
          "inserted": 229669,
          "layer": 1,
          "miss_ratio": 0.30579675695916386,
          "reinserted": 0,
          "req": 23874815
        }
      ],
      "miss_ratio": 0.10521133874652966,
      "req": 69392150
    },
    {
      "hit": 62091309,
      "iteration": 1,
      "metrics": [
        {
          "admission_treshold": 0,
          "algorithm": "lru",
          "hit": 45517335,
          "inserted": 23874815,
          "layer": 0,
          "miss_ratio": 0.34405642424971705,
          "reinserted": 45517335,
          "req": 69392150
        },
        {
          "admission_treshold": 32,
          "algorithm": "offline-clock",
          "hit": 16573974,
          "inserted": 229669,
          "layer": 1,
          "miss_ratio": 0.30579675695916386,
          "reinserted": 0,
          "req": 23874815
        }
      ],
      "miss_ratio": 0.10521133874652966,
      "req": 69392150
    }
  ],
  "trace": "w06.oracleGeneral.bin.zst"
}