{
  "dram_cache_size": 4248,
  "flash_cache_size": 8497,
  "results": [
    {
      "hit": 42282534,
      "iteration": 0,
      "metrics": [
        {
<<<<<<< HEAD
          "admission_treshold": 16,
=======
          "admission_treshold": 0,
>>>>>>> 160be2d8 (New results)
          "algorithm": "lru",
          "hit": 36843329,
          "inserted": 32548821,
          "layer": 0,
          "miss_ratio": 0.46905624051135464,
          "reinserted": 36843329,
          "req": 69392150
        },
        {
          "admission_treshold": 16,
          "algorithm": "lru",
          "hit": 5439205,
          "inserted": 23805922,
          "layer": 1,
          "miss_ratio": 0.8328908749106457,
          "reinserted": 3700876,
          "req": 32548821
        }
      ],
      "miss_ratio": 0.39067266254180044,
      "req": 69392150
    }
  ],
  "trace": "w06.oracleGeneral.bin.zst"
}