{
  "dram_cache_size": 4248,
  "flash_cache_size": 8497,
  "results": [
    {
      "hit": 41744017,
      "iteration": 0,
      "metrics": [
        {
          "admission_treshold": 0,
          "algorithm": "lru",
          "hit": 36843329,
          "inserted": 32548821,
          "layer": 0,
          "miss_ratio": 0.46905624051135464,
          "reinserted": 36843329,
          "req": 69392150
        },
        {
          "admission_treshold": 16,
          "algorithm": "fifo",
          "hit": 4900688,
          "inserted": 24580083,
          "layer": 1,
          "miss_ratio": 0.8494357752620287,
          "reinserted": 0,
          "req": 32548821
        }
      ],
      "miss_ratio": 0.39843315130025514,
      "req": 69392150
    }
  ],
  "trace": "w06.oracleGeneral.bin.zst"
}