{
  "dram_cache_size": 849,
  "flash_cache_size": 8497,
  "results": [
    {
      "hit": 39320442,
      "iteration": 0,
      "metrics": [
        {
<<<<<<< HEAD
          "admission_treshold": 1,
=======
          "admission_treshold": 0,
>>>>>>> 160be2d8 (New results)
          "algorithm": "lru",
          "hit": 30640262,
          "inserted": 38751888,
          "layer": 0,
          "miss_ratio": 0.5584477206715746,
          "reinserted": 30640262,
          "req": 69392150
        },
        {
          "admission_treshold": 1,
          "algorithm": "fifo",
          "hit": 8680180,
          "inserted": 30725474,
          "layer": 1,
          "miss_ratio": 0.776006268391362,
          "reinserted": 0,
          "req": 38751888
        }
      ],
      "miss_ratio": 0.4333589318100102,
      "req": 69392150
    }
  ],
  "trace": "w06.oracleGeneral.bin.zst"
}