{
  "dram_cache_size": 1699,
  "flash_cache_size": 16994,
  "results": [
    {
      "hit": 44029703,
      "iteration": 0,
      "metrics": [
        {
          "admission_treshold": 2,
          "algorithm": "lru",
          "hit": 32378104,
          "inserted": 37014046,
          "layer": 0,
          "miss_ratio": 0.5334039369006436,
          "reinserted": 32378104,
          "req": 69392150
        },
        {
          "admission_treshold": 2,
          "algorithm": "lru",
          "hit": 11651599,
          "inserted": 24387620,
          "layer": 1,
          "miss_ratio": 0.6852114194703276,
          "reinserted": 11187262,
          "req": 37014046
        }
      ],
      "miss_ratio": 0.3654944687547511,
      "req": 69392150
    }
  ],
  "trace": "w06.oracleGeneral.bin.zst"
}