{
  "cache_size": 234682560,
  "results": [
    {
      "hit": 47948740,
      "iteration": 0,
      "metrics": [
        {
          "admission_treshold": 32,
          "algorithm": "lru",
          "hit": 25616981,
          "inserted": 43775169,
          "layer": 0,
          "miss_ratio": 0.6308374794555291,
          "reinserted": 25616981,
          "req": 69392150
        },
        {
          "admission_treshold": 32,
          "algorithm": "fifo",
          "hit": 22331759,
          "inserted": 13576197,
          "layer": 1,
          "miss_ratio": 0.48985327732258444,
          "reinserted": 0,
          "req": 43775169
        }
      ],
      "miss_ratio": 0.30901780676920954,
      "req": 69392150
    }
  ],
  "trace": "w06.oracleGeneral.bin.zst"
}