{
  "dram_cache_size": 42486,
  "flash_cache_size": 169944,
  "results": [
    {
      "hit": 65222468,
      "iteration": 0,
      "metrics": [
        {
          "admission_treshold": 0,
          "algorithm": "lru",
          "hit": 51532820,
          "inserted": 17859330,
          "layer": 0,
          "miss_ratio": 0.25736816051959766,
          "reinserted": 51532820,
          "req": 69392150
        },
        {
          "admission_treshold": 0,
          "algorithm": "lru",
          "hit": 13689648,
          "inserted": 4458163,
          "layer": 1,
          "miss_ratio": 0.23347359615394303,
          "reinserted": 13358681,
          "req": 17859330
        }
      ],
      "miss_ratio": 0.06008866997203577,
      "req": 69392150
    }
  ],
  "trace": "w06.oracleGeneral.bin.zst"
}