{
  "dram_cache_size": 424,
  "flash_cache_size": 8497,
  "results": [
    {
      "hit": 40863000,
      "iteration": 0,
      "metrics": [
        {
          "admission_treshold": 0,
          "algorithm": "lru",
          "hit": 28600856,
          "inserted": 40791294,
          "layer": 0,
          "miss_ratio": 0.5878372985993372,
          "reinserted": 28600856,
          "req": 69392150
        },
        {
          "admission_treshold": 2,
          "algorithm": "lru",
          "hit": 12262144,
          "inserted": 27224655,
          "layer": 1,
          "miss_ratio": 0.6993931106966109,
          "reinserted": 12117435,
          "req": 40791294
        }
      ],
      "miss_ratio": 0.41112935685088303,
      "req": 69392150
    }
  ],
  "trace": "w06.oracleGeneral.bin.zst"
}