{
  "dram_cache_size": 424,
  "flash_cache_size": 8497,
  "results": [
    {
      "hit": 39517181,
      "iteration": 0,
      "metrics": [
        {
          "admission_treshold": 0,
          "algorithm": "lru",
          "hit": 28600856,
          "inserted": 40791294,
          "layer": 0,
          "miss_ratio": 0.5878372985993372,
          "reinserted": 28600856,
          "req": 69392150
        },
        {
          "admission_treshold": 32,
          "algorithm": "fifo",
          "hit": 10916325,
          "inserted": 22310697,
          "layer": 1,
          "miss_ratio": 0.732385910581802,
          "reinserted": 0,
          "req": 40791294
        }
      ],
      "miss_ratio": 0.4305237552086223,
      "req": 69392150
    }
  ],
  "trace": "w06.oracleGeneral.bin.zst"
}