{
  "dram_cache_size": 8497,
  "flash_cache_size": 169944,
  "results": [
    {
      "hit": 61561198,
      "iteration": 0,
      "metrics": [
        {
          "admission_treshold": 0,
          "algorithm": "lru",
          "hit": 40683019,
          "inserted": 28709131,
          "layer": 0,
          "miss_ratio": 0.41372303639532715,
          "reinserted": 40683019,
          "req": 69392150
        },
        {
          "admission_treshold": 32,
          "algorithm": "fifo",
          "hit": 20878179,
          "inserted": 438363,
          "layer": 1,
          "miss_ratio": 0.2727686881222563,
          "reinserted": 0,
          "req": 28709131
        }
      ],
      "miss_ratio": 0.11285068988350988,
      "req": 69392150
    }
  ],
  "trace": "w06.oracleGeneral.bin.zst"
}