{
  "cache_size": 2346825728,
  "results": [
    {
      "hit": 65382682,
      "iteration": 0,
      "metrics": [
        {
          "admission_treshold": 0,
          "algorithm": "lru",
          "hit": 32224598,
          "inserted": 37167552,
          "layer": 0,
          "miss_ratio": 0.5356160891397659,
          "reinserted": 32224598,
          "req": 69392150
        },
        {
          "admission_treshold": 0,
          "algorithm": "fifo",
          "hit": 33158084,
          "inserted": 4026699,
          "layer": 1,
          "miss_ratio": 0.10787549311829847,
          "reinserted": 0,
          "req": 37167552
        }
      ],
      "miss_ratio": 0.05777984973804673,
      "req": 69392150
    }
  ],
  "trace": "w06.oracleGeneral.bin.zst"
}