{
  "dram_cache_size": 8497,
  "flash_cache_size": 16994,
  "results": [
    {
      "hit": 47000780,
      "iteration": 0,
      "metrics": [
        {
          "admission_treshold": 0,
          "algorithm": "lru",
          "hit": 40683019,
          "inserted": 28709131,
          "layer": 0,
          "miss_ratio": 0.41372303639532715,
          "reinserted": 40683019,
          "req": 69392150
        },
        {
          "admission_treshold": 4,
          "algorithm": "lru",
          "hit": 6317761,
          "inserted": 24072936,
          "layer": 1,
          "miss_ratio": 0.7799389678496365,
          "reinserted": 2473044,
          "req": 28709131
        }
      ],
      "miss_ratio": 0.32267871798178904,
      "req": 69392150
    }
  ],
  "trace": "w06.oracleGeneral.bin.zst"
}