{
  "dram_cache_size": 84972,
  "flash_cache_size": 169944,
  "results": [
    {
      "hit": 65361099,
      "iteration": 0,
      "metrics": [
        {
          "admission_treshold": 0,
          "algorithm": "lru",
          "hit": 58630398,
          "inserted": 10761752,
          "layer": 0,
          "miss_ratio": 0.15508601477256434,
          "reinserted": 58630398,
          "req": 69392150
        },
        {
          "admission_treshold": 8,
          "algorithm": "fifo",
          "hit": 6730701,
          "inserted": 2143438,
          "layer": 1,
          "miss_ratio": 0.3745720027742695,
          "reinserted": 0,
          "req": 10761752
        }
      ],
      "miss_ratio": 0.058090879155639374,
      "req": 69392150
    }
  ],
  "trace": "w06.oracleGeneral.bin.zst"
}