{
  "cache_size": 234682560,
  "results": [
    {
      "hit": 48508377,
      "iteration": 0,
      "metrics": [
        {
          "admission_treshold": 32,
          "algorithm": "lru",
          "hit": 25616981,
          "inserted": 43775169,
          "layer": 0,
          "miss_ratio": 0.6308374794555291,
          "reinserted": 25616981,
          "req": 69392150
        },
        {
          "admission_treshold": 32,
          "algorithm": "lru",
          "hit": 22891396,
          "inserted": 13008351,
          "layer": 1,
          "miss_ratio": 0.47706892919134136,
          "reinserted": 22851430,
          "req": 43775169
        }
      ],
      "miss_ratio": 0.30095296081761413,
      "req": 69392150
    }
  ],
  "trace": "w06.oracleGeneral.bin.zst"
}