{
  "dram_cache_size": 84,
  "flash_cache_size": 8497,
  "results": [
    {
      "hit": 38893702,
      "iteration": 0,
      "metrics": [
        {
          "admission_treshold": 16,
          "algorithm": "lru",
          "hit": 38893702,
          "inserted": 23262788,
          "layer": 0,
          "miss_ratio": 0.4395086187702788,
          "reinserted": 38893702,
          "req": 69392150
        }
      ],
      "miss_ratio": 0.4395086187702788,
      "req": 69392150
    }
  ],
  "trace": "w06.oracleGeneral.bin.zst"
}