{
  "dram_cache_size": 84,
  "flash_cache_size": 8497,
  "results": [
    {
      "hit": 38412936,
      "iteration": 0,
      "metrics": [
        {
          "admission_treshold": 2,
          "algorithm": "fifo",
          "hit": 38412936,
          "inserted": 29279766,
          "layer": 0,
          "miss_ratio": 0.4464368664178874,
          "reinserted": 0,
          "req": 69392150
        }
      ],
      "miss_ratio": 0.4464368664178874,
      "req": 69392150
    }
  ],
  "trace": "w06.oracleGeneral.bin.zst"
}