{
  "cache_size": 234682560,
  "results": [
    {
      "hit": 47648309,
      "iteration": 0,
      "metrics": [
        {
          "admission_treshold": 8,
          "algorithm": "lru",
          "hit": 25616981,
          "inserted": 43775169,
          "layer": 0,
          "miss_ratio": 0.6308374794555291,
          "reinserted": 25616981,
          "req": 69392150
        },
        {
          "admission_treshold": 8,
          "algorithm": "lru",
          "hit": 22031328,
          "inserted": 18387815,
          "layer": 1,
          "miss_ratio": 0.4967163233567413,
          "reinserted": 21979679,
          "req": 43775169
        }
      ],
      "miss_ratio": 0.3133472734307843,
      "req": 69392150
    }
  ],
  "trace": "w06.oracleGeneral.bin.zst"
}