{
  "dram_cache_size": 4248,
  "flash_cache_size": 8497,
  "results": [
    {
      "hit": 41624669,
      "iteration": 0,
      "metrics": [
        {
<<<<<<< HEAD
          "admission_treshold": 4,
=======
          "admission_treshold": 0,
>>>>>>> 160be2d8 (New results)
          "algorithm": "lru",
          "hit": 36843329,
          "inserted": 32548821,
          "layer": 0,
          "miss_ratio": 0.46905624051135464,
          "reinserted": 36843329,
          "req": 69392150
        },
        {
          "admission_treshold": 4,
          "algorithm": "fifo",
          "hit": 4781340,
          "inserted": 27714673,
          "layer": 1,
          "miss_ratio": 0.8531025132984079,
          "reinserted": 0,
          "req": 32548821
        }
      ],
      "miss_ratio": 0.40015305765853915,
      "req": 69392150
    }
  ],
  "trace": "w06.oracleGeneral.bin.zst"
}