{
  "dram_cache_size": 21243,
  "flash_cache_size": 424862,
  "results": [
    {
      "hit": 66819690,
      "iteration": 0,
      "metrics": [
        {
          "admission_treshold": 4,
          "algorithm": "lru",
          "hit": 45517335,
          "inserted": 23874815,
          "layer": 0,
          "miss_ratio": 0.34405642424971705,
          "reinserted": 45517335,
          "req": 69392150
        },
        {
          "admission_treshold": 4,
          "algorithm": "lru",
          "hit": 21302355,
          "inserted": 459918,
          "layer": 1,
          "miss_ratio": 0.10774785061161729,
          "reinserted": 21281458,
          "req": 23874815
        }
      ],
      "miss_ratio": 0.03707134020202574,
      "req": 69392150
    }
  ],
  "trace": "w06.oracleGeneral.bin.zst"
}