{
  "dram_cache_size": 84,
  "flash_cache_size": 8497,
  "results": [
    {
      "hit": 40234931,
      "iteration": 0,
      "metrics": [
        {
          "admission_treshold": 4,
          "algorithm": "lru",
          "hit": 40234931,
          "inserted": 26389539,
          "layer": 0,
          "miss_ratio": 0.4201803662229806,
          "reinserted": 40234931,
          "req": 69392150
        }
      ],
      "miss_ratio": 0.4201803662229806,
      "req": 69392150
    }
  ],
  "trace": "w06.oracleGeneral.bin.zst"
}