{
  "dram_cache_size": 21243,
  "flash_cache_size": 424862,
  "results": [
    {
      "hit": 64327335,
      "iteration": 0,
      "metrics": [
        {
          "admission_treshold": 0,
          "algorithm": "lru",
          "hit": 45517335,
          "inserted": 23874815,
          "layer": 0,
          "miss_ratio": 0.34405642424971705,
          "reinserted": 45517335,
          "req": 69392150
        },
        {
          "admission_treshold": 16,
          "algorithm": "offline-clock",
          "hit": 18810000,
          "inserted": 306407,
          "layer": 1,
          "miss_ratio": 0.21214049197868134,
          "reinserted": 0,
          "req": 23874815
        }
      ],
      "miss_ratio": 0.07298829910876081,
      "req": 69392150
    },
    {
      "hit": 64327335,
      "iteration": 1,
      "metrics": [
        {
          "admission_treshold": 0,
          "algorithm": "lru",
          "hit": 45517335,
          "inserted": 23874815,
          "layer": 0,
          "miss_ratio": 0.34405642424971705,
          "reinserted": 45517335,
          "req": 69392150
        },
        {
          "admission_treshold": 16,
          "algorithm": "offline-clock",
          "hit": 18810000,
          "inserted": 306407,
          "layer": 1,
          "miss_ratio": 0.21214049197868134,
          "reinserted": 0,
          "req": 23874815
        }
      ],
      "miss_ratio": 0.07298829910876081,
      "req": 69392150
    }
  ],
  "trace": "w06.oracleGeneral.bin.zst"
}