{
  "cache_size": 117341280,
  "results": [
    {
      "hit": 40174793,
      "iteration": 0,
      "metrics": [
        {
          "admission_treshold": 16,
          "algorithm": "lru",
          "hit": 24264073,
          "inserted": 45128077,
          "layer": 0,
          "miss_ratio": 0.6503340363427275,
          "reinserted": 24264073,
          "req": 69392150
        },
        {
          "admission_treshold": 16,
          "algorithm": "fifo",
          "hit": 15910720,
          "inserted": 24051244,
          "layer": 1,
          "miss_ratio": 0.6474319080779799,
          "reinserted": 0,
          "req": 45128077
        }
      ],
      "miss_ratio": 0.4210470060374264,
      "req": 69392150
    }
  ],
  "trace": "w06.oracleGeneral.bin.zst"
}