{
  "dram_cache_size": 84,
  "flash_cache_size": 8497,
  "results": [
    {
      "hit": 37372563,
      "iteration": 0,
      "metrics": [
        {
          "admission_treshold": 32,
          "algorithm": "lru",
          "hit": 37372563,
          "inserted": 20468915,
          "layer": 0,
          "miss_ratio": 0.4614295276915328,
          "reinserted": 37372563,
          "req": 69392150
        }
      ],
      "miss_ratio": 0.4614295276915328,
      "req": 69392150
    }
  ],
  "trace": "w06.oracleGeneral.bin.zst"
}