{
  "dram_cache_size": 84972,
  "flash_cache_size": 169944,
  "results": [
    {
      "hit": 65378925,
      "iteration": 0,
      "metrics": [
        {
          "admission_treshold": 0,
          "algorithm": "lru",
          "hit": 58630398,
          "inserted": 10761752,
          "layer": 0,
          "miss_ratio": 0.15508601477256434,
          "reinserted": 58630398,
          "req": 69392150
        },
        {
          "admission_treshold": 1,
          "algorithm": "fifo",
          "hit": 6748527,
          "inserted": 5094264,
          "layer": 1,
          "miss_ratio": 0.37291558103178735,
          "reinserted": 0,
          "req": 10761752
        }
      ],
      "miss_ratio": 0.05783399130881517,
      "req": 69392150
    }
  ],
  "trace": "w06.oracleGeneral.bin.zst"
}