{
  "dram_cache_size": 8497,
  "flash_cache_size": 16994,
  "results": [
    {
      "hit": 46555688,
      "iteration": 0,
      "metrics": [
        {
<<<<<<< HEAD
          "admission_treshold": 8,
=======
          "admission_treshold": 0,
>>>>>>> 160be2d8 (New results)
          "algorithm": "lru",
          "hit": 40683019,
          "inserted": 28709131,
          "layer": 0,
          "miss_ratio": 0.41372303639532715,
          "reinserted": 40683019,
          "req": 69392150
        },
        {
          "admission_treshold": 8,
          "algorithm": "fifo",
          "hit": 5872669,
          "inserted": 22902559,
          "layer": 1,
          "miss_ratio": 0.7954424674156804,
          "reinserted": 0,
          "req": 28709131
        }
      ],
      "miss_ratio": 0.3290928728970064,
      "req": 69392150
    }
  ],
  "trace": "w06.oracleGeneral.bin.zst"
}