{
  "dram_cache_size": 42486,
  "flash_cache_size": 424862,
  "results": [
    {
      "hit": 62969740,
      "iteration": 0,
      "metrics": [
        {
<<<<<<< HEAD
          "admission_treshold": 32,
=======
          "admission_treshold": 0,
>>>>>>> 160be2d8 (New results)
          "algorithm": "lru",
          "hit": 51532820,
          "inserted": 17859330,
          "layer": 0,
          "miss_ratio": 0.25736816051959766,
          "reinserted": 51532820,
          "req": 69392150
        },
        {
          "admission_treshold": 32,
          "algorithm": "lru",
          "hit": 11436920,
          "inserted": 229445,
          "layer": 1,
          "miss_ratio": 0.3596109148551485,
          "reinserted": 11398067,
          "req": 17859330
        }
      ],
      "miss_ratio": 0.09255239965903928,
      "req": 69392150
    }
  ],
  "trace": "w06.oracleGeneral.bin.zst"
}