{
  "dram_cache_size": 16994,
  "flash_cache_size": 169944,
  "results": [
    {
      "hit": 64124426,
      "iteration": 0,
      "metrics": [
        {
          "admission_treshold": 0,
          "algorithm": "lru",
          "hit": 43529035,
          "inserted": 25863115,
          "layer": 0,
          "miss_ratio": 0.37270952117782774,
          "reinserted": 43529035,
          "req": 69392150
        },
        {
          "admission_treshold": 2,
          "algorithm": "fifo",
          "hit": 20595391,
          "inserted": 4161210,
          "layer": 1,
          "miss_ratio": 0.2036770899406355,
          "reinserted": 0,
          "req": 25863115
        }
      ],
      "miss_ratio": 0.07591239066666766,
      "req": 69392150
    }
  ],
  "trace": "w06.oracleGeneral.bin.zst"
}