{
  "dram_cache_size": 1699,
  "flash_cache_size": 169944,
  "results": [
    {
      "hit": 61365306,
      "iteration": 0,
      "metrics": [
        {
          "admission_treshold": 16,
          "algorithm": "lru",
          "hit": 61365306,
          "inserted": 791184,
          "layer": 0,
          "miss_ratio": 0.11567366049329786,
          "reinserted": 61365306,
          "req": 69392150
        }
      ],
      "miss_ratio": 0.11567366049329786,
      "req": 69392150
    }
  ],
  "trace": "w06.oracleGeneral.bin.zst"
}