{
  "cache_size": 16994,
  "results": [
    {
      "hit": 43683123,
      "iteration": 0,
      "metrics": [
        {
          "admission_treshold": 4,
          "algorithm": "lru",
          "hit": 25637595,
          "inserted": 43754555,
          "layer": 0,
          "miss_ratio": 0.6305404141534741,
          "reinserted": 25637595,
          "req": 69392150
        },
        {
          "admission_treshold": 4,
          "algorithm": "lru",
          "hit": 18045528,
          "inserted": 23513922,
          "layer": 1,
          "miss_ratio": 0.5875737280381437,
          "reinserted": 18007663,
          "req": 43754555
        }
      ],
      "miss_ratio": 0.37048898182287193,
      "req": 69392150
    }
  ],
  "trace": "w06.oracleGeneral.bin.zst"
}