{
  "dram_cache_size": 4248,
  "flash_cache_size": 424862,
  "results": [
    {
      "hit": 66891255,
      "iteration": 0,
      "metrics": [
        {
          "admission_treshold": 2,
          "algorithm": "fifo",
          "hit": 66891255,
          "inserted": 801447,
          "layer": 0,
          "miss_ratio": 0.03604002758237068,
          "reinserted": 0,
          "req": 69392150
        }
      ],
      "miss_ratio": 0.03604002758237068,
      "req": 69392150
    }
  ],
  "trace": "w06.oracleGeneral.bin.zst"
}