{
  "cache_size": 169944,
  "results": [
    {
      "hit": 61404628,
      "iteration": 0,
      "metrics": [
        {
          "admission_treshold": 32,
          "algorithm": "lru",
          "hit": 32378104,
          "inserted": 37014046,
          "layer": 0,
          "miss_ratio": 0.5334039369006436,
          "reinserted": 32378104,
          "req": 69392150
        },
        {
          "admission_treshold": 32,
          "algorithm": "lru",
          "hit": 29026524,
          "inserted": 259994,
          "layer": 1,
          "miss_ratio": 0.21579705174624786,
          "reinserted": 29024783,
          "req": 37014046
        }
      ],
      "miss_ratio": 0.11510699697300053,
      "req": 69392150
    }
  ],
  "trace": "w06.oracleGeneral.bin.zst"
}