{
  "dram_cache_size": 21243,
  "flash_cache_size": 424862,
  "results": [
    {
      "hit": 66764573,
      "iteration": 0,
      "metrics": [
        {
          "admission_treshold": 0,
          "algorithm": "lru",
          "hit": 45517335,
          "inserted": 23874815,
          "layer": 0,
          "miss_ratio": 0.34405642424971705,
          "reinserted": 45517335,
          "req": 69392150
        },
        {
          "admission_treshold": 4,
          "algorithm": "fifo",
          "hit": 21247238,
          "inserted": 527480,
          "layer": 1,
          "miss_ratio": 0.11005643394514264,
          "reinserted": 0,
          "req": 23874815
        }
      ],
      "miss_ratio": 0.0378656231288409,
      "req": 69392150
    }
  ],
  "trace": "w06.oracleGeneral.bin.zst"
}