{
  "dram_cache_size": 169,
  "flash_cache_size": 16994,
  "results": [
    {
      "hit": 43179570,
      "iteration": 0,
      "metrics": [
        {
          "admission_treshold": 4,
          "algorithm": "offline-clock",
          "hit": 43179570,
          "inserted": 23444900,
          "layer": 0,
          "miss_ratio": 0.3777456095538184,
          "reinserted": 17300578,
          "req": 69392150
        }
      ],
      "miss_ratio": 0.3777456095538184,
      "req": 69392150
    },
    {
      "hit": 43878311,
      "iteration": 1,
      "metrics": [
        {
          "admission_treshold": 4,
          "algorithm": "offline-clock",
          "hit": 43878311,
          "inserted": 22746159,
          "layer": 0,
          "miss_ratio": 0.36767615645285523,
          "reinserted": 3386832,
          "req": 69392150
        }
      ],
      "miss_ratio": 0.36767615645285523,
      "req": 69392150
    }
  ],
  "trace": "w06.oracleGeneral.bin.zst"
}