{
  "dram_cache_size": 212431,
  "flash_cache_size": 849724,
  "results": [
    {
      "hit": 67553737,
      "iteration": 0,
      "metrics": [
        {
          "admission_treshold": 0,
          "algorithm": "lru",
          "hit": 66053411,
          "inserted": 3338739,
          "layer": 0,
          "miss_ratio": 0.04811407342184959,
          "reinserted": 66053411,
          "req": 69392150
        },
        {
          "admission_treshold": 0,
          "algorithm": "fifo",
          "hit": 1500326,
          "inserted": 1838871,
          "layer": 1,
          "miss_ratio": 0.5506309418016802,
          "reinserted": 0,
          "req": 3338739
        }
      ],
      "miss_ratio": 0.026493097562188206,
      "req": 69392150
    }
  ],
  "trace": "w06.oracleGeneral.bin.zst"
}