{
  "dram_cache_size": 4248,
  "flash_cache_size": 424862,
  "results": [
    {
      "hit": 66092845,
      "iteration": 0,
      "metrics": [
        {
          "admission_treshold": 4,
          "algorithm": "fifo",
          "hit": 66092845,
          "inserted": 531625,
          "layer": 0,
          "miss_ratio": 0.04754579588613406,
          "reinserted": 0,
          "req": 69392150
        }
      ],
      "miss_ratio": 0.04754579588613406,
      "req": 69392150
    }
  ],
  "trace": "w06.oracleGeneral.bin.zst"
}