{
  "dram_cache_size": 16994,
  "flash_cache_size": 169944,
  "results": [
    {
      "hit": 61914122,
      "iteration": 0,
      "metrics": [
        {
<<<<<<< HEAD
          "admission_treshold": 32,
=======
          "admission_treshold": 0,
>>>>>>> 160be2d8 (New results)
          "algorithm": "lru",
          "hit": 43529035,
          "inserted": 25863115,
          "layer": 0,
          "miss_ratio": 0.37270952117782774,
          "reinserted": 43529035,
          "req": 69392150
        },
        {
          "admission_treshold": 32,
          "algorithm": "lru",
          "hit": 18385087,
          "inserted": 259873,
          "layer": 1,
          "miss_ratio": 0.28913872130251905,
          "reinserted": 18368271,
          "req": 25863115
        }
      ],
      "miss_ratio": 0.10776475437063127,
      "req": 69392150
    }
  ],
  "trace": "w06.oracleGeneral.bin.zst"
}