{
  "dram_cache_size": 84972,
  "flash_cache_size": 849724,
  "results": [
    {
      "hit": 65492098,
      "iteration": 0,
      "metrics": [
        {
<<<<<<< HEAD
          "admission_treshold": 16,
=======
          "admission_treshold": 0,
>>>>>>> 160be2d8 (New results)
          "algorithm": "lru",
          "hit": 58630398,
          "inserted": 10761752,
          "layer": 0,
          "miss_ratio": 0.15508601477256434,
          "reinserted": 58630398,
          "req": 69392150
        },
        {
          "admission_treshold": 16,
          "algorithm": "lru",
          "hit": 6861700,
          "inserted": 305905,
          "layer": 1,
          "miss_ratio": 0.362399356535999,
          "reinserted": 6781279,
          "req": 10761752
        }
      ],
      "miss_ratio": 0.05620307196130969,
      "req": 69392150
    }
  ],
  "trace": "w06.oracleGeneral.bin.zst"
}