{
  "cache_size": 849724,
  "results": [
    {
      "hit": 67513970,
      "iteration": 0,
      "metrics": [
        {
          "admission_treshold": 0,
          "algorithm": "lru",
          "hit": 40683019,
          "inserted": 28709131,
          "layer": 0,
          "miss_ratio": 0.41372303639532715,
          "reinserted": 40683019,
          "req": 69392150
        },
        {
          "admission_treshold": 0,
          "algorithm": "fifo",
          "hit": 26830951,
          "inserted": 1880587,
          "layer": 1,
          "miss_ratio": 0.06542099793964506,
          "reinserted": 0,
          "req": 28709131
        }
      ],
      "miss_ratio": 0.027066173911602376,
      "req": 69392150
    }
  ],
  "trace": "w06.oracleGeneral.bin.zst"
}