{
  "cache_size": 169944,
  "results": [
    {
      "hit": 63811647,
      "iteration": 0,
      "metrics": [
        {
          "admission_treshold": 2,
          "algorithm": "lru",
          "hit": 32378104,
          "inserted": 37014046,
          "layer": 0,
          "miss_ratio": 0.5334039369006436,
          "reinserted": 32378104,
          "req": 69392150
        },
        {
          "admission_treshold": 2,
          "algorithm": "fifo",
          "hit": 31433543,
          "inserted": 4178732,
          "layer": 1,
          "miss_ratio": 0.1507671709274906,
          "reinserted": 0,
          "req": 37014046
        }
      ],
      "miss_ratio": 0.08041980252809577,
      "req": 69392150
    }
  ],
  "trace": "w06.oracleGeneral.bin.zst"
}