{
  "dram_cache_size": 424,
  "flash_cache_size": 8497,
  "results": [
    {
      "hit": 40976155,
      "iteration": 0,
      "metrics": [
        {
<<<<<<< HEAD
          "admission_treshold": 8,
=======
          "admission_treshold": 0,
>>>>>>> 160be2d8 (New results)
          "algorithm": "lru",
          "hit": 28600856,
          "inserted": 40791294,
          "layer": 0,
          "miss_ratio": 0.5878372985993372,
          "reinserted": 28600856,
          "req": 69392150
        },
        {
          "admission_treshold": 8,
          "algorithm": "lru",
          "hit": 12375299,
          "inserted": 25155256,
          "layer": 1,
          "miss_ratio": 0.696619111911478,
          "reinserted": 12246766,
          "req": 40791294
        }
      ],
      "miss_ratio": 0.40949869689871266,
      "req": 69392150
    }
  ],
  "trace": "w06.oracleGeneral.bin.zst"
}