{
  "dram_cache_size": 42486,
  "flash_cache_size": 169944,
  "results": [
    {
      "hit": 65021210,
      "iteration": 0,
      "metrics": [
        {
          "admission_treshold": 0,
          "algorithm": "lru",
          "hit": 51532820,
          "inserted": 17859330,
          "layer": 0,
          "miss_ratio": 0.25736816051959766,
          "reinserted": 51532820,
          "req": 69392150
        },
        {
          "admission_treshold": 8,
          "algorithm": "offline-clock",
          "hit": 13488390,
          "inserted": 1586747,
          "layer": 1,
          "miss_ratio": 0.24474266391852328,
          "reinserted": 3934708,
          "req": 17859330
        }
      ],
      "miss_ratio": 0.06298896921337649,
      "req": 69392150
    },
    {
      "hit": 65235747,
      "iteration": 1,
      "metrics": [
        {
          "admission_treshold": 0,
          "algorithm": "lru",
          "hit": 51532820,
          "inserted": 17859330,
          "layer": 0,
          "miss_ratio": 0.25736816051959766,
          "reinserted": 51532820,
          "req": 69392150
        },
        {
          "admission_treshold": 8,
          "algorithm": "offline-clock",
          "hit": 13702927,
          "inserted": 1322669,
          "layer": 1,
          "miss_ratio": 0.23273006322185663,
          "reinserted": 2034062,
          "req": 17859330
        }
      ],
      "miss_ratio": 0.059897308269018956,
      "req": 69392150
    }
  ],
  "trace": "w06.oracleGeneral.bin.zst"
}