{
  "dram_cache_size": 106215,
  "flash_cache_size": 424862,
  "results": [
    {
      "hit": 66590894,
      "iteration": 0,
      "metrics": [
        {
<<<<<<< HEAD
          "admission_treshold": 8,
=======
          "admission_treshold": 0,
>>>>>>> 160be2d8 (New results)
          "algorithm": "lru",
          "hit": 61271701,
          "inserted": 8120449,
          "layer": 0,
          "miss_ratio": 0.11702258828988577,
          "reinserted": 61271701,
          "req": 69392150
        },
        {
          "admission_treshold": 8,
          "algorithm": "lru",
          "hit": 5319193,
          "inserted": 384118,
          "layer": 1,
          "miss_ratio": 0.34496319107477924,
          "reinserted": 5217465,
          "req": 8120449
        }
      ],
      "miss_ratio": 0.04036848548430916,
      "req": 69392150
    }
  ],
  "trace": "w06.oracleGeneral.bin.zst"
}