{
  "dram_cache_size": 42486,
  "flash_cache_size": 424862,
  "results": [
    {
      "hit": 66947513,
      "iteration": 0,
      "metrics": [
        {
<<<<<<< HEAD
          "admission_treshold": 4,
=======
          "admission_treshold": 0,
>>>>>>> 160be2d8 (New results)
          "algorithm": "lru",
          "hit": 51532820,
          "inserted": 17859330,
          "layer": 0,
          "miss_ratio": 0.25736816051959766,
          "reinserted": 51532820,
          "req": 69392150
        },
        {
          "admission_treshold": 4,
          "algorithm": "offline-clock",
          "hit": 15414693,
          "inserted": 459976,
          "layer": 1,
          "miss_ratio": 0.13688290658160185,
          "reinserted": 385062,
          "req": 17859330
        }
      ],
      "miss_ratio": 0.03522930187348283,
      "req": 69392150
    },
    {
      "hit": 66947513,
      "iteration": 1,
      "metrics": [
        {
<<<<<<< HEAD
          "admission_treshold": 4,
=======
          "admission_treshold": 0,
>>>>>>> 160be2d8 (New results)
          "algorithm": "lru",
          "hit": 51532820,
          "inserted": 17859330,
          "layer": 0,
          "miss_ratio": 0.25736816051959766,
          "reinserted": 51532820,
          "req": 69392150
        },
        {
          "admission_treshold": 4,
          "algorithm": "offline-clock",
          "hit": 15414693,
          "inserted": 459976,
          "layer": 1,
          "miss_ratio": 0.13688290658160185,
          "reinserted": 385062,
          "req": 17859330
        }
      ],
      "miss_ratio": 0.03522930187348283,
      "req": 69392150
    }
  ],
  "trace": "w06.oracleGeneral.bin.zst"
}