{
  "dram_cache_size": 95026,
  "flash_cache_size": 950262,
  "results": [
    {
      "hit": 35501793,
      "iteration": 0,
      "metrics": [
        {
          "admission_treshold": 0,
          "algorithm": "lru",
          "hit": 16093781,
          "inserted": 51333624,
          "layer": 0,
          "miss_ratio": 0.7613169155775756,
          "reinserted": 16093781,
          "req": 67427405
        },
        {
          "admission_treshold": 2,
          "algorithm": "fifo",
          "hit": 19408012,
          "inserted": 23347782,
          "layer": 1,
          "miss_ratio": 0.6219239849499034,
          "reinserted": 0,
          "req": 51333624
        }
      ],
      "miss_ratio": 0.473481249945775,
      "req": 67427405
    }
  ],
  "trace": "w07.oracleGeneral.bin.zst"
}