{
  "dram_cache_size": 475131,
  "flash_cache_size": 4751310,
  "results": [
    {
      "hit": 52336850,
      "iteration": 0,
      "metrics": [
        {
          "admission_treshold": 0,
          "algorithm": "lru",
          "hit": 27329943,
          "inserted": 40097462,
          "layer": 0,
          "miss_ratio": 0.5946760371394983,
          "reinserted": 27329943,
          "req": 67427405
        },
        {
          "admission_treshold": 2,
          "algorithm": "offline-clock",
          "hit": 25006907,
          "inserted": 6047884,
          "layer": 1,
          "miss_ratio": 0.3763468869924984,
          "reinserted": 3285801,
          "req": 40097462
        }
      ],
      "miss_ratio": 0.22380447534648562,
      "req": 67427405
    },
    {
      "hit": 52336850,
      "iteration": 1,
      "metrics": [
        {
          "admission_treshold": 0,
          "algorithm": "lru",
          "hit": 27329943,
          "inserted": 40097462,
          "layer": 0,
          "miss_ratio": 0.5946760371394983,
          "reinserted": 27329943,
          "req": 67427405
        },
        {
          "admission_treshold": 2,
          "algorithm": "offline-clock",
          "hit": 25006907,
          "inserted": 6047884,
          "layer": 1,
          "miss_ratio": 0.3763468869924984,
          "reinserted": 3285801,
          "req": 40097462
        }
      ],
      "miss_ratio": 0.22380447534648562,
      "req": 67427405
    }
  ],
  "trace": "w07.oracleGeneral.bin.zst"
}