{
  "dram_cache_size": 4751,
  "flash_cache_size": 95026,
  "results": [
    {
      "hit": 19554719,
      "iteration": 0,
      "metrics": [
        {
          "admission_treshold": 0,
          "algorithm": "lru",
          "hit": 8827818,
          "inserted": 58599587,
          "layer": 0,
          "miss_ratio": 0.8690767055324167,
          "reinserted": 8827818,
          "req": 67427405
        },
        {
          "admission_treshold": 8,
          "algorithm": "lru",
          "hit": 10726901,
          "inserted": 21012886,
          "layer": 1,
          "miss_ratio": 0.8169457917851879,
          "reinserted": 10584853,
          "req": 58599587
        }
      ],
      "miss_ratio": 0.7099885573232427,
      "req": 67427405
    }
  ],
  "trace": "w07.oracleGeneral.bin.zst"
}