{
  "dram_cache_size": 237565,
  "flash_cache_size": 950262,
  "results": [
    {
      "hit": 36610548,
      "iteration": 0,
      "metrics": [
        {
          "admission_treshold": 0,
          "algorithm": "lru",
          "hit": 22398913,
          "inserted": 45028492,
          "layer": 0,
          "miss_ratio": 0.667806984415313,
          "reinserted": 22398913,
          "req": 67427405
        },
        {
          "admission_treshold": 0,
          "algorithm": "lru",
          "hit": 14211635,
          "inserted": 32820893,
          "layer": 1,
          "miss_ratio": 0.6843857218225295,
          "reinserted": 11970034,
          "req": 45028492
        }
      ],
      "miss_ratio": 0.45703756506720083,
      "req": 67427405
    }
  ],
  "trace": "w07.oracleGeneral.bin.zst"
}