{
  "dram_cache_size": 95026,
  "flash_cache_size": 950262,
  "results": [
    {
      "hit": 33137210,
      "iteration": 0,
      "metrics": [
        {
          "admission_treshold": 0,
          "algorithm": "lru",
          "hit": 16093781,
          "inserted": 51333624,
          "layer": 0,
          "miss_ratio": 0.7613169155775756,
          "reinserted": 16093781,
          "req": 67427405
        },
        {
          "admission_treshold": 16,
          "algorithm": "lru",
          "hit": 17043429,
          "inserted": 868512,
          "layer": 1,
          "miss_ratio": 0.6679870293201976,
          "reinserted": 16982652,
          "req": 51333624
        }
      ],
      "miss_ratio": 0.5085498248078804,
      "req": 67427405
    }
  ],
  "trace": "w07.oracleGeneral.bin.zst"
}