{
  "cache_size": 47513,
  "results": [
    {
      "hit": 13099174,
      "iteration": 0,
      "metrics": [
        {
          "admission_treshold": 2,
          "algorithm": "lru",
          "hit": 2096509,
          "inserted": 65330896,
          "layer": 0,
          "miss_ratio": 0.9689071676419996,
          "reinserted": 2096509,
          "req": 67427405
        },
        {
          "admission_treshold": 2,
          "algorithm": "lru",
          "hit": 11002665,
          "inserted": 44910952,
          "layer": 1,
          "miss_ratio": 0.8315855793558993,
          "reinserted": 10975124,
          "req": 65330896
        }
      ],
      "miss_ratio": 0.8057292283456556,
      "req": 67427405
    }
  ],
  "trace": "w07.oracleGeneral.bin.zst"
}