{
  "dram_cache_size": 1187827,
  "flash_cache_size": 2375655,
  "results": [
    {
      "hit": 49617276,
      "iteration": 0,
      "metrics": [
        {
          "admission_treshold": 0,
          "algorithm": "lru",
          "hit": 37406620,
          "inserted": 30020785,
          "layer": 0,
          "miss_ratio": 0.44523120828986373,
          "reinserted": 37406620,
          "req": 67427405
        },
        {
          "admission_treshold": 2,
          "algorithm": "fifo",
          "hit": 12210656,
          "inserted": 11149252,
          "layer": 1,
          "miss_ratio": 0.5932599364073924,
          "reinserted": 0,
          "req": 30020785
        }
      ],
      "miss_ratio": 0.26413783831663107,
      "req": 67427405
    }
  ],
  "trace": "w07.oracleGeneral.bin.zst"
}