{
  "cache_size": 95026,
  "results": [
    {
      "hit": 18226332,
      "iteration": 0,
      "metrics": [
        {
          "admission_treshold": 4,
          "algorithm": "lru",
          "hit": 4254277,
          "inserted": 63173128,
          "layer": 0,
          "miss_ratio": 0.9369058174491515,
          "reinserted": 4254277,
          "req": 67427405
        },
        {
          "admission_treshold": 4,
          "algorithm": "lru",
          "hit": 13972055,
          "inserted": 30469457,
          "layer": 1,
          "miss_ratio": 0.7788291407701071,
          "reinserted": 13935959,
          "req": 63173128
        }
      ],
      "miss_ratio": 0.7296895527864375,
      "req": 67427405
    }
  ],
  "trace": "w07.oracleGeneral.bin.zst"
}