{
  "dram_cache_size": 23756,
  "flash_cache_size": 95026,
  "results": [
    {
      "hit": 18474354,
      "iteration": 0,
      "metrics": [
        {
<<<<<<< HEAD
          "admission_treshold": 2,
=======
          "admission_treshold": 0,
>>>>>>> 160be2d8 (New results)
          "algorithm": "lru",
          "hit": 11142207,
          "inserted": 56285198,
          "layer": 0,
          "miss_ratio": 0.8347525460901246,
          "reinserted": 11142207,
          "req": 67427405
        },
        {
          "admission_treshold": 2,
          "algorithm": "offline-clock",
          "hit": 7332147,
          "inserted": 40769675,
          "layer": 1,
          "miss_ratio": 0.8697322340413549,
          "reinserted": 5301211,
          "req": 56285198
        }
      ],
      "miss_ratio": 0.7260111967826732,
      "req": 67427405
    },
    {
      "hit": 18583987,
      "iteration": 1,
      "metrics": [
        {
<<<<<<< HEAD
          "admission_treshold": 2,
=======
          "admission_treshold": 0,
>>>>>>> 160be2d8 (New results)
          "algorithm": "lru",
          "hit": 11142207,
          "inserted": 56285198,
          "layer": 0,
          "miss_ratio": 0.8347525460901246,
          "reinserted": 11142207,
          "req": 67427405
        },
        {
          "admission_treshold": 2,
          "algorithm": "offline-clock",
          "hit": 7441780,
          "inserted": 40539186,
          "layer": 1,
          "miss_ratio": 0.86778442175863,
          "reinserted": 2048509,
          "req": 56285198
        }
      ],
      "miss_ratio": 0.7243852555203629,
      "req": 67427405
    }
  ],
  "trace": "w07.oracleGeneral.bin.zst"
}