{
  "dram_cache_size": 23756,
  "flash_cache_size": 95026,
  "results": [
    {
      "hit": 19569247,
      "iteration": 0,
      "metrics": [
        {
          "admission_treshold": 0,
          "algorithm": "lru",
          "hit": 11142207,
          "inserted": 56285198,
          "layer": 0,
          "miss_ratio": 0.8347525460901246,
          "reinserted": 11142207,
          "req": 67427405
        },
        {
          "admission_treshold": 32,
          "algorithm": "fifo",
          "hit": 8427040,
          "inserted": 6373195,
          "layer": 1,
          "miss_ratio": 0.8502796419051417,
          "reinserted": 0,
          "req": 56285198
        }
      ],
      "miss_ratio": 0.7097730959689166,
      "req": 67427405
    }
  ],
  "trace": "w07.oracleGeneral.bin.zst"
}