{
  "cache_size": 1467303296,
  "results": [
    {
      "hit": 20240600,
      "iteration": 0,
      "metrics": [
        {
          "admission_treshold": 2,
          "algorithm": "lru",
          "hit": 6677334,
          "inserted": 60750071,
          "layer": 0,
          "miss_ratio": 0.9009700284328012,
          "reinserted": 6677334,
          "req": 67427405
        },
        {
          "admission_treshold": 2,
          "algorithm": "fifo",
          "hit": 13563266,
          "inserted": 37887543,
          "layer": 1,
          "miss_ratio": 0.7767366230732471,
          "reinserted": 0,
          "req": 60750071
        }
      ],
      "miss_ratio": 0.6998164173751014,
      "req": 67427405
    }
  ],
  "trace": "w07.oracleGeneral.bin.zst"
}