{
  "dram_cache_size": 9502,
  "flash_cache_size": 950262,
  "results": [
    {
      "hit": 35692657,
      "iteration": 0,
      "metrics": [
        {
          "admission_treshold": 0,
          "algorithm": "offline-clock",
          "hit": 35692657,
          "inserted": 31734748,
          "layer": 0,
          "miss_ratio": 0.4706505908094787,
          "reinserted": 12900568,
          "req": 67427405
        }
      ],
      "miss_ratio": 0.4706505908094787,
      "req": 67427405
    },
    {
      "hit": 36563272,
      "iteration": 1,
      "metrics": [
        {
          "admission_treshold": 0,
          "algorithm": "offline-clock",
          "hit": 36563272,
          "inserted": 30864133,
          "layer": 0,
          "miss_ratio": 0.45773870431466257,
          "reinserted": 5752913,
          "req": 67427405
        }
      ],
      "miss_ratio": 0.45773870431466257,
      "req": 67427405
    }
  ],
  "trace": "w07.oracleGeneral.bin.zst"
}