{
  "cache_size": 36682584064,
  "results": [
    {
      "hit": 48146952,
      "iteration": 0,
      "metrics": [
        {
          "admission_treshold": 2,
          "algorithm": "lru",
          "hit": 12134305,
          "inserted": 55293100,
          "layer": 0,
          "miss_ratio": 0.820038973767417,
          "reinserted": 12134305,
          "req": 67427405
        },
        {
          "admission_treshold": 2,
          "algorithm": "fifo",
          "hit": 36012647,
          "inserted": 10018428,
          "layer": 1,
          "miss_ratio": 0.348695461097316,
          "reinserted": 0,
          "req": 55293100
        }
      ],
      "miss_ratio": 0.28594386807559924,
      "req": 67427405
    }
  ],
  "trace": "w07.oracleGeneral.bin.zst"
}