{
  "dram_cache_size": 4751,
  "flash_cache_size": 95026,
  "results": [
    {
      "hit": 17762312,
      "iteration": 0,
      "metrics": [
        {
          "admission_treshold": 0,
          "algorithm": "lru",
          "hit": 8827818,
          "inserted": 58599587,
          "layer": 0,
          "miss_ratio": 0.8690767055324167,
          "reinserted": 8827818,
          "req": 67427405
        },
        {
          "admission_treshold": 4,
          "algorithm": "fifo",
          "hit": 8934494,
          "inserted": 31311084,
          "layer": 1,
          "miss_ratio": 0.8475331575289089,
          "reinserted": 0,
          "req": 58599587
        }
      ],
      "miss_ratio": 0.7365713243747108,
      "req": 67427405
    }
  ],
  "trace": "w07.oracleGeneral.bin.zst"
}