{
  "dram_cache_size": 118782,
  "flash_cache_size": 2375655,
  "results": [
    {
      "hit": 44367512,
      "iteration": 0,
      "metrics": [
        {
          "admission_treshold": 0,
          "algorithm": "lru",
          "hit": 17636678,
          "inserted": 49790727,
          "layer": 0,
          "miss_ratio": 0.7384345727082333,
          "reinserted": 17636678,
          "req": 67427405
        },
        {
          "admission_treshold": 1,
          "algorithm": "fifo",
          "hit": 26730834,
          "inserted": 23501379,
          "layer": 1,
          "miss_ratio": 0.4631362984517178,
          "reinserted": 0,
          "req": 49790727
        }
      ],
      "miss_ratio": 0.3419958546528671,
      "req": 67427405
    }
  ],
  "trace": "w07.oracleGeneral.bin.zst"
}