{
  "dram_cache_size": 47513,
  "flash_cache_size": 950262,
  "results": [
    {
      "hit": 37968259,
      "iteration": 0,
      "metrics": [
        {
          "admission_treshold": 4,
          "algorithm": "lru",
          "hit": 12603868,
          "inserted": 54823537,
          "layer": 0,
          "miss_ratio": 0.8130749952485936,
          "reinserted": 12603868,
          "req": 67427405
        },
        {
          "admission_treshold": 4,
          "algorithm": "lru",
          "hit": 25364391,
          "inserted": 11137095,
          "layer": 1,
          "miss_ratio": 0.5373448633932538,
          "reinserted": 25161986,
          "req": 54823537
        }
      ],
      "miss_ratio": 0.43690167225032606,
      "req": 67427405
    }
  ],
  "trace": "w07.oracleGeneral.bin.zst"
}