{
  "dram_cache_size": 237565,
  "flash_cache_size": 4751310,
  "results": [
    {
      "hit": 46432226,
      "iteration": 0,
      "metrics": [
        {
<<<<<<< HEAD
          "admission_treshold": 4,
=======
          "admission_treshold": 0,
>>>>>>> 160be2d8 (New results)
          "algorithm": "lru",
          "hit": 22398913,
          "inserted": 45028492,
          "layer": 0,
          "miss_ratio": 0.667806984415313,
          "reinserted": 22398913,
          "req": 67427405
        },
        {
          "admission_treshold": 4,
          "algorithm": "fifo",
          "hit": 24033313,
          "inserted": 2908526,
          "layer": 1,
          "miss_ratio": 0.4662643154916225,
          "reinserted": 0,
          "req": 45028492
        }
      ],
      "miss_ratio": 0.3113745664689306,
      "req": 67427405
    }
  ],
  "trace": "w07.oracleGeneral.bin.zst"
}