{
  "dram_cache_size": 9502,
  "flash_cache_size": 950262,
  "results": [
    {
      "hit": 36802648,
      "iteration": 0,
      "metrics": [
        {
          "admission_treshold": 2,
          "algorithm": "offline-clock",
          "hit": 36802648,
          "inserted": 21122136,
          "layer": 0,
          "miss_ratio": 0.45418857510532995,
          "reinserted": 12218454,
          "req": 67427405
        }
      ],
      "miss_ratio": 0.45418857510532995,
      "req": 67427405
    },
    {
      "hit": 37782543,
      "iteration": 1,
      "metrics": [
        {
          "admission_treshold": 2,
          "algorithm": "offline-clock",
          "hit": 37782543,
          "inserted": 20142241,
          "layer": 0,
          "miss_ratio": 0.43965598260825844,
          "reinserted": 6006630,
          "req": 67427405
        }
      ],
      "miss_ratio": 0.43965598260825844,
      "req": 67427405
    }
  ],
  "trace": "w07.oracleGeneral.bin.zst"
}