{
  "dram_cache_size": 9502,
  "flash_cache_size": 950262,
  "results": [
    {
      "hit": 33465591,
      "iteration": 0,
      "metrics": [
        {
          "admission_treshold": 0,
          "algorithm": "fifo",
          "hit": 33465591,
          "inserted": 33961814,
          "layer": 0,
          "miss_ratio": 0.5036796833572343,
          "reinserted": 0,
          "req": 67427405
        }
      ],
      "miss_ratio": 0.5036796833572343,
      "req": 67427405
    }
  ],
  "trace": "w07.oracleGeneral.bin.zst"
}