{
  "cache_size": 950262,
  "results": [
    {
      "hit": 32208712,
      "iteration": 0,
      "metrics": [
        {
          "admission_treshold": 16,
          "algorithm": "lru",
          "hit": 10074233,
          "inserted": 57353172,
          "layer": 0,
          "miss_ratio": 0.8505914175400937,
          "reinserted": 10074233,
          "req": 67427405
        },
        {
          "admission_treshold": 16,
          "algorithm": "lru",
          "hit": 22134479,
          "inserted": 869482,
          "layer": 1,
          "miss_ratio": 0.614067047590672,
          "reinserted": 22127297,
          "req": 57353172
        }
      ],
      "miss_ratio": 0.5223201604748099,
      "req": 67427405
    }
  ],
  "trace": "w07.oracleGeneral.bin.zst"
}