{
  "dram_cache_size": 475,
  "flash_cache_size": 47513,
  "results": [
    {
      "hit": 14379310,
      "iteration": 0,
      "metrics": [
        {
          "admission_treshold": 8,
          "algorithm": "lru",
          "hit": 14379310,
          "inserted": 25089955,
          "layer": 0,
          "miss_ratio": 0.7867438321258248,
          "reinserted": 14379310,
          "req": 67427405
        }
      ],
      "miss_ratio": 0.7867438321258248,
      "req": 67427405
    }
  ],
  "trace": "w07.oracleGeneral.bin.zst"
}