{
  "dram_cache_size": 9502,
  "flash_cache_size": 95026,
  "results": [
    {
      "hit": 19905017,
      "iteration": 0,
      "metrics": [
        {
          "admission_treshold": 0,
          "algorithm": "lru",
          "hit": 10074233,
          "inserted": 57353172,
          "layer": 0,
          "miss_ratio": 0.8505914175400937,
          "reinserted": 10074233,
          "req": 67427405
        },
        {
          "admission_treshold": 8,
          "algorithm": "offline-clock",
          "hit": 9830784,
          "inserted": 20839670,
          "layer": 1,
          "miss_ratio": 0.8285921483122154,
          "reinserted": 6293747,
          "req": 57353172
        }
      ],
      "miss_ratio": 0.7047933699954789,
      "req": 67427405
    },
    {
      "hit": 20355171,
      "iteration": 1,
      "metrics": [
        {
          "admission_treshold": 0,
          "algorithm": "lru",
          "hit": 10074233,
          "inserted": 57353172,
          "layer": 0,
          "miss_ratio": 0.8505914175400937,
          "reinserted": 10074233,
          "req": 67427405
        },
        {
          "admission_treshold": 8,
          "algorithm": "offline-clock",
          "hit": 10280938,
          "inserted": 20332376,
          "layer": 1,
          "miss_ratio": 0.8207433409262874,
          "reinserted": 2510227,
          "req": 57353172
        }
      ],
      "miss_ratio": 0.6981172417950832,
      "req": 67427405
    }
  ],
  "trace": "w07.oracleGeneral.bin.zst"
}