{
  "dram_cache_size": 237565,
  "flash_cache_size": 4751310,
  "results": [
    {
      "hit": 52372239,
      "iteration": 0,
      "metrics": [
        {
          "admission_treshold": 0,
          "algorithm": "lru",
          "hit": 22398913,
          "inserted": 45028492,
          "layer": 0,
          "miss_ratio": 0.667806984415313,
          "reinserted": 22398913,
          "req": 67427405
        },
        {
          "admission_treshold": 1,
          "algorithm": "fifo",
          "hit": 29973326,
          "inserted": 15335215,
          "layer": 1,
          "miss_ratio": 0.3343475504353999,
          "reinserted": 0,
          "req": 45028492
        }
      ],
      "miss_ratio": 0.22327962940291113,
      "req": 67427405
    }
  ],
  "trace": "w07.oracleGeneral.bin.zst"
}