{
  "cache_size": 95026,
  "results": [
    {
      "hit": 18117764,
      "iteration": 0,
      "metrics": [
        {
          "admission_treshold": 8,
          "algorithm": "lru",
          "hit": 4254277,
          "inserted": 63173128,
          "layer": 0,
          "miss_ratio": 0.9369058174491515,
          "reinserted": 4254277,
          "req": 67427405
        },
        {
          "admission_treshold": 8,
          "algorithm": "fifo",
          "hit": 13863487,
          "inserted": 21855575,
          "layer": 1,
          "miss_ratio": 0.7805477195936854,
          "reinserted": 0,
          "req": 63173128
        }
      ],
      "miss_ratio": 0.7312996992839929,
      "req": 67427405
    }
  ],
  "trace": "w07.oracleGeneral.bin.zst"
}