{
  "cache_size": 95026,
  "results": [
    {
      "hit": 16761066,
      "iteration": 0,
      "metrics": [
        {
          "admission_treshold": 32,
          "algorithm": "lru",
          "hit": 4254277,
          "inserted": 63173128,
          "layer": 0,
          "miss_ratio": 0.9369058174491515,
          "reinserted": 4254277,
          "req": 67427405
        },
        {
          "admission_treshold": 32,
          "algorithm": "fifo",
          "hit": 12506789,
          "inserted": 6390070,
          "layer": 1,
          "miss_ratio": 0.8020235914232393,
          "reinserted": 0,
          "req": 63173128
        }
      ],
      "miss_ratio": 0.7514205685358942,
      "req": 67427405
    }
  ],
  "trace": "w07.oracleGeneral.bin.zst"
}