{
  "cache_size": 4751310,
  "results": [
    {
      "hit": 52068891,
      "iteration": 0,
      "metrics": [
        {
          "admission_treshold": 0,
          "algorithm": "lru",
          "hit": 12603868,
          "inserted": 54823537,
          "layer": 0,
          "miss_ratio": 0.8130749952485936,
          "reinserted": 12603868,
          "req": 67427405
        },
        {
          "admission_treshold": 0,
          "algorithm": "fifo",
          "hit": 39465023,
          "inserted": 15388023,
          "layer": 1,
          "miss_ratio": 0.2801445298941584,
          "reinserted": 0,
          "req": 54823537
        }
      ],
      "miss_ratio": 0.22777851231261237,
      "req": 67427405
    }
  ],
  "trace": "w07.oracleGeneral.bin.zst"
}