{
  "dram_cache_size": 23756,
  "flash_cache_size": 2375655,
  "results": [
    {
      "hit": 46956774,
      "iteration": 0,
      "metrics": [
        {
          "admission_treshold": 2,
          "algorithm": "offline-clock",
          "hit": 46956774,
          "inserted": 10968010,
          "layer": 0,
          "miss_ratio": 0.30359511833504493,
          "reinserted": 8391049,
          "req": 67427405
        }
      ],
      "miss_ratio": 0.30359511833504493,
      "req": 67427405
    },
    {
      "hit": 47451820,
      "iteration": 1,
      "metrics": [
        {
          "admission_treshold": 2,
          "algorithm": "offline-clock",
          "hit": 47451820,
          "inserted": 10472964,
          "layer": 0,
          "miss_ratio": 0.29625320743101413,
          "reinserted": 4362826,
          "req": 67427405
        }
      ],
      "miss_ratio": 0.29625320743101413,
      "req": 67427405
    }
  ],
  "trace": "w07.oracleGeneral.bin.zst"
}