{
  "dram_cache_size": 4751,
  "flash_cache_size": 95026,
  "results": [
    {
      "hit": 19724586,
      "iteration": 0,
      "metrics": [
        {
<<<<<<< HEAD
          "admission_treshold": 8,
=======
          "admission_treshold": 0,
>>>>>>> 160be2d8 (New results)
          "algorithm": "lru",
          "hit": 8827818,
          "inserted": 58599587,
          "layer": 0,
          "miss_ratio": 0.8690767055324167,
          "reinserted": 8827818,
          "req": 67427405
        },
        {
          "admission_treshold": 8,
          "algorithm": "offline-clock",
          "hit": 10896768,
          "inserted": 20835673,
          "layer": 1,
          "miss_ratio": 0.8140470170890454,
          "reinserted": 6816181,
          "req": 58599587
        }
      ],
      "miss_ratio": 0.7074692997602384,
      "req": 67427405
    },
    {
      "hit": 20244794,
      "iteration": 1,
      "metrics": [
        {
<<<<<<< HEAD
          "admission_treshold": 8,
=======
          "admission_treshold": 0,
>>>>>>> 160be2d8 (New results)
          "algorithm": "lru",
          "hit": 8827818,
          "inserted": 58599587,
          "layer": 0,
          "miss_ratio": 0.8690767055324167,
          "reinserted": 8827818,
          "req": 67427405
        },
        {
          "admission_treshold": 8,
          "algorithm": "offline-clock",
          "hit": 11416976,
          "inserted": 20284343,
          "layer": 1,
          "miss_ratio": 0.8051696848989738,
          "reinserted": 2573559,
          "req": 58599587
        }
      ],
      "miss_ratio": 0.6997542171465742,
      "req": 67427405
    }
  ],
  "trace": "w07.oracleGeneral.bin.zst"
}