{
  "dram_cache_size": 95026,
  "flash_cache_size": 950262,
  "results": [
    {
      "hit": 35465852,
      "iteration": 0,
      "metrics": [
        {
          "admission_treshold": 0,
          "algorithm": "lru",
          "hit": 16093781,
          "inserted": 51333624,
          "layer": 0,
          "miss_ratio": 0.7613169155775756,
          "reinserted": 16093781,
          "req": 67427405
        },
        {
          "admission_treshold": 1,
          "algorithm": "lru",
          "hit": 19372071,
          "inserted": 32667087,
          "layer": 1,
          "miss_ratio": 0.6226241303360931,
          "reinserted": 18571511,
          "req": 51333624
        }
      ],
      "miss_ratio": 0.4740142824716449,
      "req": 67427405
    }
  ],
  "trace": "w07.oracleGeneral.bin.zst"
}