{
  "dram_cache_size": 23756,
  "flash_cache_size": 95026,
  "results": [
    {
      "hit": 19790532,
      "iteration": 0,
      "metrics": [
        {
          "admission_treshold": 0,
          "algorithm": "lru",
          "hit": 11142207,
          "inserted": 56285198,
          "layer": 0,
          "miss_ratio": 0.8347525460901246,
          "reinserted": 11142207,
          "req": 67427405
        },
        {
          "admission_treshold": 16,
          "algorithm": "fifo",
          "hit": 8648325,
          "inserted": 13946110,
          "layer": 1,
          "miss_ratio": 0.8463481464522875,
          "reinserted": 0,
          "req": 56285198
        }
      ],
      "miss_ratio": 0.7064912701297047,
      "req": 67427405
    }
  ],
  "trace": "w07.oracleGeneral.bin.zst"
}