{
  "dram_cache_size": 23756,
  "flash_cache_size": 47513,
  "results": [
    {
      "hit": 14293720,
      "iteration": 0,
      "metrics": [
        {
          "admission_treshold": 0,
          "algorithm": "lru",
          "hit": 11142207,
          "inserted": 56285198,
          "layer": 0,
          "miss_ratio": 0.8347525460901246,
          "reinserted": 11142207,
          "req": 67427405
        },
        {
          "admission_treshold": 0,
          "algorithm": "lru",
          "hit": 3151513,
          "inserted": 54883432,
          "layer": 1,
          "miss_ratio": 0.9440081386939423,
          "reinserted": 1378010,
          "req": 56285198
        }
      ],
      "miss_ratio": 0.7880131973045678,
      "req": 67427405
    }
  ],
  "trace": "w07.oracleGeneral.bin.zst"
}