{
  "dram_cache_size": 1187827,
  "flash_cache_size": 2375655,
  "results": [
    {
      "hit": 41323563,
      "iteration": 0,
      "metrics": [
        {
          "admission_treshold": 0,
          "algorithm": "lru",
          "hit": 37406620,
          "inserted": 30020785,
          "layer": 0,
          "miss_ratio": 0.44523120828986373,
          "reinserted": 37406620,
          "req": 67427405
        },
        {
          "admission_treshold": 16,
          "algorithm": "lru",
          "hit": 3916943,
          "inserted": 773205,
          "layer": 1,
          "miss_ratio": 0.8695256303257892,
          "reinserted": 3346589,
          "req": 30020785
        }
      ],
      "miss_ratio": 0.3871399470289566,
      "req": 67427405
    }
  ],
  "trace": "w07.oracleGeneral.bin.zst"
}