{
  "cache_size": 73365168128,
  "results": [
    {
      "hit": 54310820,
      "iteration": 0,
      "metrics": [
        {
          "admission_treshold": 1,
          "algorithm": "lru",
          "hit": 15545550,
          "inserted": 51881855,
          "layer": 0,
          "miss_ratio": 0.7694476007196184,
          "reinserted": 15545550,
          "req": 67427405
        },
        {
          "admission_treshold": 1,
          "algorithm": "offline-clock",
          "hit": 38765270,
          "inserted": 13172206,
          "layer": 1,
          "miss_ratio": 0.2528164230056924,
          "reinserted": 6598782,
          "req": 51881855
        }
      ],
      "miss_ratio": 0.19452899010424618,
      "req": 67427405
    },
    {
      "hit": 54496246,
      "iteration": 1,
      "metrics": [
        {
          "admission_treshold": 1,
          "algorithm": "lru",
          "hit": 15545550,
          "inserted": 51881855,
          "layer": 0,
          "miss_ratio": 0.7694476007196184,
          "reinserted": 15545550,
          "req": 67427405
        },
        {
          "admission_treshold": 1,
          "algorithm": "offline-clock",
          "hit": 38950696,
          "inserted": 12935500,
          "layer": 1,
          "miss_ratio": 0.24924241818261894,
          "reinserted": 4119983,
          "req": 51881855
        }
      ],
      "miss_ratio": 0.1917789806681719,
      "req": 67427405
    }
  ],
  "trace": "w07.oracleGeneral.bin.zst"
}