{
  "dram_cache_size": 4751,
  "flash_cache_size": 47513,
  "results": [
    {
      "hit": 15651380,
      "iteration": 0,
      "metrics": [
        {
          "admission_treshold": 0,
          "algorithm": "lru",
          "hit": 8827818,
          "inserted": 58599587,
          "layer": 0,
          "miss_ratio": 0.8690767055324167,
          "reinserted": 8827818,
          "req": 67427405
        },
        {
          "admission_treshold": 16,
          "algorithm": "fifo",
          "hit": 6823562,
          "inserted": 17431799,
          "layer": 1,
          "miss_ratio": 0.88355614178646,
          "reinserted": 0,
          "req": 58599587
        }
      ],
      "miss_ratio": 0.7678780608567095,
      "req": 67427405
    }
  ],
  "trace": "w07.oracleGeneral.bin.zst"
}