{
  "dram_cache_size": 23756,
  "flash_cache_size": 2375655,
  "results": [
    {
      "hit": 43889822,
      "iteration": 0,
      "metrics": [
        {
          "admission_treshold": 0,
          "algorithm": "fifo",
          "hit": 43889822,
          "inserted": 23537583,
          "layer": 0,
          "miss_ratio": 0.3490803627990726,
          "reinserted": 0,
          "req": 67427405
        }
      ],
      "miss_ratio": 0.3490803627990726,
      "req": 67427405
    }
  ],
  "trace": "w07.oracleGeneral.bin.zst"
}