{
  "dram_cache_size": 47513,
  "flash_cache_size": 950262,
  "results": [
    {
      "hit": 32546060,
      "iteration": 0,
      "metrics": [
        {
          "admission_treshold": 0,
          "algorithm": "lru",
          "hit": 12603868,
          "inserted": 54823537,
          "layer": 0,
          "miss_ratio": 0.8130749952485936,
          "reinserted": 12603868,
          "req": 67427405
        },
        {
          "admission_treshold": 16,
          "algorithm": "lru",
          "hit": 19942192,
          "inserted": 868983,
          "layer": 1,
          "miss_ratio": 0.6362476211631511,
          "reinserted": 19910058,
          "req": 54823537
        }
      ],
      "miss_ratio": 0.5173170315541582,
      "req": 67427405
    }
  ],
  "trace": "w07.oracleGeneral.bin.zst"
}