{
  "dram_cache_size": 237565,
  "flash_cache_size": 950262,
  "results": [
    {
      "hit": 37024919,
      "iteration": 0,
      "metrics": [
        {
          "admission_treshold": 0,
          "algorithm": "lru",
          "hit": 22398913,
          "inserted": 45028492,
          "layer": 0,
          "miss_ratio": 0.667806984415313,
          "reinserted": 22398913,
          "req": 67427405
        },
        {
          "admission_treshold": 2,
          "algorithm": "fifo",
          "hit": 14626006,
          "inserted": 23068993,
          "layer": 1,
          "miss_ratio": 0.675183303940092,
          "reinserted": 0,
          "req": 45028492
        }
      ],
      "miss_ratio": 0.4508921261318005,
      "req": 67427405
    }
  ],
  "trace": "w07.oracleGeneral.bin.zst"
}