{
  "dram_cache_size": 4751,
  "flash_cache_size": 95026,
  "results": [
    {
      "hit": 17286153,
      "iteration": 0,
      "metrics": [
        {
          "admission_treshold": 2,
          "algorithm": "lru",
          "hit": 8827818,
          "inserted": 58599587,
          "layer": 0,
          "miss_ratio": 0.8690767055324167,
          "reinserted": 8827818,
          "req": 67427405
        },
        {
          "admission_treshold": 2,
          "algorithm": "lru",
          "hit": 8458335,
          "inserted": 41061543,
          "layer": 1,
          "miss_ratio": 0.8556587950014051,
          "reinserted": 8214888,
          "req": 58599587
        }
      ],
      "miss_ratio": 0.7436331266196585,
      "req": 67427405
    }
  ],
  "trace": "w07.oracleGeneral.bin.zst"
}