{
  "dram_cache_size": 9502,
  "flash_cache_size": 950262,
  "results": [
    {
      "hit": 36083433,
      "iteration": 0,
      "metrics": [
        {
          "admission_treshold": 2,
          "algorithm": "lru",
          "hit": 36083433,
          "inserted": 21841351,
          "layer": 0,
          "miss_ratio": 0.46485508377491314,
          "reinserted": 36083433,
          "req": 67427405
        }
      ],
      "miss_ratio": 0.46485508377491314,
      "req": 67427405
    }
  ],
  "trace": "w07.oracleGeneral.bin.zst"
}