{
  "dram_cache_size": 475131,
  "flash_cache_size": 4751310,
  "results": [
    {
      "hit": 53422863,
      "iteration": 0,
      "metrics": [
        {
          "admission_treshold": 1,
          "algorithm": "lru",
          "hit": 27329943,
          "inserted": 40097462,
          "layer": 0,
          "miss_ratio": 0.5946760371394983,
          "reinserted": 27329943,
          "req": 67427405
        },
        {
          "admission_treshold": 1,
          "algorithm": "offline-clock",
          "hit": 26092920,
          "inserted": 14344003,
          "layer": 1,
          "miss_ratio": 0.3492625543232637,
          "reinserted": 7244844,
          "req": 40097462
        }
      ],
      "miss_ratio": 0.20769807172617716,
      "req": 67427405
    },
    {
      "hit": 53769924,
      "iteration": 1,
      "metrics": [
        {
          "admission_treshold": 1,
          "algorithm": "lru",
          "hit": 27329943,
          "inserted": 40097462,
          "layer": 0,
          "miss_ratio": 0.5946760371394983,
          "reinserted": 27329943,
          "req": 67427405
        },
        {
          "admission_treshold": 1,
          "algorithm": "offline-clock",
          "hit": 26439981,
          "inserted": 13999936,
          "layer": 1,
          "miss_ratio": 0.3406071187248709,
          "reinserted": 3750576,
          "req": 40097462
        }
      ],
      "miss_ratio": 0.20255089158480888,
      "req": 67427405
    }
  ],
  "trace": "w07.oracleGeneral.bin.zst"
}