{
  "dram_cache_size": 2375655,
  "flash_cache_size": 4751310,
  "results": [
    {
      "hit": 47912103,
      "iteration": 0,
      "metrics": [
        {
          "admission_treshold": 0,
          "algorithm": "lru",
          "hit": 47104171,
          "inserted": 20323234,
          "layer": 0,
          "miss_ratio": 0.3014091080622189,
          "reinserted": 47104171,
          "req": 67427405
        },
        {
          "admission_treshold": 32,
          "algorithm": "lru",
          "hit": 807932,
          "inserted": 372055,
          "layer": 1,
          "miss_ratio": 0.9602458939359749,
          "reinserted": 438418,
          "req": 20323234
        }
      ],
      "miss_ratio": 0.2894268584116503,
      "req": 67427405
    }
  ],
  "trace": "w07.oracleGeneral.bin.zst"
}