{
  "cache_size": 4751310,
  "results": [
    {
      "hit": 52319017,
      "iteration": 0,
      "metrics": [
        {
          "admission_treshold": 0,
          "algorithm": "lru",
          "hit": 12603868,
          "inserted": 54823537,
          "layer": 0,
          "miss_ratio": 0.8130749952485936,
          "reinserted": 12603868,
          "req": 67427405
        },
        {
          "admission_treshold": 0,
          "algorithm": "lru",
          "hit": 39715149,
          "inserted": 15133117,
          "layer": 1,
          "miss_ratio": 0.2755821464054754,
          "reinserted": 39642907,
          "req": 54823537
        }
      ],
      "miss_ratio": 0.2240689523792292,
      "req": 67427405
    }
  ],
  "trace": "w07.oracleGeneral.bin.zst"
}