{
  "dram_cache_size": 118782,
  "flash_cache_size": 2375655,
  "results": [
    {
      "hit": 45592956,
      "iteration": 0,
      "metrics": [
        {
          "admission_treshold": 4,
          "algorithm": "lru",
          "hit": 17636678,
          "inserted": 49790727,
          "layer": 0,
          "miss_ratio": 0.7384345727082333,
          "reinserted": 17636678,
          "req": 67427405
        },
        {
          "admission_treshold": 4,
          "algorithm": "lru",
          "hit": 27956278,
          "inserted": 3518625,
          "layer": 1,
          "miss_ratio": 0.4385244063618513,
          "reinserted": 27838277,
          "req": 49790727
        }
      ],
      "miss_ratio": 0.32382158263394534,
      "req": 67427405
    }
  ],
  "trace": "w07.oracleGeneral.bin.zst"
}