{
  "cache_size": 950262,
  "results": [
    {
      "hit": 34828574,
      "iteration": 0,
      "metrics": [
        {
          "admission_treshold": 1,
          "algorithm": "lru",
          "hit": 10074233,
          "inserted": 57353172,
          "layer": 0,
          "miss_ratio": 0.8505914175400937,
          "reinserted": 10074233,
          "req": 67427405
        },
        {
          "admission_treshold": 1,
          "algorithm": "lru",
          "hit": 24754341,
          "inserted": 32664224,
          "layer": 1,
          "miss_ratio": 0.5683875863047296,
          "reinserted": 24679446,
          "req": 57353172
        }
      ],
      "miss_ratio": 0.48346560274713224,
      "req": 67427405
    }
  ],
  "trace": "w07.oracleGeneral.bin.zst"
}