{
  "dram_cache_size": 593913,
  "flash_cache_size": 2375655,
  "results": [
    {
      "hit": 47409576,
      "iteration": 0,
      "metrics": [
        {
<<<<<<< HEAD
          "admission_treshold": 2,
=======
          "admission_treshold": 0,
>>>>>>> 160be2d8 (New results)
          "algorithm": "lru",
          "hit": 29157130,
          "inserted": 38270275,
          "layer": 0,
          "miss_ratio": 0.5675774560803578,
          "reinserted": 29157130,
          "req": 67427405
        },
        {
          "admission_treshold": 2,
          "algorithm": "fifo",
          "hit": 18252446,
          "inserted": 12501915,
          "layer": 1,
          "miss_ratio": 0.5230646761749165,
          "reinserted": 0,
          "req": 38270275
        }
      ],
      "miss_ratio": 0.2968797182688552,
      "req": 67427405
    }
  ],
  "trace": "w07.oracleGeneral.bin.zst"
}