{
  "dram_cache_size": 118782,
  "flash_cache_size": 2375655,
  "results": [
    {
      "hit": 45499366,
      "iteration": 0,
      "metrics": [
        {
          "admission_treshold": 0,
          "algorithm": "lru",
          "hit": 17636678,
          "inserted": 49790727,
          "layer": 0,
          "miss_ratio": 0.7384345727082333,
          "reinserted": 17636678,
          "req": 67427405
        },
        {
          "admission_treshold": 2,
          "algorithm": "fifo",
          "hit": 27862688,
          "inserted": 12870088,
          "layer": 1,
          "miss_ratio": 0.44040407363403233,
          "reinserted": 0,
          "req": 49790727
        }
      ],
      "miss_ratio": 0.32520959393291204,
      "req": 67427405
    }
  ],
  "trace": "w07.oracleGeneral.bin.zst"
}