{
  "dram_cache_size": 47513,
  "flash_cache_size": 4751310,
  "results": [
    {
      "hit": 52984697,
      "iteration": 0,
      "metrics": [
        {
          "admission_treshold": 0,
          "algorithm": "offline-clock",
          "hit": 52984697,
          "inserted": 14442708,
          "layer": 0,
          "miss_ratio": 0.21419640871541767,
          "reinserted": 7492026,
          "req": 67427405
        }
      ],
      "miss_ratio": 0.21419640871541767,
      "req": 67427405
    },
    {
      "hit": 53437178,
      "iteration": 1,
      "metrics": [
        {
          "admission_treshold": 0,
          "algorithm": "offline-clock",
          "hit": 53437178,
          "inserted": 13990227,
          "layer": 0,
          "miss_ratio": 0.207485769324802,
          "reinserted": 4187937,
          "req": 67427405
        }
      ],
      "miss_ratio": 0.207485769324802,
      "req": 67427405
    }
  ],
  "trace": "w07.oracleGeneral.bin.zst"
}