{
  "dram_cache_size": 90400,
  "flash_cache_size": 904004,
  "results": [
    {
      "hit": 5832071,
      "iteration": 0,
      "metrics": [
        {
          "admission_treshold": 0,
          "algorithm": "lru",
          "hit": 2459086,
          "inserted": 42005851,
          "layer": 0,
          "miss_ratio": 0.9446960646767587,
          "reinserted": 2459086,
          "req": 44464937
        },
        {
          "admission_treshold": 1,
          "algorithm": "fifo",
          "hit": 3372985,
          "inserted": 39024621,
          "layer": 1,
          "miss_ratio": 0.9197020196067448,
          "reinserted": 0,
          "req": 42005851
        }
      ],
      "miss_ratio": 0.868838878597759,
      "req": 44464937
    }
  ],
  "trace": "w08.oracleGeneral.bin.zst"
}