{
  "dram_cache_size": 2260,
  "flash_cache_size": 45200,
  "results": [
    {
      "hit": 1835885,
      "iteration": 0,
      "metrics": [
        {
          "admission_treshold": 0,
          "algorithm": "lru",
          "hit": 362877,
          "inserted": 44102060,
          "layer": 0,
          "miss_ratio": 0.9918390303802747,
          "reinserted": 362877,
          "req": 44464937
        },
        {
          "admission_treshold": 32,
          "algorithm": "offline-clock",
          "hit": 1473008,
          "inserted": 57008,
          "layer": 1,
          "miss_ratio": 0.966600018230441,
          "reinserted": 87456,
          "req": 44102060
        }
      ],
      "miss_ratio": 0.9587116248472364,
      "req": 44464937
    },
    {
      "hit": 1837285,
      "iteration": 1,
      "metrics": [
        {
          "admission_treshold": 0,
          "algorithm": "lru",
          "hit": 362877,
          "inserted": 44102060,
          "layer": 0,
          "miss_ratio": 0.9918390303802747,
          "reinserted": 362877,
          "req": 44464937
        },
        {
          "admission_treshold": 32,
          "algorithm": "offline-clock",
          "hit": 1474408,
          "inserted": 55520,
          "layer": 1,
          "miss_ratio": 0.9665682736815469,
          "reinserted": 50126,
          "req": 44102060
        }
      ],
      "miss_ratio": 0.9586801393646414,
      "req": 44464937
    }
  ],
  "trace": "w08.oracleGeneral.bin.zst"
}