{
  "dram_cache_size": 9040,
  "flash_cache_size": 90400,
  "results": [
    {
      "hit": 2465030,
      "iteration": 0,
      "metrics": [
        {
          "admission_treshold": 2,
          "algorithm": "lru",
          "hit": 811152,
          "inserted": 43653785,
          "layer": 0,
          "miss_ratio": 0.981757491301517,
          "reinserted": 811152,
          "req": 44464937
        },
        {
          "admission_treshold": 2,
          "algorithm": "lru",
          "hit": 1653878,
          "inserted": 33068222,
          "layer": 1,
          "miss_ratio": 0.9621137548553923,
          "reinserted": 1604767,
          "req": 43653785
        }
      ],
      "miss_ratio": 0.9445623863135126,
      "req": 44464937
    }
  ],
  "trace": "w08.oracleGeneral.bin.zst"
}