{
  "dram_cache_size": 452002,
  "flash_cache_size": 4520021,
  "results": [
    {
      "hit": 20919295,
      "iteration": 0,
      "metrics": [
        {
          "admission_treshold": 0,
          "algorithm": "lru",
          "hit": 4289841,
          "inserted": 40175096,
          "layer": 0,
          "miss_ratio": 0.9035230613280751,
          "reinserted": 4289841,
          "req": 44464937
        },
        {
          "admission_treshold": 0,
          "algorithm": "fifo",
          "hit": 16629454,
          "inserted": 24053405,
          "layer": 1,
          "miss_ratio": 0.5860755628312624,
          "reinserted": 0,
          "req": 40175096
        }
      ],
      "miss_ratio": 0.5295327866988769,
      "req": 44464937
    }
  ],
  "trace": "w08.oracleGeneral.bin.zst"
}