{
  "dram_cache_size": 45200,
  "flash_cache_size": 4520021,
  "results": [
    {
      "hit": 3201428,
      "iteration": 0,
      "metrics": [
        {
          "admission_treshold": 16,
          "algorithm": "offline-clock",
          "hit": 3201428,
          "inserted": 177267,
          "layer": 0,
          "miss_ratio": 0.9280010674478185,
          "reinserted": 0,
          "req": 44464937
        }
      ],
      "miss_ratio": 0.9280010674478185,
      "req": 44464937
    },
    {
      "hit": 3201428,
      "iteration": 1,
      "metrics": [
        {
          "admission_treshold": 16,
          "algorithm": "offline-clock",
          "hit": 3201428,
          "inserted": 177267,
          "layer": 0,
          "miss_ratio": 0.9280010674478185,
          "reinserted": 0,
          "req": 44464937
        }
      ],
      "miss_ratio": 0.9280010674478185,
      "req": 44464937
    }
  ],
  "trace": "w08.oracleGeneral.bin.zst"
}