{
  "dram_cache_size": 22600,
  "flash_cache_size": 45200,
  "results": [
    {
      "hit": 2190657,
      "iteration": 0,
      "metrics": [
        {
<<<<<<< HEAD
          "admission_treshold": 2,
=======
          "admission_treshold": 0,
>>>>>>> 160be2d8 (New results)
          "algorithm": "lru",
          "hit": 1378792,
          "inserted": 43086145,
          "layer": 0,
          "miss_ratio": 0.9689914774870816,
          "reinserted": 1378792,
          "req": 44464937
        },
        {
          "admission_treshold": 2,
          "algorithm": "offline-clock",
          "hit": 811865,
          "inserted": 33596721,
          "layer": 1,
          "miss_ratio": 0.9811571678088165,
          "reinserted": 498266,
          "req": 43086145
        }
      ],
      "miss_ratio": 0.9507329336821055,
      "req": 44464937
    },
    {
      "hit": 2193493,
      "iteration": 1,
      "metrics": [
        {
<<<<<<< HEAD
          "admission_treshold": 2,
=======
          "admission_treshold": 0,
>>>>>>> 160be2d8 (New results)
          "algorithm": "lru",
          "hit": 1378792,
          "inserted": 43086145,
          "layer": 0,
          "miss_ratio": 0.9689914774870816,
          "reinserted": 1378792,
          "req": 44464937
        },
        {
          "admission_treshold": 2,
          "algorithm": "offline-clock",
          "hit": 814701,
          "inserted": 33590928,
          "layer": 1,
          "miss_ratio": 0.9810913461856474,
          "reinserted": 96950,
          "req": 43086145
        }
      ],
      "miss_ratio": 0.9506691530902203,
      "req": 44464937
    }
  ],
  "trace": "w08.oracleGeneral.bin.zst"
}