{
  "dram_cache_size": 452002,
  "flash_cache_size": 904004,
  "results": [
    {
      "hit": 5560014,
      "iteration": 0,
      "metrics": [
        {
<<<<<<< HEAD
          "admission_treshold": 16,
=======
          "admission_treshold": 0,
>>>>>>> 160be2d8 (New results)
          "algorithm": "lru",
          "hit": 4289841,
          "inserted": 40175096,
          "layer": 0,
          "miss_ratio": 0.9035230613280751,
          "reinserted": 4289841,
          "req": 44464937
        },
        {
          "admission_treshold": 16,
          "algorithm": "offline-clock",
          "hit": 1270173,
          "inserted": 174899,
          "layer": 1,
          "miss_ratio": 0.9683840705694892,
          "reinserted": 0,
          "req": 40175096
        }
      ],
      "miss_ratio": 0.8749573399822876,
      "req": 44464937
    },
    {
      "hit": 5560014,
      "iteration": 1,
      "metrics": [
        {
<<<<<<< HEAD
          "admission_treshold": 16,
=======
          "admission_treshold": 0,
>>>>>>> 160be2d8 (New results)
          "algorithm": "lru",
          "hit": 4289841,
          "inserted": 40175096,
          "layer": 0,
          "miss_ratio": 0.9035230613280751,
          "reinserted": 4289841,
          "req": 44464937
        },
        {
          "admission_treshold": 16,
          "algorithm": "offline-clock",
          "hit": 1270173,
          "inserted": 174899,
          "layer": 1,
          "miss_ratio": 0.9683840705694892,
          "reinserted": 0,
          "req": 40175096
        }
      ],
      "miss_ratio": 0.8749573399822876,
      "req": 44464937
    }
  ],
  "trace": "w08.oracleGeneral.bin.zst"
}