{
  "dram_cache_size": 226001,
  "flash_cache_size": 904004,
  "results": [
    {
      "hit": 5077338,
      "iteration": 0,
      "metrics": [
        {
          "admission_treshold": 0,
          "algorithm": "lru",
          "hit": 3529176,
          "inserted": 40935761,
          "layer": 0,
          "miss_ratio": 0.9206301360552923,
          "reinserted": 3529176,
          "req": 44464937
        },
        {
          "admission_treshold": 16,
          "algorithm": "offline-clock",
          "hit": 1548162,
          "inserted": 175745,
          "layer": 1,
          "miss_ratio": 0.9621806957491276,
          "reinserted": 0,
          "req": 40935761
        }
      ],
      "miss_ratio": 0.8858125448372951,
      "req": 44464937
    },
    {
      "hit": 5077338,
      "iteration": 1,
      "metrics": [
        {
          "admission_treshold": 0,
          "algorithm": "lru",
          "hit": 3529176,
          "inserted": 40935761,
          "layer": 0,
          "miss_ratio": 0.9206301360552923,
          "reinserted": 3529176,
          "req": 44464937
        },
        {
          "admission_treshold": 16,
          "algorithm": "offline-clock",
          "hit": 1548162,
          "inserted": 175745,
          "layer": 1,
          "miss_ratio": 0.9621806957491276,
          "reinserted": 0,
          "req": 40935761
        }
      ],
      "miss_ratio": 0.8858125448372951,
      "req": 44464937
    }
  ],
  "trace": "w08.oracleGeneral.bin.zst"
}