{
  "dram_cache_size": 4520,
  "flash_cache_size": 45200,
  "results": [
    {
      "hit": 2448175,
      "iteration": 0,
      "metrics": [
        {
          "admission_treshold": 0,
          "algorithm": "lru",
          "hit": 515177,
          "inserted": 43949760,
          "layer": 0,
          "miss_ratio": 0.9884138596665503,
          "reinserted": 515177,
          "req": 44464937
        },
        {
          "admission_treshold": 8,
          "algorithm": "lru",
          "hit": 1932998,
          "inserted": 4775425,
          "layer": 1,
          "miss_ratio": 0.9560180078344,
          "reinserted": 1906281,
          "req": 43949760
        }
      ],
      "miss_ratio": 0.9449414490343256,
      "req": 44464937
    }
  ],
  "trace": "w08.oracleGeneral.bin.zst"
}