{
  "dram_cache_size": 226001,
  "flash_cache_size": 4520021,
  "results": [
    {
      "hit": 20103875,
      "iteration": 0,
      "metrics": [
        {
          "admission_treshold": 0,
          "algorithm": "lru",
          "hit": 3529176,
          "inserted": 40935761,
          "layer": 0,
          "miss_ratio": 0.9206301360552923,
          "reinserted": 3529176,
          "req": 44464937
        },
        {
          "admission_treshold": 2,
          "algorithm": "fifo",
          "hit": 16574699,
          "inserted": 16146194,
          "layer": 1,
          "miss_ratio": 0.595104656781634,
          "reinserted": 0,
          "req": 40935761
        }
      ],
      "miss_ratio": 0.5478712811400137,
      "req": 44464937
    }
  ],
  "trace": "w08.oracleGeneral.bin.zst"
}