{
  "dram_cache_size": 4520,
  "flash_cache_size": 90400,
  "results": [
    {
      "hit": 3084050,
      "iteration": 0,
      "metrics": [
        {
<<<<<<< HEAD
          "admission_treshold": 16,
=======
          "admission_treshold": 0,
>>>>>>> 160be2d8 (New results)
          "algorithm": "lru",
          "hit": 515177,
          "inserted": 43949760,
          "layer": 0,
          "miss_ratio": 0.9884138596665503,
          "reinserted": 515177,
          "req": 44464937
        },
        {
          "admission_treshold": 16,
          "algorithm": "fifo",
          "hit": 2568873,
          "inserted": 528631,
          "layer": 1,
          "miss_ratio": 0.9415497832070072,
          "reinserted": 0,
          "req": 43949760
        }
      ],
      "miss_ratio": 0.9306408552878418,
      "req": 44464937
    }
  ],
  "trace": "w08.oracleGeneral.bin.zst"
}