{
  "dram_cache_size": 904,
  "flash_cache_size": 90400,
  "results": [
    {
      "hit": 1648506,
      "iteration": 0,
      "metrics": [
        {
          "admission_treshold": 32,
          "algorithm": "fifo",
          "hit": 1648506,
          "inserted": 52806,
          "layer": 0,
          "miss_ratio": 0.9629257093066386,
          "reinserted": 0,
          "req": 44464937
        }
      ],
      "miss_ratio": 0.9629257093066386,
      "req": 44464937
    }
  ],
  "trace": "w08.oracleGeneral.bin.zst"
}