{
  "cache_size": 4520021,
  "results": [
    {
      "hit": 19418433,
      "iteration": 0,
      "metrics": [
        {
          "admission_treshold": 2,
          "algorithm": "lru",
          "hit": 1880269,
          "inserted": 42584668,
          "layer": 0,
          "miss_ratio": 0.9577134450904541,
          "reinserted": 1880269,
          "req": 44464937
        },
        {
          "admission_treshold": 2,
          "algorithm": "fifo",
          "hit": 17538164,
          "inserted": 16272287,
          "layer": 1,
          "miss_ratio": 0.5881577848628525,
          "reinserted": 0,
          "req": 42584668
        }
      ],
      "miss_ratio": 0.5632866183977726,
      "req": 44464937
    }
  ],
  "trace": "w08.oracleGeneral.bin.zst"
}