{
  "dram_cache_size": 226001,
  "flash_cache_size": 904004,
  "results": [
    {
      "hit": 6352054,
      "iteration": 0,
      "metrics": [
        {
<<<<<<< HEAD
          "admission_treshold": 1,
=======
          "admission_treshold": 0,
>>>>>>> 160be2d8 (New results)
          "algorithm": "lru",
          "hit": 3529176,
          "inserted": 40935761,
          "layer": 0,
          "miss_ratio": 0.9206301360552923,
          "reinserted": 3529176,
          "req": 44464937
        },
        {
          "admission_treshold": 1,
          "algorithm": "fifo",
          "hit": 2822878,
          "inserted": 38846776,
          "layer": 1,
          "miss_ratio": 0.9310412722020729,
          "reinserted": 0,
          "req": 40935761
        }
      ],
      "miss_ratio": 0.8571446531004868,
      "req": 44464937
    }
  ],
  "trace": "w08.oracleGeneral.bin.zst"
}