{
  "dram_cache_size": 22600,
  "flash_cache_size": 2260010,
  "results": [
    {
      "hit": 9022355,
      "iteration": 0,
      "metrics": [
        {
          "admission_treshold": 1,
          "algorithm": "offline-clock",
          "hit": 9022355,
          "inserted": 35442582,
          "layer": 0,
          "miss_ratio": 0.7970905704870335,
          "reinserted": 4614903,
          "req": 44464937
        }
      ],
      "miss_ratio": 0.7970905704870335,
      "req": 44464937
    },
    {
      "hit": 9131188,
      "iteration": 1,
      "metrics": [
        {
          "admission_treshold": 1,
          "algorithm": "offline-clock",
          "hit": 9131188,
          "inserted": 35333749,
          "layer": 0,
          "miss_ratio": 0.7946429565389916,
          "reinserted": 1892777,
          "req": 44464937
        }
      ],
      "miss_ratio": 0.7946429565389916,
      "req": 44464937
    }
  ],
  "trace": "w08.oracleGeneral.bin.zst"
}