{
  "cache_size": 904004,
  "results": [
    {
      "hit": 5797919,
      "iteration": 0,
      "metrics": [
        {
          "admission_treshold": 2,
          "algorithm": "lru",
          "hit": 811152,
          "inserted": 43653785,
          "layer": 0,
          "miss_ratio": 0.981757491301517,
          "reinserted": 811152,
          "req": 44464937
        },
        {
          "admission_treshold": 2,
          "algorithm": "lru",
          "hit": 4986767,
          "inserted": 29714734,
          "layer": 1,
          "miss_ratio": 0.8857655298389361,
          "reinserted": 4958255,
          "req": 43653785
        }
      ],
      "miss_ratio": 0.8696069444560328,
      "req": 44464937
    }
  ],
  "trace": "w08.oracleGeneral.bin.zst"
}