{
  "cache_size": 108823207936,
  "results": [
    {
      "hit": 6667513,
      "iteration": 0,
      "metrics": [
        {
          "admission_treshold": 4,
          "algorithm": "lru",
          "hit": 1672179,
          "inserted": 42792758,
          "layer": 0,
          "miss_ratio": 0.9623933122855881,
          "reinserted": 1672179,
          "req": 44464937
        },
        {
          "admission_treshold": 4,
          "algorithm": "lru",
          "hit": 4995334,
          "inserted": 16024279,
          "layer": 1,
          "miss_ratio": 0.8832668368792682,
          "reinserted": 4990699,
          "req": 42792758
        }
      ],
      "miss_ratio": 0.8500500967762532,
      "req": 44464937
    }
  ],
  "trace": "w08.oracleGeneral.bin.zst"
}