{
  "dram_cache_size": 45200,
  "flash_cache_size": 90400,
  "results": [
    {
      "hit": 2743563,
      "iteration": 0,
      "metrics": [
        {
<<<<<<< HEAD
          "admission_treshold": 2,
=======
          "admission_treshold": 0,
>>>>>>> 160be2d8 (New results)
          "algorithm": "lru",
          "hit": 1880269,
          "inserted": 42584668,
          "layer": 0,
          "miss_ratio": 0.9577134450904541,
          "reinserted": 1880269,
          "req": 44464937
        },
        {
          "admission_treshold": 2,
          "algorithm": "fifo",
          "hit": 863294,
          "inserted": 33122944,
          "layer": 1,
          "miss_ratio": 0.9797275864637479,
          "reinserted": 0,
          "req": 42584668
        }
      ],
      "miss_ratio": 0.9382982820823518,
      "req": 44464937
    }
  ],
  "trace": "w08.oracleGeneral.bin.zst"
}