{
  "dram_cache_size": 11300,
  "flash_cache_size": 45200,
  "results": [
    {
      "hit": 2507569,
      "iteration": 0,
      "metrics": [
        {
          "admission_treshold": 0,
          "algorithm": "lru",
          "hit": 929138,
          "inserted": 43535799,
          "layer": 0,
          "miss_ratio": 0.9791040297661954,
          "reinserted": 929138,
          "req": 44464937
        },
        {
          "admission_treshold": 8,
          "algorithm": "fifo",
          "hit": 1578431,
          "inserted": 4870775,
          "layer": 1,
          "miss_ratio": 0.9637440672674917,
          "reinserted": 0,
          "req": 43535799
        }
      ],
      "miss_ratio": 0.9436056999248644,
      "req": 44464937
    }
  ],
  "trace": "w08.oracleGeneral.bin.zst"
}