{
  "dram_cache_size": 22600,
  "flash_cache_size": 45200,
  "results": [
    {
      "hit": 2194617,
      "iteration": 0,
      "metrics": [
        {
          "admission_treshold": 0,
          "algorithm": "lru",
          "hit": 1378792,
          "inserted": 43086145,
          "layer": 0,
          "miss_ratio": 0.9689914774870816,
          "reinserted": 1378792,
          "req": 44464937
        },
        {
          "admission_treshold": 1,
          "algorithm": "offline-clock",
          "hit": 815825,
          "inserted": 42582455,
          "layer": 1,
          "miss_ratio": 0.9810652589132771,
          "reinserted": 477549,
          "req": 43086145
        }
      ],
      "miss_ratio": 0.9506438747456226,
      "req": 44464937
    },
    {
      "hit": 2185253,
      "iteration": 1,
      "metrics": [
        {
          "admission_treshold": 0,
          "algorithm": "lru",
          "hit": 1378792,
          "inserted": 43086145,
          "layer": 0,
          "miss_ratio": 0.9689914774870816,
          "reinserted": 1378792,
          "req": 44464937
        },
        {
          "admission_treshold": 1,
          "algorithm": "offline-clock",
          "hit": 806461,
          "inserted": 42594349,
          "layer": 1,
          "miss_ratio": 0.9812825909581839,
          "reinserted": 55933,
          "req": 43086145
        }
      ],
      "miss_ratio": 0.9508544676449221,
      "req": 44464937
    }
  ],
  "trace": "w08.oracleGeneral.bin.zst"
}