{
  "dram_cache_size": 1130005,
  "flash_cache_size": 4520021,
  "results": [
    {
      "hit": 19382646,
      "iteration": 0,
      "metrics": [
        {
          "admission_treshold": 0,
          "algorithm": "lru",
          "hit": 6673954,
          "inserted": 37790983,
          "layer": 0,
          "miss_ratio": 0.8499052410666859,
          "reinserted": 6673954,
          "req": 44464937
        },
        {
          "admission_treshold": 4,
          "algorithm": "lru",
          "hit": 12708692,
          "inserted": 4510626,
          "layer": 1,
          "miss_ratio": 0.6637109968798642,
          "reinserted": 11930595,
          "req": 37790983
        }
      ],
      "miss_ratio": 0.5640914548017913,
      "req": 44464937
    }
  ],
  "trace": "w08.oracleGeneral.bin.zst"
}