{
  "dram_cache_size": 452,
  "flash_cache_size": 45200,
  "results": [
    {
      "hit": 2041240,
      "iteration": 0,
      "metrics": [
        {
          "admission_treshold": 4,
          "algorithm": "offline-clock",
          "hit": 2041240,
          "inserted": 20333132,
          "layer": 0,
          "miss_ratio": 0.9540932667913147,
          "reinserted": 1131598,
          "req": 44464937
        }
      ],
      "miss_ratio": 0.9540932667913147,
      "req": 44464937
    },
    {
      "hit": 2075549,
      "iteration": 1,
      "metrics": [
        {
          "admission_treshold": 4,
          "algorithm": "offline-clock",
          "hit": 2075549,
          "inserted": 20298823,
          "layer": 0,
          "miss_ratio": 0.953321670061064,
          "reinserted": 294213,
          "req": 44464937
        }
      ],
      "miss_ratio": 0.953321670061064,
      "req": 44464937
    }
  ],
  "trace": "w08.oracleGeneral.bin.zst"
}