{
  "dram_cache_size": 9040,
  "flash_cache_size": 90400,
  "results": [
    {
      "hit": 2690634,
      "iteration": 0,
      "metrics": [
        {
          "admission_treshold": 4,
          "algorithm": "lru",
          "hit": 811152,
          "inserted": 43653785,
          "layer": 0,
          "miss_ratio": 0.981757491301517,
          "reinserted": 811152,
          "req": 44464937
        },
        {
          "admission_treshold": 4,
          "algorithm": "fifo",
          "hit": 1879482,
          "inserted": 19878227,
          "layer": 1,
          "miss_ratio": 0.9569457264702248,
          "reinserted": 0,
          "req": 43653785
        }
      ],
      "miss_ratio": 0.9394886357311155,
      "req": 44464937
    }
  ],
  "trace": "w08.oracleGeneral.bin.zst"
}