{
  "dram_cache_size": 2260010,
  "flash_cache_size": 4520021,
  "results": [
    {
      "hit": 26643909,
      "iteration": 0,
      "metrics": [
        {
          "admission_treshold": 0,
          "algorithm": "lru",
          "hit": 8542902,
          "inserted": 35922035,
          "layer": 0,
          "miss_ratio": 0.8078732912631812,
          "reinserted": 8542902,
          "req": 44464937
        },
        {
          "admission_treshold": 2,
          "algorithm": "offline-clock",
          "hit": 18101007,
          "inserted": 12941108,
          "layer": 1,
          "miss_ratio": 0.4961029629863676,
          "reinserted": 10393073,
          "req": 35922035
        }
      ],
      "miss_ratio": 0.40078833351321286,
      "req": 44464937
    },
    {
      "hit": 25437169,
      "iteration": 1,
      "metrics": [
        {
          "admission_treshold": 0,
          "algorithm": "lru",
          "hit": 8542902,
          "inserted": 35922035,
          "layer": 0,
          "miss_ratio": 0.8078732912631812,
          "reinserted": 8542902,
          "req": 44464937
        },
        {
          "admission_treshold": 2,
          "algorithm": "offline-clock",
          "hit": 16894267,
          "inserted": 11145192,
          "layer": 1,
          "miss_ratio": 0.5296962713832889,
          "reinserted": 5615698,
          "req": 35922035
        }
      ],
      "miss_ratio": 0.42792747013225274,
      "req": 44464937
    }
  ],
  "trace": "w08.oracleGeneral.bin.zst"
}