{
  "dram_cache_size": 2260,
  "flash_cache_size": 45200,
  "results": [
    {
      "hit": 1948509,
      "iteration": 0,
      "metrics": [
        {
<<<<<<< HEAD
          "admission_treshold": 4,
=======
          "admission_treshold": 0,
>>>>>>> 160be2d8 (New results)
          "algorithm": "lru",
          "hit": 362877,
          "inserted": 44102060,
          "layer": 0,
          "miss_ratio": 0.9918390303802747,
          "reinserted": 362877,
          "req": 44464937
        },
        {
          "admission_treshold": 4,
          "algorithm": "fifo",
          "hit": 1585632,
          "inserted": 20510741,
          "layer": 1,
          "miss_ratio": 0.9640463053199783,
          "reinserted": 0,
          "req": 44102060
        }
      ],
      "miss_ratio": 0.9561787527102534,
      "req": 44464937
    }
  ],
  "trace": "w08.oracleGeneral.bin.zst"
}