{
  "dram_cache_size": 452002,
  "flash_cache_size": 904004,
  "results": [
    {
      "hit": 7779956,
      "iteration": 0,
      "metrics": [
        {
          "admission_treshold": 0,
          "algorithm": "lru",
          "hit": 4289841,
          "inserted": 40175096,
          "layer": 0,
          "miss_ratio": 0.9035230613280751,
          "reinserted": 4289841,
          "req": 44464937
        },
        {
          "admission_treshold": 8,
          "algorithm": "fifo",
          "hit": 3490115,
          "inserted": 967531,
          "layer": 1,
          "miss_ratio": 0.913127401114362,
          "reinserted": 0,
          "req": 40175096
        }
      ],
      "miss_ratio": 0.8250316648373976,
      "req": 44464937
    }
  ],
  "trace": "w08.oracleGeneral.bin.zst"
}