{
  "dram_cache_size": 226001,
  "flash_cache_size": 904004,
  "results": [
    {
      "hit": 6915120,
      "iteration": 0,
      "metrics": [
        {
          "admission_treshold": 0,
          "algorithm": "lru",
          "hit": 3529176,
          "inserted": 40935761,
          "layer": 0,
          "miss_ratio": 0.9206301360552923,
          "reinserted": 3529176,
          "req": 44464937
        },
        {
          "admission_treshold": 4,
          "algorithm": "fifo",
          "hit": 3385944,
          "inserted": 16569440,
          "layer": 1,
          "miss_ratio": 0.9172864039342031,
          "reinserted": 0,
          "req": 40935761
        }
      ],
      "miss_ratio": 0.8444815068556153,
      "req": 44464937
    }
  ],
  "trace": "w08.oracleGeneral.bin.zst"
}