{
  "cache_size": 45200,
  "results": [
    {
      "hit": 1761306,
      "iteration": 0,
      "metrics": [
        {
          "admission_treshold": 32,
          "algorithm": "lru",
          "hit": 243456,
          "inserted": 44221481,
          "layer": 0,
          "miss_ratio": 0.9945247645352562,
          "reinserted": 243456,
          "req": 44464937
        },
        {
          "admission_treshold": 32,
          "algorithm": "lru",
          "hit": 1517850,
          "inserted": 56998,
          "layer": 1,
          "miss_ratio": 0.9656761834819598,
          "reinserted": 1517608,
          "req": 44221481
        }
      ],
      "miss_ratio": 0.9603888789947009,
      "req": 44464937
    }
  ],
  "trace": "w08.oracleGeneral.bin.zst"
}