{
  "dram_cache_size": 22600,
  "flash_cache_size": 90400,
  "results": [
    {
      "hit": 3477910,
      "iteration": 0,
      "metrics": [
        {
          "admission_treshold": 0,
          "algorithm": "lru",
          "hit": 1378792,
          "inserted": 43086145,
          "layer": 0,
          "miss_ratio": 0.9689914774870816,
          "reinserted": 1378792,
          "req": 44464937
        },
        {
          "admission_treshold": 16,
          "algorithm": "lru",
          "hit": 2099118,
          "inserted": 482911,
          "layer": 1,
          "miss_ratio": 0.9512809048012998,
          "reinserted": 2075894,
          "req": 43086145
        }
      ],
      "miss_ratio": 0.9217830894486593,
      "req": 44464937
    }
  ],
  "trace": "w08.oracleGeneral.bin.zst"
}