{
  "dram_cache_size": 1130005,
  "flash_cache_size": 4520021,
  "results": [
    {
      "hit": 25810124,
      "iteration": 0,
      "metrics": [
        {
<<<<<<< HEAD
          "admission_treshold": 2,
=======
          "admission_treshold": 0,
>>>>>>> 160be2d8 (New results)
          "algorithm": "lru",
          "hit": 6673954,
          "inserted": 37790983,
          "layer": 0,
          "miss_ratio": 0.8499052410666859,
          "reinserted": 6673954,
          "req": 44464937
        },
        {
          "admission_treshold": 2,
          "algorithm": "offline-clock",
          "hit": 19136170,
          "inserted": 13685559,
          "layer": 1,
          "miss_ratio": 0.49363132469986293,
          "reinserted": 10817909,
          "req": 37790983
        }
      ],
      "miss_ratio": 0.4195398500171045,
      "req": 44464937
    },
    {
      "hit": 23459619,
      "iteration": 1,
      "metrics": [
        {
<<<<<<< HEAD
          "admission_treshold": 2,
=======
          "admission_treshold": 0,
>>>>>>> 160be2d8 (New results)
          "algorithm": "lru",
          "hit": 6673954,
          "inserted": 37790983,
          "layer": 0,
          "miss_ratio": 0.8499052410666859,
          "reinserted": 6673954,
          "req": 44464937
        },
        {
          "admission_treshold": 2,
          "algorithm": "offline-clock",
          "hit": 16785665,
          "inserted": 12693218,
          "layer": 1,
          "miss_ratio": 0.5558288335606407,
          "reinserted": 4872049,
          "req": 37790983
        }
      ],
      "miss_ratio": 0.4724018387791711,
      "req": 44464937
    }
  ],
  "trace": "w08.oracleGeneral.bin.zst"
}