{
  "dram_cache_size": 452002,
  "flash_cache_size": 4520021,
  "results": [
    {
      "hit": 18701034,
      "iteration": 0,
      "metrics": [
        {
          "admission_treshold": 0,
          "algorithm": "lru",
          "hit": 4289841,
          "inserted": 40175096,
          "layer": 0,
          "miss_ratio": 0.9035230613280751,
          "reinserted": 4289841,
          "req": 44464937
        },
        {
          "admission_treshold": 4,
          "algorithm": "offline-clock",
          "hit": 14411193,
          "inserted": 4665043,
          "layer": 1,
          "miss_ratio": 0.6412903904448666,
          "reinserted": 3791720,
          "req": 40175096
        }
      ],
      "miss_ratio": 0.5794206567750225,
      "req": 44464937
    },
    {
      "hit": 18701034,
      "iteration": 1,
      "metrics": [
        {
          "admission_treshold": 0,
          "algorithm": "lru",
          "hit": 4289841,
          "inserted": 40175096,
          "layer": 0,
          "miss_ratio": 0.9035230613280751,
          "reinserted": 4289841,
          "req": 44464937
        },
        {
          "admission_treshold": 4,
          "algorithm": "offline-clock",
          "hit": 14411193,
          "inserted": 4665043,
          "layer": 1,
          "miss_ratio": 0.6412903904448666,
          "reinserted": 3791720,
          "req": 40175096
        }
      ],
      "miss_ratio": 0.5794206567750225,
      "req": 44464937
    }
  ],
  "trace": "w08.oracleGeneral.bin.zst"
}