{
  "cache_size": 4520021,
  "results": [
    {
      "hit": 2760469,
      "iteration": 0,
      "metrics": [
        {
          "admission_treshold": 32,
          "algorithm": "lru",
          "hit": 1880269,
          "inserted": 42584668,
          "layer": 0,
          "miss_ratio": 0.9577134450904541,
          "reinserted": 1880269,
          "req": 44464937
        },
        {
          "admission_treshold": 32,
          "algorithm": "lru",
          "hit": 880200,
          "inserted": 52770,
          "layer": 1,
          "miss_ratio": 0.9793305891218878,
          "reinserted": 879233,
          "req": 42584668
        }
      ],
      "miss_ratio": 0.937918072390387,
      "req": 44464937
    }
  ],
  "trace": "w08.oracleGeneral.bin.zst"
}