{
  "cache_size": 90400,
  "results": [
    {
      "hit": 2232159,
      "iteration": 0,
      "metrics": [
        {
          "admission_treshold": 2,
          "algorithm": "lru",
          "hit": 279458,
          "inserted": 44185479,
          "layer": 0,
          "miss_ratio": 0.993715092860696,
          "reinserted": 279458,
          "req": 44464937
        },
        {
          "admission_treshold": 2,
          "algorithm": "fifo",
          "hit": 1952701,
          "inserted": 33217413,
          "layer": 1,
          "miss_ratio": 0.9558067255534335,
          "reinserted": 0,
          "req": 44185479
        }
      ],
      "miss_ratio": 0.949799569040208,
      "req": 44464937
    }
  ],
  "trace": "w08.oracleGeneral.bin.zst"
}