{
  "cache_size": 4520021,
  "results": [
    {
      "hit": 21013852,
      "iteration": 0,
      "metrics": [
        {
          "admission_treshold": 2,
          "algorithm": "lru",
          "hit": 1880269,
          "inserted": 42584668,
          "layer": 0,
          "miss_ratio": 0.9577134450904541,
          "reinserted": 1880269,
          "req": 44464937
        },
        {
          "admission_treshold": 2,
          "algorithm": "offline-clock",
          "hit": 19133583,
          "inserted": 14726352,
          "layer": 1,
          "miss_ratio": 0.550693150877682,
          "reinserted": 12898816,
          "req": 42584668
        }
      ],
      "miss_ratio": 0.5274062347147821,
      "req": 44464937
    },
    {
      "hit": 22052855,
      "iteration": 1,
      "metrics": [
        {
          "admission_treshold": 2,
          "algorithm": "lru",
          "hit": 1880269,
          "inserted": 42584668,
          "layer": 0,
          "miss_ratio": 0.9577134450904541,
          "reinserted": 1880269,
          "req": 44464937
        },
        {
          "admission_treshold": 2,
          "algorithm": "offline-clock",
          "hit": 20172586,
          "inserted": 13591118,
          "layer": 1,
          "miss_ratio": 0.5262946279163195,
          "reinserted": 6569399,
          "req": 42584668
        }
      ],
      "miss_ratio": 0.5040394412343371,
      "req": 44464937
    }
  ],
  "trace": "w08.oracleGeneral.bin.zst"
}