{
  "dram_cache_size": 1130005,
  "flash_cache_size": 2260010,
  "results": [
    {
      "hit": 11476066,
      "iteration": 0,
      "metrics": [
        {
<<<<<<< HEAD
          "admission_treshold": 4,
=======
          "admission_treshold": 0,
>>>>>>> 160be2d8 (New results)
          "algorithm": "lru",
          "hit": 6673954,
          "inserted": 37790983,
          "layer": 0,
          "miss_ratio": 0.8499052410666859,
          "reinserted": 6673954,
          "req": 44464937
        },
        {
          "admission_treshold": 4,
          "algorithm": "fifo",
          "hit": 4802112,
          "inserted": 14069891,
          "layer": 1,
          "miss_ratio": 0.8729296880157894,
          "reinserted": 0,
          "req": 37790983
        }
      ],
      "miss_ratio": 0.7419075169273264,
      "req": 44464937
    }
  ],
  "trace": "w08.oracleGeneral.bin.zst"
}