{
  "dram_cache_size": 226001,
  "flash_cache_size": 4520021,
  "results": [
    {
      "hit": 21101270,
      "iteration": 0,
      "metrics": [
        {
          "admission_treshold": 2,
          "algorithm": "lru",
          "hit": 3529176,
          "inserted": 40935761,
          "layer": 0,
          "miss_ratio": 0.9206301360552923,
          "reinserted": 3529176,
          "req": 44464937
        },
        {
          "admission_treshold": 2,
          "algorithm": "lru",
          "hit": 17572094,
          "inserted": 15389428,
          "layer": 1,
          "miss_ratio": 0.5707397744480676,
          "reinserted": 16823896,
          "req": 40935761
        }
      ],
      "miss_ratio": 0.5254402362022912,
      "req": 44464937
    }
  ],
  "trace": "w08.oracleGeneral.bin.zst"
}