{
  "dram_cache_size": 45200,
  "flash_cache_size": 4520021,
  "results": [
    {
      "hit": 23429086,
      "iteration": 0,
      "metrics": [
        {
          "admission_treshold": 1,
          "algorithm": "offline-clock",
          "hit": 23429086,
          "inserted": 21035851,
          "layer": 0,
          "miss_ratio": 0.47308851466493695,
          "reinserted": 16235285,
          "req": 44464937
        }
      ],
      "miss_ratio": 0.47308851466493695,
      "req": 44464937
    },
    {
      "hit": 25322092,
      "iteration": 1,
      "metrics": [
        {
          "admission_treshold": 1,
          "algorithm": "offline-clock",
          "hit": 25322092,
          "inserted": 19142845,
          "layer": 0,
          "miss_ratio": 0.43051550933266813,
          "reinserted": 9433554,
          "req": 44464937
        }
      ],
      "miss_ratio": 0.43051550933266813,
      "req": 44464937
    }
  ],
  "trace": "w08.oracleGeneral.bin.zst"
}