{
  "dram_cache_size": 11300,
  "flash_cache_size": 45200,
  "results": [
    {
      "hit": 2050217,
      "iteration": 0,
      "metrics": [
        {
<<<<<<< HEAD
          "admission_treshold": 2,
=======
          "admission_treshold": 0,
>>>>>>> 160be2d8 (New results)
          "algorithm": "lru",
          "hit": 929138,
          "inserted": 43535799,
          "layer": 0,
          "miss_ratio": 0.9791040297661954,
          "reinserted": 929138,
          "req": 44464937
        },
        {
          "admission_treshold": 2,
          "algorithm": "offline-clock",
          "hit": 1121079,
          "inserted": 33562458,
          "layer": 1,
          "miss_ratio": 0.9742492609358105,
          "reinserted": 799401,
          "req": 43535799
        }
      ],
      "miss_ratio": 0.9538913773789897,
      "req": 44464937
    },
    {
      "hit": 2046568,
      "iteration": 1,
      "metrics": [
        {
<<<<<<< HEAD
          "admission_treshold": 2,
=======
          "admission_treshold": 0,
>>>>>>> 160be2d8 (New results)
          "algorithm": "lru",
          "hit": 929138,
          "inserted": 43535799,
          "layer": 0,
          "miss_ratio": 0.9791040297661954,
          "reinserted": 929138,
          "req": 44464937
        },
        {
          "admission_treshold": 2,
          "algorithm": "offline-clock",
          "hit": 1117430,
          "inserted": 33554136,
          "layer": 1,
          "miss_ratio": 0.9743330770155384,
          "reinserted": 198018,
          "req": 43535799
        }
      ],
      "miss_ratio": 0.9539734420404105,
      "req": 44464937
    }
  ],
  "trace": "w08.oracleGeneral.bin.zst"
}