{
  "cache_size": 90400,
  "results": [
    {
      "hit": 2986383,
      "iteration": 0,
      "metrics": [
        {
          "admission_treshold": 16,
          "algorithm": "lru",
          "hit": 279458,
          "inserted": 44185479,
          "layer": 0,
          "miss_ratio": 0.993715092860696,
          "reinserted": 279458,
          "req": 44464937
        },
        {
          "admission_treshold": 16,
          "algorithm": "offline-clock",
          "hit": 2706925,
          "inserted": 496388,
          "layer": 1,
          "miss_ratio": 0.9387372263181757,
          "reinserted": 697755,
          "req": 44185479
        }
      ],
      "miss_ratio": 0.9328373500225582,
      "req": 44464937
    },
    {
      "hit": 3071935,
      "iteration": 1,
      "metrics": [
        {
          "admission_treshold": 16,
          "algorithm": "lru",
          "hit": 279458,
          "inserted": 44185479,
          "layer": 0,
          "miss_ratio": 0.993715092860696,
          "reinserted": 279458,
          "req": 44464937
        },
        {
          "admission_treshold": 16,
          "algorithm": "offline-clock",
          "hit": 2792477,
          "inserted": 410282,
          "layer": 1,
          "miss_ratio": 0.9368010246081071,
          "reinserted": 278901,
          "req": 44185479
        }
      ],
      "miss_ratio": 0.9309133171604403,
      "req": 44464937
    }
  ],
  "trace": "w08.oracleGeneral.bin.zst"
}