{
  "dram_cache_size": 4520,
  "flash_cache_size": 45200,
  "results": [
    {
      "hit": 2347056,
      "iteration": 0,
      "metrics": [
        {
          "admission_treshold": 8,
          "algorithm": "lru",
          "hit": 515177,
          "inserted": 43949760,
          "layer": 0,
          "miss_ratio": 0.9884138596665503,
          "reinserted": 515177,
          "req": 44464937
        },
        {
          "admission_treshold": 8,
          "algorithm": "fifo",
          "hit": 1831879,
          "inserted": 4880401,
          "layer": 1,
          "miss_ratio": 0.9583187940047909,
          "reinserted": 0,
          "req": 43949760
        }
      ],
      "miss_ratio": 0.9472155779732692,
      "req": 44464937
    }
  ],
  "trace": "w08.oracleGeneral.bin.zst"
}