{
  "cache_size": 566934962176,
  "results": [
    {
      "hit": 29108452,
      "iteration": 0,
      "metrics": [
        {
          "admission_treshold": 1,
          "algorithm": "lru",
          "hit": 21431919,
          "inserted": 28191010,
          "layer": 0,
          "miss_ratio": 0.5681045147496231,
          "reinserted": 21431919,
          "req": 49622929
        },
        {
          "admission_treshold": 1,
          "algorithm": "fifo",
          "hit": 7676533,
          "inserted": 20562586,
          "layer": 1,
          "miss_ratio": 0.7276957086674085,
          "reinserted": 0,
          "req": 28191010
        }
      ],
      "miss_ratio": 0.4134072174578812,
      "req": 49622929
    }
  ],
  "trace": "w09.oracleGeneral.bin.zst"
}