{
  "dram_cache_size": 1858433,
  "flash_cache_size": 7433735,
  "results": [
    {
      "hit": 25181874,
      "iteration": 0,
      "metrics": [
        {
          "admission_treshold": 0,
          "algorithm": "lru",
          "hit": 24773677,
          "inserted": 24849252,
          "layer": 0,
          "miss_ratio": 0.5007614927365533,
          "reinserted": 24773677,
          "req": 49622929
        },
        {
          "admission_treshold": 8,
          "algorithm": "offline-clock",
          "hit": 408197,
          "inserted": 381480,
          "layer": 1,
          "miss_ratio": 0.9835730669076075,
          "reinserted": 0,
          "req": 24849252
        }
      ],
      "miss_ratio": 0.49253551720012334,
      "req": 49622929
    },
    {
      "hit": 25181874,
      "iteration": 1,
      "metrics": [
        {
          "admission_treshold": 0,
          "algorithm": "lru",
          "hit": 24773677,
          "inserted": 24849252,
          "layer": 0,
          "miss_ratio": 0.5007614927365533,
          "reinserted": 24773677,
          "req": 49622929
        },
        {
          "admission_treshold": 8,
          "algorithm": "offline-clock",
          "hit": 408197,
          "inserted": 381480,
          "layer": 1,
          "miss_ratio": 0.9835730669076075,
          "reinserted": 0,
          "req": 24849252
        }
      ],
      "miss_ratio": 0.49253551720012334,
      "req": 49622929
    }
  ],
  "trace": "w09.oracleGeneral.bin.zst"
}