{
  "cache_size": 148674,
  "results": [
    {
      "hit": 22748690,
      "iteration": 0,
      "metrics": [
        {
          "admission_treshold": 4,
          "algorithm": "lru",
          "hit": 14325505,
          "inserted": 35297424,
          "layer": 0,
          "miss_ratio": 0.7113127884893695,
          "reinserted": 14325505,
          "req": 49622929
        },
        {
          "admission_treshold": 4,
          "algorithm": "offline-clock",
          "hit": 8423185,
          "inserted": 7571387,
          "layer": 1,
          "miss_ratio": 0.7613654469515962,
          "reinserted": 1572598,
          "req": 35297424
        }
      ],
      "miss_ratio": 0.5415689791305951,
      "req": 49622929
    },
    {
      "hit": 22763528,
      "iteration": 1,
      "metrics": [
        {
          "admission_treshold": 4,
          "algorithm": "lru",
          "hit": 14325505,
          "inserted": 35297424,
          "layer": 0,
          "miss_ratio": 0.7113127884893695,
          "reinserted": 14325505,
          "req": 49622929
        },
        {
          "admission_treshold": 4,
          "algorithm": "offline-clock",
          "hit": 8438023,
          "inserted": 7556703,
          "layer": 1,
          "miss_ratio": 0.7609450763319159,
          "reinserted": 579798,
          "req": 35297424
        }
      ],
      "miss_ratio": 0.5412699641329113,
      "req": 49622929
    }
  ],
  "trace": "w09.oracleGeneral.bin.zst"
}