{
  "dram_cache_size": 37168,
  "flash_cache_size": 148674,
  "results": [
    {
      "hit": 22720659,
      "iteration": 0,
      "metrics": [
        {
<<<<<<< HEAD
          "admission_treshold": 1,
=======
          "admission_treshold": 0,
>>>>>>> 160be2d8 (New results)
          "algorithm": "lru",
          "hit": 21012297,
          "inserted": 28610632,
          "layer": 0,
          "miss_ratio": 0.5765607265947562,
          "reinserted": 21012297,
          "req": 49622929
        },
        {
          "admission_treshold": 1,
          "algorithm": "lru",
          "hit": 1708362,
          "inserted": 27136985,
          "layer": 1,
          "miss_ratio": 0.9402892603001569,
          "reinserted": 1436479,
          "req": 28610632
        }
      ],
      "miss_ratio": 0.5421338591279043,
      "req": 49622929
    }
  ],
  "trace": "w09.oracleGeneral.bin.zst"
}