{
  "cache_size": 3716867,
  "results": [
    {
      "hit": 22680897,
      "iteration": 0,
      "metrics": [
        {
          "admission_treshold": 32,
          "algorithm": "lru",
          "hit": 21012297,
          "inserted": 28610632,
          "layer": 0,
          "miss_ratio": 0.5765607265947562,
          "reinserted": 21012297,
          "req": 49622929
        },
        {
          "admission_treshold": 32,
          "algorithm": "lru",
          "hit": 1668600,
          "inserted": 69227,
          "layer": 1,
          "miss_ratio": 0.941679023378442,
          "reinserted": 1661319,
          "req": 28610632
        }
      ],
      "miss_ratio": 0.542935141938115,
      "req": 49622929
    }
  ],
  "trace": "w09.oracleGeneral.bin.zst"
}