{
  "dram_cache_size": 14867,
  "flash_cache_size": 148674,
  "results": [
    {
      "hit": 22908569,
      "iteration": 0,
      "metrics": [
        {
<<<<<<< HEAD
          "admission_treshold": 16,
=======
          "admission_treshold": 0,
>>>>>>> 160be2d8 (New results)
          "algorithm": "lru",
          "hit": 19476351,
          "inserted": 30146578,
          "layer": 0,
          "miss_ratio": 0.6075130712256022,
          "reinserted": 19476351,
          "req": 49622929
        },
        {
          "admission_treshold": 16,
          "algorithm": "lru",
          "hit": 3432218,
          "inserted": 145039,
          "layer": 1,
          "miss_ratio": 0.8861490017208586,
          "reinserted": 3427697,
          "req": 30146578
        }
      ],
      "miss_ratio": 0.5383471015989403,
      "req": 49622929
    }
  ],
  "trace": "w09.oracleGeneral.bin.zst"
}