{
  "dram_cache_size": 14867,
  "flash_cache_size": 148674,
  "results": [
    {
      "hit": 22390904,
      "iteration": 0,
      "metrics": [
        {
          "admission_treshold": 0,
          "algorithm": "lru",
          "hit": 19476351,
          "inserted": 30146578,
          "layer": 0,
          "miss_ratio": 0.6075130712256022,
          "reinserted": 19476351,
          "req": 49622929
        },
        {
          "admission_treshold": 2,
          "algorithm": "fifo",
          "hit": 2914553,
          "inserted": 17978413,
          "layer": 1,
          "miss_ratio": 0.9033206024245936,
          "reinserted": 0,
          "req": 30146578
        }
      ],
      "miss_ratio": 0.548779073480326,
      "req": 49622929
    }
  ],
  "trace": "w09.oracleGeneral.bin.zst"
}