{
  "dram_cache_size": 37168,
  "flash_cache_size": 148674,
  "results": [
    {
      "hit": 22698167,
      "iteration": 0,
      "metrics": [
        {
          "admission_treshold": 0,
          "algorithm": "lru",
          "hit": 21012297,
          "inserted": 28610632,
          "layer": 0,
          "miss_ratio": 0.5765607265947562,
          "reinserted": 21012297,
          "req": 49622929
        },
        {
          "admission_treshold": 2,
          "algorithm": "fifo",
          "hit": 1685870,
          "inserted": 17881004,
          "layer": 1,
          "miss_ratio": 0.9410754016199293,
          "reinserted": 0,
          "req": 28610632
        }
      ],
      "miss_ratio": 0.5425871173384385,
      "req": 49622929
    }
  ],
  "trace": "w09.oracleGeneral.bin.zst"
}