{
  "dram_cache_size": 371686,
  "flash_cache_size": 1486747,
  "results": [
    {
      "hit": 25751784,
      "iteration": 0,
      "metrics": [
        {
<<<<<<< HEAD
          "admission_treshold": 4,
=======
          "admission_treshold": 0,
>>>>>>> 160be2d8 (New results)
          "algorithm": "lru",
          "hit": 23417688,
          "inserted": 26205241,
          "layer": 0,
          "miss_ratio": 0.528087348491662,
          "reinserted": 23417688,
          "req": 49622929
        },
        {
          "admission_treshold": 4,
          "algorithm": "lru",
          "hit": 2334096,
          "inserted": 5541490,
          "layer": 1,
          "miss_ratio": 0.9109301837750701,
          "reinserted": 2154022,
          "req": 26205241
        }
      ],
      "miss_ratio": 0.4810507054107991,
      "req": 49622929
    }
  ],
  "trace": "w09.oracleGeneral.bin.zst"
}