{
  "cache_size": 5669349376,
  "results": [
    {
      "hit": 21230180,
      "iteration": 0,
      "metrics": [
        {
          "admission_treshold": 4,
          "algorithm": "lru",
          "hit": 12714664,
          "inserted": 36908265,
          "layer": 0,
          "miss_ratio": 0.7437744152506596,
          "reinserted": 12714664,
          "req": 49622929
        },
        {
          "admission_treshold": 4,
          "algorithm": "lru",
          "hit": 8515516,
          "inserted": 8609320,
          "layer": 1,
          "miss_ratio": 0.7692788864499591,
          "reinserted": 8511168,
          "req": 36908265
        }
      ],
      "miss_ratio": 0.5721699539339969,
      "req": 49622929
    }
  ],
  "trace": "w09.oracleGeneral.bin.zst"
}