{
  "cache_size": 5669349376,
  "results": [
    {
      "hit": 21345588,
      "iteration": 0,
      "metrics": [
        {
          "admission_treshold": 2,
          "algorithm": "lru",
          "hit": 12714664,
          "inserted": 36908265,
          "layer": 0,
          "miss_ratio": 0.7437744152506596,
          "reinserted": 12714664,
          "req": 49622929
        },
        {
          "admission_treshold": 2,
          "algorithm": "lru",
          "hit": 8630924,
          "inserted": 18319705,
          "layer": 1,
          "miss_ratio": 0.7661519987460803,
          "reinserted": 8624026,
          "req": 36908265
        }
      ],
      "miss_ratio": 0.5698442548604901,
      "req": 49622929
    }
  ],
  "trace": "w09.oracleGeneral.bin.zst"
}