{
  "dram_cache_size": 743,
  "flash_cache_size": 74337,
  "results": [
    {
      "hit": 16742452,
      "iteration": 0,
      "metrics": [
        {
          "admission_treshold": 2,
          "algorithm": "offline-clock",
          "hit": 16742452,
          "inserted": 18013006,
          "layer": 0,
          "miss_ratio": 0.6626065341689121,
          "reinserted": 3981444,
          "req": 49622929
        }
      ],
      "miss_ratio": 0.6626065341689121,
      "req": 49622929
    },
    {
      "hit": 16751272,
      "iteration": 1,
      "metrics": [
        {
          "admission_treshold": 2,
          "algorithm": "offline-clock",
          "hit": 16751272,
          "inserted": 18004186,
          "layer": 0,
          "miss_ratio": 0.6624287937537907,
          "reinserted": 953896,
          "req": 49622929
        }
      ],
      "miss_ratio": 0.6624287937537907,
      "req": 49622929
    }
  ],
  "trace": "w09.oracleGeneral.bin.zst"
}