{
  "dram_cache_size": 929216,
  "flash_cache_size": 3716867,
  "results": [
    {
      "hit": 31820540,
      "iteration": 0,
      "metrics": [
        {
<<<<<<< HEAD
          "admission_treshold": 1,
=======
          "admission_treshold": 0,
>>>>>>> 160be2d8 (New results)
          "algorithm": "lru",
          "hit": 24273844,
          "inserted": 25349085,
          "layer": 0,
          "miss_ratio": 0.5108341146085915,
          "reinserted": 24273844,
          "req": 49622929
        },
        {
          "admission_treshold": 1,
          "algorithm": "offline-clock",
          "hit": 7546696,
          "inserted": 18329629,
          "layer": 1,
          "miss_ratio": 0.7022892147783638,
          "reinserted": 4721736,
          "req": 25349085
        }
      ],
      "miss_ratio": 0.35875328923046845,
      "req": 49622929
    },
    {
      "hit": 31471882,
      "iteration": 1,
      "metrics": [
        {
<<<<<<< HEAD
          "admission_treshold": 1,
=======
          "admission_treshold": 0,
>>>>>>> 160be2d8 (New results)
          "algorithm": "lru",
          "hit": 24273844,
          "inserted": 25349085,
          "layer": 0,
          "miss_ratio": 0.5108341146085915,
          "reinserted": 24273844,
          "req": 49622929
        },
        {
          "admission_treshold": 1,
          "algorithm": "offline-clock",
          "hit": 7198038,
          "inserted": 18136929,
          "layer": 1,
          "miss_ratio": 0.716043478492419,
          "reinserted": 2918558,
          "req": 25349085
        }
      ],
      "miss_ratio": 0.3657794363569309,
      "req": 49622929
    }
  ],
  "trace": "w09.oracleGeneral.bin.zst"
}