{
  "dram_cache_size": 743373,
  "flash_cache_size": 7433735,
  "results": [
    {
      "hit": 28837310,
      "iteration": 0,
      "metrics": [
        {
          "admission_treshold": 0,
          "algorithm": "lru",
          "hit": 24102823,
          "inserted": 25520106,
          "layer": 0,
          "miss_ratio": 0.514280525440165,
          "reinserted": 24102823,
          "req": 49622929
        },
        {
          "admission_treshold": 4,
          "algorithm": "offline-clock",
          "hit": 4734487,
          "inserted": 2568980,
          "layer": 1,
          "miss_ratio": 0.8144801201060842,
          "reinserted": 0,
          "req": 25520106
        }
      ],
      "miss_ratio": 0.41887126412872566,
      "req": 49622929
    },
    {
      "hit": 28837310,
      "iteration": 1,
      "metrics": [
        {
          "admission_treshold": 0,
          "algorithm": "lru",
          "hit": 24102823,
          "inserted": 25520106,
          "layer": 0,
          "miss_ratio": 0.514280525440165,
          "reinserted": 24102823,
          "req": 49622929
        },
        {
          "admission_treshold": 4,
          "algorithm": "offline-clock",
          "hit": 4734487,
          "inserted": 2568980,
          "layer": 1,
          "miss_ratio": 0.8144801201060842,
          "reinserted": 0,
          "req": 25520106
        }
      ],
      "miss_ratio": 0.41887126412872566,
      "req": 49622929
    }
  ],
  "trace": "w09.oracleGeneral.bin.zst"
}