{
  "dram_cache_size": 7433,
  "flash_cache_size": 74337,
  "results": [
    {
      "hit": 21489918,
      "iteration": 0,
      "metrics": [
        {
<<<<<<< HEAD
          "admission_treshold": 1,
=======
          "admission_treshold": 0,
>>>>>>> 160be2d8 (New results)
          "algorithm": "lru",
          "hit": 18224454,
          "inserted": 31398475,
          "layer": 0,
          "miss_ratio": 0.6327412676506863,
          "reinserted": 18224454,
          "req": 49622929
        },
        {
          "admission_treshold": 1,
          "algorithm": "fifo",
          "hit": 3265464,
          "inserted": 28386579,
          "layer": 1,
          "miss_ratio": 0.8959992802198196,
          "reinserted": 0,
          "req": 31398475
        }
      ],
      "miss_ratio": 0.5669357203803911,
      "req": 49622929
    }
  ],
  "trace": "w09.oracleGeneral.bin.zst"
}