{
  "cache_size": 5669349376,
  "results": [
    {
      "hit": 20492379,
      "iteration": 0,
      "metrics": [
        {
          "admission_treshold": 16,
          "algorithm": "lru",
          "hit": 12714664,
          "inserted": 36908265,
          "layer": 0,
          "miss_ratio": 0.7437744152506596,
          "reinserted": 12714664,
          "req": 49622929
        },
        {
          "admission_treshold": 16,
          "algorithm": "fifo",
          "hit": 7777715,
          "inserted": 280131,
          "layer": 1,
          "miss_ratio": 0.7892690160320459,
          "reinserted": 0,
          "req": 36908265
        }
      ],
      "miss_ratio": 0.5870381008746985,
      "req": 49622929
    }
  ],
  "trace": "w09.oracleGeneral.bin.zst"
}