{
  "cache_size": 7433735,
  "results": [
    {
      "hit": 33826763,
      "iteration": 0,
      "metrics": [
        {
          "admission_treshold": 0,
          "algorithm": "lru",
          "hit": 21869469,
          "inserted": 27753460,
          "layer": 0,
          "miss_ratio": 0.5592870183055901,
          "reinserted": 21869469,
          "req": 49622929
        },
        {
          "admission_treshold": 0,
          "algorithm": "lru",
          "hit": 11957294,
          "inserted": 15826126,
          "layer": 1,
          "miss_ratio": 0.569160241641943,
          "reinserted": 11852997,
          "req": 27753460
        }
      ],
      "miss_ratio": 0.3183239344860115,
      "req": 49622929
    }
  ],
  "trace": "w09.oracleGeneral.bin.zst"
}