{
  "dram_cache_size": 148674,
  "flash_cache_size": 1486747,
  "results": [
    {
      "hit": 25092909,
      "iteration": 0,
      "metrics": [
        {
          "admission_treshold": 2,
          "algorithm": "lru",
          "hit": 22560587,
          "inserted": 27062342,
          "layer": 0,
          "miss_ratio": 0.5453596259906384,
          "reinserted": 22560587,
          "req": 49622929
        },
        {
          "admission_treshold": 2,
          "algorithm": "lru",
          "hit": 2532322,
          "inserted": 15141027,
          "layer": 1,
          "miss_ratio": 0.9064263543783462,
          "reinserted": 2445484,
          "req": 27062342
        }
      ],
      "miss_ratio": 0.4943283376118326,
      "req": 49622929
    }
  ],
  "trace": "w09.oracleGeneral.bin.zst"
}