{
  "dram_cache_size": 37168,
  "flash_cache_size": 74337,
  "results": [
    {
      "hit": 22412427,
      "iteration": 0,
      "metrics": [
        {
          "admission_treshold": 0,
          "algorithm": "lru",
          "hit": 21012297,
          "inserted": 28610632,
          "layer": 0,
          "miss_ratio": 0.5765607265947562,
          "reinserted": 21012297,
          "req": 49622929
        },
        {
          "admission_treshold": 2,
          "algorithm": "offline-clock",
          "hit": 1400130,
          "inserted": 18213474,
          "layer": 1,
          "miss_ratio": 0.9510625979880486,
          "reinserted": 843623,
          "req": 28610632
        }
      ],
      "miss_ratio": 0.5483453425330859,
      "req": 49622929
    },
    {
      "hit": 22360372,
      "iteration": 1,
      "metrics": [
        {
          "admission_treshold": 0,
          "algorithm": "lru",
          "hit": 21012297,
          "inserted": 28610632,
          "layer": 0,
          "miss_ratio": 0.5765607265947562,
          "reinserted": 21012297,
          "req": 49622929
        },
        {
          "admission_treshold": 2,
          "algorithm": "offline-clock",
          "hit": 1348075,
          "inserted": 18255312,
          "layer": 1,
          "miss_ratio": 0.95288202651378,
          "reinserted": 330547,
          "req": 28610632
        }
      ],
      "miss_ratio": 0.5493943535658687,
      "req": 49622929
    }
  ],
  "trace": "w09.oracleGeneral.bin.zst"
}