{
  "dram_cache_size": 185843,
  "flash_cache_size": 3716867,
  "results": [
    {
      "hit": 32256976,
      "iteration": 0,
      "metrics": [
        {
          "admission_treshold": 2,
          "algorithm": "lru",
          "hit": 22739403,
          "inserted": 26883526,
          "layer": 0,
          "miss_ratio": 0.5417561305178096,
          "reinserted": 22739403,
          "req": 49622929
        },
        {
          "admission_treshold": 2,
          "algorithm": "lru",
          "hit": 9517573,
          "inserted": 7994428,
          "layer": 1,
          "miss_ratio": 0.6459700635995442,
          "reinserted": 9386556,
          "req": 26883526
        }
      ],
      "miss_ratio": 0.34995824208603243,
      "req": 49622929
    }
  ],
  "trace": "w09.oracleGeneral.bin.zst"
}