{
  "dram_cache_size": 743373,
  "flash_cache_size": 1486747,
  "results": [
    {
      "hit": 25493852,
      "iteration": 0,
      "metrics": [
        {
          "admission_treshold": 0,
          "algorithm": "lru",
          "hit": 24102823,
          "inserted": 25520106,
          "layer": 0,
          "miss_ratio": 0.514280525440165,
          "reinserted": 24102823,
          "req": 49622929
        },
        {
          "admission_treshold": 2,
          "algorithm": "lru",
          "hit": 1391029,
          "inserted": 14672880,
          "layer": 1,
          "miss_ratio": 0.9454928204451816,
          "reinserted": 904956,
          "req": 25520106
        }
      ],
      "miss_ratio": 0.48624854449845156,
      "req": 49622929
    }
  ],
  "trace": "w09.oracleGeneral.bin.zst"
}