{
  "dram_cache_size": 74337,
  "flash_cache_size": 148674,
  "results": [
    {
      "hit": 23421768,
      "iteration": 0,
      "metrics": [
        {
          "admission_treshold": 0,
          "algorithm": "lru",
          "hit": 21869469,
          "inserted": 27753460,
          "layer": 0,
          "miss_ratio": 0.5592870183055901,
          "reinserted": 21869469,
          "req": 49622929
        },
        {
          "admission_treshold": 4,
          "algorithm": "fifo",
          "hit": 1552299,
          "inserted": 7885865,
          "layer": 1,
          "miss_ratio": 0.9440682711272756,
          "reinserted": 0,
          "req": 27753460
        }
      ],
      "miss_ratio": 0.5280051284356875,
      "req": 49622929
    }
  ],
  "trace": "w09.oracleGeneral.bin.zst"
}