{
  "cache_size": 3716867,
  "results": [
    {
      "hit": 32190528,
      "iteration": 0,
      "metrics": [
        {
          "admission_treshold": 2,
          "algorithm": "lru",
          "hit": 21012297,
          "inserted": 28610632,
          "layer": 0,
          "miss_ratio": 0.5765607265947562,
          "reinserted": 21012297,
          "req": 49622929
        },
        {
          "admission_treshold": 2,
          "algorithm": "lru",
          "hit": 11178231,
          "inserted": 8040874,
          "layer": 1,
          "miss_ratio": 0.6092980050213501,
          "reinserted": 11150032,
          "req": 28610632
        }
      ],
      "miss_ratio": 0.351297300487845,
      "req": 49622929
    }
  ],
  "trace": "w09.oracleGeneral.bin.zst"
}