{
  "dram_cache_size": 743,
  "flash_cache_size": 74337,
  "results": [
    {
      "hit": 15968276,
      "iteration": 0,
      "metrics": [
        {
          "admission_treshold": 2,
          "algorithm": "fifo",
          "hit": 15968276,
          "inserted": 18787182,
          "layer": 0,
          "miss_ratio": 0.6782077091821808,
          "reinserted": 0,
          "req": 49622929
        }
      ],
      "miss_ratio": 0.6782077091821808,
      "req": 49622929
    }
  ],
  "trace": "w09.oracleGeneral.bin.zst"
}