{
  "dram_cache_size": 743,
  "flash_cache_size": 74337,
  "results": [
    {
      "hit": 15113364,
      "iteration": 0,
      "metrics": [
        {
          "admission_treshold": 4,
          "algorithm": "fifo",
          "hit": 15113364,
          "inserted": 8655684,
          "layer": 0,
          "miss_ratio": 0.6954358740089688,
          "reinserted": 0,
          "req": 49622929
        }
      ],
      "miss_ratio": 0.6954358740089688,
      "req": 49622929
    }
  ],
  "trace": "w09.oracleGeneral.bin.zst"
}