{
  "cache_size": 566934962176,
  "results": [
    {
      "hit": 22858359,
      "iteration": 0,
      "metrics": [
        {
          "admission_treshold": 32,
          "algorithm": "lru",
          "hit": 21431919,
          "inserted": 28191010,
          "layer": 0,
          "miss_ratio": 0.5681045147496231,
          "reinserted": 21431919,
          "req": 49622929
        },
        {
          "admission_treshold": 32,
          "algorithm": "lru",
          "hit": 1426440,
          "inserted": 69204,
          "layer": 1,
          "miss_ratio": 0.9494008905675958,
          "reinserted": 1418758,
          "req": 28191010
        }
      ],
      "miss_ratio": 0.5393589322387641,
      "req": 49622929
    }
  ],
  "trace": "w09.oracleGeneral.bin.zst"
}