{
  "dram_cache_size": 185843,
  "flash_cache_size": 3716867,
  "results": [
    {
      "hit": 31075980,
      "iteration": 0,
      "metrics": [
        {
          "admission_treshold": 1,
          "algorithm": "lru",
          "hit": 22739403,
          "inserted": 26883526,
          "layer": 0,
          "miss_ratio": 0.5417561305178096,
          "reinserted": 22739403,
          "req": 49622929
        },
        {
          "admission_treshold": 1,
          "algorithm": "lru",
          "hit": 8336577,
          "inserted": 18960230,
          "layer": 1,
          "miss_ratio": 0.6899001641376954,
          "reinserted": 7737453,
          "req": 26883526
        }
      ],
      "miss_ratio": 0.3737576433668396,
      "req": 49622929
    }
  ],
  "trace": "w09.oracleGeneral.bin.zst"
}