{
  "dram_cache_size": 148674,
  "flash_cache_size": 1486747,
  "results": [
    {
      "hit": 24896351,
      "iteration": 0,
      "metrics": [
        {
<<<<<<< HEAD
          "admission_treshold": 2,
=======
          "admission_treshold": 0,
>>>>>>> 160be2d8 (New results)
          "algorithm": "lru",
          "hit": 22560587,
          "inserted": 27062342,
          "layer": 0,
          "miss_ratio": 0.5453596259906384,
          "reinserted": 22560587,
          "req": 49622929
        },
        {
          "admission_treshold": 2,
          "algorithm": "fifo",
          "hit": 2335764,
          "inserted": 15407659,
          "layer": 1,
          "miss_ratio": 0.9136895099470697,
          "reinserted": 0,
          "req": 27062342
        }
      ],
      "miss_ratio": 0.49828936941630353,
      "req": 49622929
    }
  ],
  "trace": "w09.oracleGeneral.bin.zst"
}