{
  "dram_cache_size": 148674,
  "flash_cache_size": 1486747,
  "results": [
    {
      "hit": 24432378,
      "iteration": 0,
      "metrics": [
        {
          "admission_treshold": 0,
          "algorithm": "lru",
          "hit": 22560587,
          "inserted": 27062342,
          "layer": 0,
          "miss_ratio": 0.5453596259906384,
          "reinserted": 22560587,
          "req": 49622929
        },
        {
          "admission_treshold": 0,
          "algorithm": "fifo",
          "hit": 1871791,
          "inserted": 25232899,
          "layer": 1,
          "miss_ratio": 0.9308341088882847,
          "reinserted": 0,
          "req": 27062342
        }
      ],
      "miss_ratio": 0.5076393414826441,
      "req": 49622929
    }
  ],
  "trace": "w09.oracleGeneral.bin.zst"
}