{
  "dram_cache_size": 3716,
  "flash_cache_size": 74337,
  "results": [
    {
      "hit": 22778355,
      "iteration": 0,
      "metrics": [
        {
<<<<<<< HEAD
          "admission_treshold": 8,
=======
          "admission_treshold": 0,
>>>>>>> 160be2d8 (New results)
          "algorithm": "lru",
          "hit": 17023988,
          "inserted": 32598941,
          "layer": 0,
          "miss_ratio": 0.6569330278750777,
          "reinserted": 17023988,
          "req": 49622929
        },
        {
          "admission_treshold": 8,
          "algorithm": "lru",
          "hit": 5754367,
          "inserted": 1077183,
          "layer": 1,
          "miss_ratio": 0.8234799406520599,
          "reinserted": 5751205,
          "req": 32598941
        }
      ],
      "miss_ratio": 0.5409711708069469,
      "req": 49622929
    }
  ],
  "trace": "w09.oracleGeneral.bin.zst"
}