{
  "dram_cache_size": 14867,
  "flash_cache_size": 148674,
  "results": [
    {
      "hit": 23548785,
      "iteration": 0,
      "metrics": [
        {
<<<<<<< HEAD
          "admission_treshold": 8,
=======
          "admission_treshold": 0,
>>>>>>> 160be2d8 (New results)
          "algorithm": "lru",
          "hit": 19476351,
          "inserted": 30146578,
          "layer": 0,
          "miss_ratio": 0.6075130712256022,
          "reinserted": 19476351,
          "req": 49622929
        },
        {
          "admission_treshold": 8,
          "algorithm": "lru",
          "hit": 4072434,
          "inserted": 710531,
          "layer": 1,
          "miss_ratio": 0.8649122298391545,
          "reinserted": 4065837,
          "req": 30146578
        }
      ],
      "miss_ratio": 0.5254454850901686,
      "req": 49622929
    }
  ],
  "trace": "w09.oracleGeneral.bin.zst"
}