{
  "dram_cache_size": 74337,
  "flash_cache_size": 148674,
  "results": [
    {
      "hit": 24028199,
      "iteration": 0,
      "metrics": [
        {
          "admission_treshold": 0,
          "algorithm": "lru",
          "hit": 21869469,
          "inserted": 27753460,
          "layer": 0,
          "miss_ratio": 0.5592870183055901,
          "reinserted": 21869469,
          "req": 49622929
        },
        {
          "admission_treshold": 8,
          "algorithm": "offline-clock",
          "hit": 2158730,
          "inserted": 685401,
          "layer": 1,
          "miss_ratio": 0.9222176261986794,
          "reinserted": 570920,
          "req": 27753460
        }
      ],
      "miss_ratio": 0.5157843463855187,
      "req": 49622929
    },
    {
      "hit": 24041268,
      "iteration": 1,
      "metrics": [
        {
          "admission_treshold": 0,
          "algorithm": "lru",
          "hit": 21869469,
          "inserted": 27753460,
          "layer": 0,
          "miss_ratio": 0.5592870183055901,
          "reinserted": 21869469,
          "req": 49622929
        },
        {
          "admission_treshold": 8,
          "algorithm": "offline-clock",
          "hit": 2171799,
          "inserted": 668892,
          "layer": 1,
          "miss_ratio": 0.9217467299572738,
          "reinserted": 316465,
          "req": 27753460
        }
      ],
      "miss_ratio": 0.5155209802307317,
      "req": 49622929
    }
  ],
  "trace": "w09.oracleGeneral.bin.zst"
}