{
  "dram_cache_size": 743373,
  "flash_cache_size": 7433735,
  "results": [
    {
      "hit": 34372181,
      "iteration": 0,
      "metrics": [
        {
<<<<<<< HEAD
          "admission_treshold": 1,
=======
          "admission_treshold": 0,
>>>>>>> 160be2d8 (New results)
          "algorithm": "lru",
          "hit": 24102823,
          "inserted": 25520106,
          "layer": 0,
          "miss_ratio": 0.514280525440165,
          "reinserted": 24102823,
          "req": 49622929
        },
        {
          "admission_treshold": 1,
          "algorithm": "offline-clock",
          "hit": 10269358,
          "inserted": 15010530,
          "layer": 1,
          "miss_ratio": 0.5975973610767917,
          "reinserted": 4131102,
          "req": 25520106
        }
      ],
      "miss_ratio": 0.30733268485622844,
      "req": 49622929
    },
    {
      "hit": 34375369,
      "iteration": 1,
      "metrics": [
        {
<<<<<<< HEAD
          "admission_treshold": 1,
=======
          "admission_treshold": 0,
>>>>>>> 160be2d8 (New results)
          "algorithm": "lru",
          "hit": 24102823,
          "inserted": 25520106,
          "layer": 0,
          "miss_ratio": 0.514280525440165,
          "reinserted": 24102823,
          "req": 49622929
        },
        {
          "admission_treshold": 1,
          "algorithm": "offline-clock",
          "hit": 10272546,
          "inserted": 14997741,
          "layer": 1,
          "miss_ratio": 0.5974724399655706,
          "reinserted": 3865813,
          "req": 25520106
        }
      ],
      "miss_ratio": 0.30726844036151113,
      "req": 49622929
    }
  ],
  "trace": "w09.oracleGeneral.bin.zst"
}