{
  "dram_cache_size": 743373,
  "flash_cache_size": 1486747,
  "results": [
    {
      "hit": 25027967,
      "iteration": 0,
      "metrics": [
        {
          "admission_treshold": 0,
          "algorithm": "lru",
          "hit": 24102823,
          "inserted": 25520106,
          "layer": 0,
          "miss_ratio": 0.514280525440165,
          "reinserted": 24102823,
          "req": 49622929
        },
        {
          "admission_treshold": 0,
          "algorithm": "offline-clock",
          "hit": 925144,
          "inserted": 24384238,
          "layer": 1,
          "miss_ratio": 0.9637484264367867,
          "reinserted": 379871,
          "req": 25520106
        }
      ],
      "miss_ratio": 0.49563704714004286,
      "req": 49622929
    },
    {
      "hit": 24990903,
      "iteration": 1,
      "metrics": [
        {
          "admission_treshold": 0,
          "algorithm": "lru",
          "hit": 24102823,
          "inserted": 25520106,
          "layer": 0,
          "miss_ratio": 0.514280525440165,
          "reinserted": 24102823,
          "req": 49622929
        },
        {
          "admission_treshold": 0,
          "algorithm": "offline-clock",
          "hit": 888080,
          "inserted": 24392026,
          "layer": 1,
          "miss_ratio": 0.9652007715014976,
          "reinserted": 95877,
          "req": 25520106
        }
      ],
      "miss_ratio": 0.49638395992304285,
      "req": 49622929
    }
  ],
  "trace": "w09.oracleGeneral.bin.zst"
}