{
  "dram_cache_size": 743373,
  "flash_cache_size": 7433735,
  "results": [
    {
      "hit": 32549192,
      "iteration": 0,
      "metrics": [
        {
          "admission_treshold": 0,
          "algorithm": "lru",
          "hit": 24102823,
          "inserted": 25520106,
          "layer": 0,
          "miss_ratio": 0.514280525440165,
          "reinserted": 24102823,
          "req": 49622929
        },
        {
          "admission_treshold": 0,
          "algorithm": "fifo",
          "hit": 8446369,
          "inserted": 16855427,
          "layer": 1,
          "miss_ratio": 0.6690308026150048,
          "reinserted": 0,
          "req": 25520106
        }
      ],
      "miss_ratio": 0.3440695127044999,
      "req": 49622929
    }
  ],
  "trace": "w09.oracleGeneral.bin.zst"
}