{
  "dram_cache_size": 74337,
  "flash_cache_size": 7433735,
  "results": [
    {
      "hit": 26980655,
      "iteration": 0,
      "metrics": [
        {
          "admission_treshold": 2,
          "algorithm": "fifo",
          "hit": 26980655,
          "inserted": 7774803,
          "layer": 0,
          "miss_ratio": 0.456286528350634,
          "reinserted": 0,
          "req": 49622929
        }
      ],
      "miss_ratio": 0.456286528350634,
      "req": 49622929
    }
  ],
  "trace": "w09.oracleGeneral.bin.zst"
}