{
  "dram_cache_size": 743,
  "flash_cache_size": 74337,
  "results": [
    {
      "hit": 14814196,
      "iteration": 0,
      "metrics": [
        {
          "admission_treshold": 8,
          "algorithm": "lru",
          "hit": 14814196,
          "inserted": 1077439,
          "layer": 0,
          "miss_ratio": 0.70146469991725,
          "reinserted": 14814196,
          "req": 49622929
        }
      ],
      "miss_ratio": 0.70146469991725,
      "req": 49622929
    }
  ],
  "trace": "w09.oracleGeneral.bin.zst"
}