{
  "dram_cache_size": 74337,
  "flash_cache_size": 1486747,
  "results": [
    {
      "hit": 25701778,
      "iteration": 0,
      "metrics": [
        {
<<<<<<< HEAD
          "admission_treshold": 4,
=======
          "admission_treshold": 0,
>>>>>>> 160be2d8 (New results)
          "algorithm": "lru",
          "hit": 21869469,
          "inserted": 27753460,
          "layer": 0,
          "miss_ratio": 0.5592870183055901,
          "reinserted": 21869469,
          "req": 49622929
        },
        {
          "admission_treshold": 4,
          "algorithm": "offline-clock",
          "hit": 3832309,
          "inserted": 5480878,
          "layer": 1,
          "miss_ratio": 0.8619159917358052,
          "reinserted": 1522081,
          "req": 27753460
        }
      ],
      "miss_ratio": 0.48205842504782415,
      "req": 49622929
    },
    {
      "hit": 25661354,
      "iteration": 1,
      "metrics": [
        {
<<<<<<< HEAD
          "admission_treshold": 4,
=======
          "admission_treshold": 0,
>>>>>>> 160be2d8 (New results)
          "algorithm": "lru",
          "hit": 21869469,
          "inserted": 27753460,
          "layer": 0,
          "miss_ratio": 0.5592870183055901,
          "reinserted": 21869469,
          "req": 49622929
        },
        {
          "admission_treshold": 4,
          "algorithm": "offline-clock",
          "hit": 3791885,
          "inserted": 5465231,
          "layer": 1,
          "miss_ratio": 0.8633725308484059,
          "reinserted": 853840,
          "req": 27753460
        }
      ],
      "miss_ratio": 0.4828730484651561,
      "req": 49622929
    }
  ],
  "trace": "w09.oracleGeneral.bin.zst"
}