{
  "dram_cache_size": 743,
  "flash_cache_size": 74337,
  "results": [
    {
      "hit": 13477745,
      "iteration": 0,
      "metrics": [
        {
          "admission_treshold": 16,
          "algorithm": "fifo",
          "hit": 13477745,
          "inserted": 267677,
          "layer": 0,
          "miss_ratio": 0.7283968263945081,
          "reinserted": 0,
          "req": 49622929
        }
      ],
      "miss_ratio": 0.7283968263945081,
      "req": 49622929
    }
  ],
  "trace": "w09.oracleGeneral.bin.zst"
}