{
  "cache_size": 566934962176,
  "results": [
    {
      "hit": 32370171,
      "iteration": 0,
      "metrics": [
        {
          "admission_treshold": 2,
          "algorithm": "lru",
          "hit": 21431919,
          "inserted": 28191010,
          "layer": 0,
          "miss_ratio": 0.5681045147496231,
          "reinserted": 21431919,
          "req": 49622929
        },
        {
          "admission_treshold": 2,
          "algorithm": "lru",
          "hit": 10938252,
          "inserted": 7875751,
          "layer": 1,
          "miss_ratio": 0.6119950296211452,
          "reinserted": 10905671,
          "req": 28191010
        }
      ],
      "miss_ratio": 0.34767713933210187,
      "req": 49622929
    }
  ],
  "trace": "w09.oracleGeneral.bin.zst"
}