{
  "dram_cache_size": 74337,
  "flash_cache_size": 1486747,
  "results": [
    {
      "hit": 24630842,
      "iteration": 0,
      "metrics": [
        {
          "admission_treshold": 0,
          "algorithm": "lru",
          "hit": 21869469,
          "inserted": 27753460,
          "layer": 0,
          "miss_ratio": 0.5592870183055901,
          "reinserted": 21869469,
          "req": 49622929
        },
        {
          "admission_treshold": 1,
          "algorithm": "lru",
          "hit": 2761373,
          "inserted": 24970166,
          "layer": 1,
          "miss_ratio": 0.9005034687566884,
          "reinserted": 2708957,
          "req": 27753460
        }
      ],
      "miss_ratio": 0.5036399000147693,
      "req": 49622929
    }
  ],
  "trace": "w09.oracleGeneral.bin.zst"
}