{
  "dram_cache_size": 185843,
  "flash_cache_size": 3716867,
  "results": [
    {
      "hit": 30531677,
      "iteration": 0,
      "metrics": [
        {
<<<<<<< HEAD
          "admission_treshold": 2,
=======
          "admission_treshold": 0,
>>>>>>> 160be2d8 (New results)
          "algorithm": "lru",
          "hit": 22739403,
          "inserted": 26883526,
          "layer": 0,
          "miss_ratio": 0.5417561305178096,
          "reinserted": 22739403,
          "req": 49622929
        },
        {
          "admission_treshold": 2,
          "algorithm": "fifo",
          "hit": 7792274,
          "inserted": 9678815,
          "layer": 1,
          "miss_ratio": 0.7101468758227623,
          "reinserted": 0,
          "req": 26883526
        }
      ],
      "miss_ratio": 0.38472642354505115,
      "req": 49622929
    }
  ],
  "trace": "w09.oracleGeneral.bin.zst"
}