{
  "dram_cache_size": 3716,
  "flash_cache_size": 74337,
  "results": [
    {
      "hit": 21907005,
      "iteration": 0,
      "metrics": [
        {
          "admission_treshold": 0,
          "algorithm": "lru",
          "hit": 17023988,
          "inserted": 32598941,
          "layer": 0,
          "miss_ratio": 0.6569330278750777,
          "reinserted": 17023988,
          "req": 49622929
        },
        {
          "admission_treshold": 1,
          "algorithm": "lru",
          "hit": 4883017,
          "inserted": 27758534,
          "layer": 1,
          "miss_ratio": 0.8502093365548286,
          "reinserted": 4836691,
          "req": 32598941
        }
      ],
      "miss_ratio": 0.5585305937906244,
      "req": 49622929
    }
  ],
  "trace": "w09.oracleGeneral.bin.zst"
}