{
  "dram_cache_size": 371686,
  "flash_cache_size": 7433735,
  "results": [
    {
      "hit": 24111683,
      "iteration": 0,
      "metrics": [
        {
<<<<<<< HEAD
          "admission_treshold": 16,
=======
          "admission_treshold": 0,
>>>>>>> 160be2d8 (New results)
          "algorithm": "lru",
          "hit": 23417688,
          "inserted": 26205241,
          "layer": 0,
          "miss_ratio": 0.528087348491662,
          "reinserted": 23417688,
          "req": 49622929
        },
        {
          "admission_treshold": 16,
          "algorithm": "fifo",
          "hit": 693995,
          "inserted": 140664,
          "layer": 1,
          "miss_ratio": 0.973516938844409,
          "reinserted": 0,
          "req": 26205241
        }
      ],
      "miss_ratio": 0.5141019789460635,
      "req": 49622929
    }
  ],
  "trace": "w09.oracleGeneral.bin.zst"
}