{
  "dram_cache_size": 14867,
  "flash_cache_size": 1486747,
  "results": [
    {
      "hit": 19209297,
      "iteration": 0,
      "metrics": [
        {
          "admission_treshold": 2,
          "algorithm": "fifo",
          "hit": 19209297,
          "inserted": 15546161,
          "layer": 0,
          "miss_ratio": 0.6128947366246761,
          "reinserted": 0,
          "req": 49622929
        }
      ],
      "miss_ratio": 0.6128947366246761,
      "req": 49622929
    }
  ],
  "trace": "w09.oracleGeneral.bin.zst"
}