{
  "dram_cache_size": 7433,
  "flash_cache_size": 148674,
  "results": [
    {
      "hit": 23175937,
      "iteration": 0,
      "metrics": [
        {
          "admission_treshold": 8,
          "algorithm": "lru",
          "hit": 18224454,
          "inserted": 31398475,
          "layer": 0,
          "miss_ratio": 0.6327412676506863,
          "reinserted": 18224454,
          "req": 49622929
        },
        {
          "admission_treshold": 8,
          "algorithm": "fifo",
          "hit": 4951483,
          "inserted": 879723,
          "layer": 1,
          "miss_ratio": 0.8423017996893161,
          "reinserted": 0,
          "req": 31398475
        }
      ],
      "miss_ratio": 0.5329591084798723,
      "req": 49622929
    }
  ],
  "trace": "w09.oracleGeneral.bin.zst"
}