{
  "dram_cache_size": 37168,
  "flash_cache_size": 74337,
  "results": [
    {
      "hit": 22771845,
      "iteration": 0,
      "metrics": [
        {
          "admission_treshold": 0,
          "algorithm": "lru",
          "hit": 21012297,
          "inserted": 28610632,
          "layer": 0,
          "miss_ratio": 0.5765607265947562,
          "reinserted": 21012297,
          "req": 49622929
        },
        {
          "admission_treshold": 4,
          "algorithm": "fifo",
          "hit": 1759548,
          "inserted": 8536791,
          "layer": 1,
          "miss_ratio": 0.9385002050985801,
          "reinserted": 0,
          "req": 28610632
        }
      ],
      "miss_ratio": 0.541102360160965,
      "req": 49622929
    }
  ],
  "trace": "w09.oracleGeneral.bin.zst"
}