{
  "cache_size": 11338698752,
  "results": [
    {
      "hit": 20076709,
      "iteration": 0,
      "metrics": [
        {
          "admission_treshold": 32,
          "algorithm": "lru",
          "hit": 14268147,
          "inserted": 35354782,
          "layer": 0,
          "miss_ratio": 0.7124686654429447,
          "reinserted": 14268147,
          "req": 49622929
        },
        {
          "admission_treshold": 32,
          "algorithm": "lru",
          "hit": 5808562,
          "inserted": 69373,
          "layer": 1,
          "miss_ratio": 0.8357064682226014,
          "reinserted": 5808287,
          "req": 35354782
        }
      ],
      "miss_ratio": 0.5954146721165936,
      "req": 49622929
    }
  ],
  "trace": "w09.oracleGeneral.bin.zst"
}