{
  "cache_size": 5669349376,
  "results": [
    {
      "hit": 21441062,
      "iteration": 0,
      "metrics": [
        {
          "admission_treshold": 1,
          "algorithm": "lru",
          "hit": 12714664,
          "inserted": 36908265,
          "layer": 0,
          "miss_ratio": 0.7437744152506596,
          "reinserted": 12714664,
          "req": 49622929
        },
        {
          "admission_treshold": 1,
          "algorithm": "lru",
          "hit": 8726398,
          "inserted": 28190898,
          "layer": 1,
          "miss_ratio": 0.7635652068716858,
          "reinserted": 8716882,
          "req": 36908265
        }
      ],
      "miss_ratio": 0.567920265246737,
      "req": 49622929
    }
  ],
  "trace": "w09.oracleGeneral.bin.zst"
}