{
  "dram_cache_size": 18584,
  "flash_cache_size": 74337,
  "results": [
    {
      "hit": 22140290,
      "iteration": 0,
      "metrics": [
        {
<<<<<<< HEAD
          "admission_treshold": 1,
=======
          "admission_treshold": 0,
>>>>>>> 160be2d8 (New results)
          "algorithm": "lru",
          "hit": 19883664,
          "inserted": 29739265,
          "layer": 0,
          "miss_ratio": 0.5993049100346334,
          "reinserted": 19883664,
          "req": 49622929
        },
        {
          "admission_treshold": 1,
          "algorithm": "offline-clock",
          "hit": 2256626,
          "inserted": 27680701,
          "layer": 1,
          "miss_ratio": 0.9241196445171056,
          "reinserted": 1554328,
          "req": 29739265
        }
      ],
      "miss_ratio": 0.5538294404185613,
      "req": 49622929
    },
    {
      "hit": 22077164,
      "iteration": 1,
      "metrics": [
        {
<<<<<<< HEAD
          "admission_treshold": 1,
=======
          "admission_treshold": 0,
>>>>>>> 160be2d8 (New results)
          "algorithm": "lru",
          "hit": 19883664,
          "inserted": 29739265,
          "layer": 0,
          "miss_ratio": 0.5993049100346334,
          "reinserted": 19883664,
          "req": 49622929
        },
        {
          "admission_treshold": 1,
          "algorithm": "offline-clock",
          "hit": 2193500,
          "inserted": 27741218,
          "layer": 1,
          "miss_ratio": 0.9262422928071692,
          "reinserted": 728761,
          "req": 29739265
        }
      ],
      "miss_ratio": 0.5551015539610731,
      "req": 49622929
    }
  ],
  "trace": "w09.oracleGeneral.bin.zst"
}