{
  "dram_cache_size": 743373,
  "flash_cache_size": 1486747,
  "results": [
    {
      "hit": 24959419,
      "iteration": 0,
      "metrics": [
        {
          "admission_treshold": 0,
          "algorithm": "lru",
          "hit": 24102823,
          "inserted": 25520106,
          "layer": 0,
          "miss_ratio": 0.514280525440165,
          "reinserted": 24102823,
          "req": 49622929
        },
        {
          "admission_treshold": 1,
          "algorithm": "fifo",
          "hit": 856596,
          "inserted": 24442859,
          "layer": 1,
          "miss_ratio": 0.9664344654367815,
          "reinserted": 0,
          "req": 25520106
        }
      ],
      "miss_ratio": 0.4970184246883129,
      "req": 49622929
    }
  ],
  "trace": "w09.oracleGeneral.bin.zst"
}