{
  "dram_cache_size": 37168,
  "flash_cache_size": 3716867,
  "results": [
    {
      "hit": 26705261,
      "iteration": 0,
      "metrics": [
        {
          "admission_treshold": 2,
          "algorithm": "lru",
          "hit": 26705261,
          "inserted": 8050197,
          "layer": 0,
          "miss_ratio": 0.46183626121706767,
          "reinserted": 26705261,
          "req": 49622929
        }
      ],
      "miss_ratio": 0.46183626121706767,
      "req": 49622929
    }
  ],
  "trace": "w09.oracleGeneral.bin.zst"
}