{
  "dram_cache_size": 743,
  "flash_cache_size": 74337,
  "results": [
    {
      "hit": 14776721,
      "iteration": 0,
      "metrics": [
        {
          "admission_treshold": 8,
          "algorithm": "offline-clock",
          "hit": 14776721,
          "inserted": 1114914,
          "layer": 0,
          "miss_ratio": 0.7022198951617709,
          "reinserted": 1431243,
          "req": 49622929
        }
      ],
      "miss_ratio": 0.7022198951617709,
      "req": 49622929
    },
    {
      "hit": 14846349,
      "iteration": 1,
      "metrics": [
        {
          "admission_treshold": 8,
          "algorithm": "offline-clock",
          "hit": 14846349,
          "inserted": 1045286,
          "layer": 0,
          "miss_ratio": 0.700816753481037,
          "reinserted": 499646,
          "req": 49622929
        }
      ],
      "miss_ratio": 0.700816753481037,
      "req": 49622929
    }
  ],
  "trace": "w09.oracleGeneral.bin.zst"
}