{
  "dram_cache_size": 929216,
  "flash_cache_size": 3716867,
  "results": [
    {
      "hit": 29296694,
      "iteration": 0,
      "metrics": [
        {
          "admission_treshold": 0,
          "algorithm": "lru",
          "hit": 24273844,
          "inserted": 25349085,
          "layer": 0,
          "miss_ratio": 0.5108341146085915,
          "reinserted": 24273844,
          "req": 49622929
        },
        {
          "admission_treshold": 1,
          "algorithm": "fifo",
          "hit": 5022850,
          "inserted": 19992941,
          "layer": 1,
          "miss_ratio": 0.8018528084938766,
          "reinserted": 0,
          "req": 25349085
        }
      ],
      "miss_ratio": 0.4096137694733819,
      "req": 49622929
    }
  ],
  "trace": "w09.oracleGeneral.bin.zst"
}