{
  "dram_cache_size": 1486,
  "flash_cache_size": 148674,
  "results": [
    {
      "hit": 17273731,
      "iteration": 0,
      "metrics": [
        {
          "admission_treshold": 2,
          "algorithm": "lru",
          "hit": 17273731,
          "inserted": 17481727,
          "layer": 0,
          "miss_ratio": 0.651900213306635,
          "reinserted": 17273731,
          "req": 49622929
        }
      ],
      "miss_ratio": 0.651900213306635,
      "req": 49622929
    }
  ],
  "trace": "w09.oracleGeneral.bin.zst"
}