{
  "dram_cache_size": 1566225,
  "flash_cache_size": 6264902,
  "results": [
    {
      "hit": 34508363,
      "iteration": 0,
      "metrics": [
        {
<<<<<<< HEAD
          "admission_treshold": 1,
=======
          "admission_treshold": 0,
>>>>>>> 160be2d8 (New results)
          "algorithm": "lru",
          "hit": 22180773,
          "inserted": 26161577,
          "layer": 0,
          "miss_ratio": 0.5411730501309928,
          "reinserted": 22180773,
          "req": 48342350
        },
        {
          "admission_treshold": 1,
          "algorithm": "offline-clock",
          "hit": 12327590,
          "inserted": 13746987,
          "layer": 1,
          "miss_ratio": 0.5287902560308195,
          "reinserted": 6858490,
          "req": 26161577
        }
      ],
      "miss_ratio": 0.2861670357357472,
      "req": 48342350
    },
    {
      "hit": 34629868,
      "iteration": 1,
      "metrics": [
        {
<<<<<<< HEAD
          "admission_treshold": 1,
=======
          "admission_treshold": 0,
>>>>>>> 160be2d8 (New results)
          "algorithm": "lru",
          "hit": 22180773,
          "inserted": 26161577,
          "layer": 0,
          "miss_ratio": 0.5411730501309928,
          "reinserted": 22180773,
          "req": 48342350
        },
        {
          "admission_treshold": 1,
          "algorithm": "offline-clock",
          "hit": 12449095,
          "inserted": 13655776,
          "layer": 1,
          "miss_ratio": 0.5241458494646558,
          "reinserted": 4462622,
          "req": 26161577
        }
      ],
      "miss_ratio": 0.283653608068288,
      "req": 48342350
    }
  ],
  "trace": "w10.oracleGeneral.bin.zst"
}