{
  "cache_size": 783700066304,
  "results": [
    {
      "hit": 30131556,
      "iteration": 0,
      "metrics": [
        {
          "admission_treshold": 2,
          "algorithm": "lru",
          "hit": 15444483,
          "inserted": 32897867,
          "layer": 0,
          "miss_ratio": 0.6805185722249746,
          "reinserted": 15444483,
          "req": 48342350
        },
        {
          "admission_treshold": 2,
          "algorithm": "lru",
          "hit": 14687073,
          "inserted": 7404363,
          "layer": 1,
          "miss_ratio": 0.5535554630335152,
          "reinserted": 14613186,
          "req": 32897867
        }
      ],
      "miss_ratio": 0.37670477335090247,
      "req": 48342350
    }
  ],
  "trace": "w10.oracleGeneral.bin.zst"
}