{
  "dram_cache_size": 1566225,
  "flash_cache_size": 3132451,
  "results": [
    {
      "hit": 28929510,
      "iteration": 0,
      "metrics": [
        {
          "admission_treshold": 0,
          "algorithm": "lru",
          "hit": 22180773,
          "inserted": 26161577,
          "layer": 0,
          "miss_ratio": 0.5411730501309928,
          "reinserted": 22180773,
          "req": 48342350
        },
        {
          "admission_treshold": 1,
          "algorithm": "lru",
          "hit": 6748737,
          "inserted": 20817680,
          "layer": 1,
          "miss_ratio": 0.7420363076736544,
          "reinserted": 3777672,
          "req": 26161577
        }
      ],
      "miss_ratio": 0.4015700519316914,
      "req": 48342350
    }
  ],
  "trace": "w10.oracleGeneral.bin.zst"
}