{
  "cache_size": 125298,
  "results": [
    {
      "hit": 12908103,
      "iteration": 0,
      "metrics": [
        {
          "admission_treshold": 2,
          "algorithm": "lru",
          "hit": 2496780,
          "inserted": 45845570,
          "layer": 0,
          "miss_ratio": 0.9483521177601006,
          "reinserted": 2496780,
          "req": 48342350
        },
        {
          "admission_treshold": 2,
          "algorithm": "fifo",
          "hit": 10411323,
          "inserted": 22989930,
          "layer": 1,
          "miss_ratio": 0.7729044921897579,
          "reinserted": 0,
          "req": 45845570
        }
      ],
      "miss_ratio": 0.732985611994452,
      "req": 48342350
    }
  ],
  "trace": "w10.oracleGeneral.bin.zst"
}