{
  "dram_cache_size": 12529,
  "flash_cache_size": 1252980,
  "results": [
    {
      "hit": 21524936,
      "iteration": 0,
      "metrics": [
        {
          "admission_treshold": 1,
          "algorithm": "lru",
          "hit": 21524936,
          "inserted": 26817414,
          "layer": 0,
          "miss_ratio": 0.5547395606543745,
          "reinserted": 21524936,
          "req": 48342350
        }
      ],
      "miss_ratio": 0.5547395606543745,
      "req": 48342350
    }
  ],
  "trace": "w10.oracleGeneral.bin.zst"
}