{
  "cache_size": 391850033152,
  "results": [
    {
      "hit": 24430606,
      "iteration": 0,
      "metrics": [
        {
          "admission_treshold": 1,
          "algorithm": "lru",
          "hit": 14012362,
          "inserted": 34329988,
          "layer": 0,
          "miss_ratio": 0.7101431353668161,
          "reinserted": 14012362,
          "req": 48342350
        },
        {
          "admission_treshold": 1,
          "algorithm": "fifo",
          "hit": 10418244,
          "inserted": 23898324,
          "layer": 1,
          "miss_ratio": 0.6965264304782164,
          "reinserted": 0,
          "req": 34329988
        }
      ],
      "miss_ratio": 0.49463346320565715,
      "req": 48342350
    }
  ],
  "trace": "w10.oracleGeneral.bin.zst"
}