{
  "cache_size": 62649,
  "results": [
    {
      "hit": 11635692,
      "iteration": 0,
      "metrics": [
        {
          "admission_treshold": 4,
          "algorithm": "lru",
          "hit": 2069897,
          "inserted": 46272453,
          "layer": 0,
          "miss_ratio": 0.9571825324999715,
          "reinserted": 2069897,
          "req": 48342350
        },
        {
          "admission_treshold": 4,
          "algorithm": "lru",
          "hit": 9565795,
          "inserted": 12182987,
          "layer": 1,
          "miss_ratio": 0.7932723601232033,
          "reinserted": 9556854,
          "req": 46272453
        }
      ],
      "miss_ratio": 0.7593064466249572,
      "req": 48342350
    }
  ],
  "trace": "w10.oracleGeneral.bin.zst"
}