{
  "dram_cache_size": 783112,
  "flash_cache_size": 3132451,
  "results": [
    {
      "hit": 28313555,
      "iteration": 0,
      "metrics": [
        {
          "admission_treshold": 0,
          "algorithm": "lru",
          "hit": 19752242,
          "inserted": 28590108,
          "layer": 0,
          "miss_ratio": 0.5914091474659382,
          "reinserted": 19752242,
          "req": 48342350
        },
        {
          "admission_treshold": 2,
          "algorithm": "fifo",
          "hit": 8561313,
          "inserted": 10328060,
          "layer": 1,
          "miss_ratio": 0.7005498195389819,
          "reinserted": 0,
          "req": 28590108
        }
      ],
      "miss_ratio": 0.4143115715309661,
      "req": 48342350
    }
  ],
  "trace": "w10.oracleGeneral.bin.zst"
}