{
  "dram_cache_size": 12529,
  "flash_cache_size": 1252980,
  "results": [
    {
      "hit": 18300734,
      "iteration": 0,
      "metrics": [
        {
          "admission_treshold": 4,
          "algorithm": "lru",
          "hit": 18300734,
          "inserted": 5450921,
          "layer": 0,
          "miss_ratio": 0.6214347461387375,
          "reinserted": 18300734,
          "req": 48342350
        }
      ],
      "miss_ratio": 0.6214347461387375,
      "req": 48342350
    }
  ],
  "trace": "w10.oracleGeneral.bin.zst"
}