{
  "dram_cache_size": 31324,
  "flash_cache_size": 125298,
  "results": [
    {
      "hit": 14667308,
      "iteration": 0,
      "metrics": [
        {
          "admission_treshold": 0,
          "algorithm": "lru",
          "hit": 11836680,
          "inserted": 36505670,
          "layer": 0,
          "miss_ratio": 0.7551488498180168,
          "reinserted": 11836680,
          "req": 48342350
        },
        {
          "admission_treshold": 0,
          "algorithm": "fifo",
          "hit": 2830628,
          "inserted": 34249405,
          "layer": 1,
          "miss_ratio": 0.9224605931078651,
          "reinserted": 0,
          "req": 36505670
        }
      ],
      "miss_ratio": 0.6965950558878499,
      "req": 48342350
    }
  ],
  "trace": "w10.oracleGeneral.bin.zst"
}