{
  "cache_size": 7837000704,
  "results": [
    {
      "hit": 15693395,
      "iteration": 0,
      "metrics": [
        {
          "admission_treshold": 1,
          "algorithm": "lru",
          "hit": 4883400,
          "inserted": 43458950,
          "layer": 0,
          "miss_ratio": 0.8989829828297549,
          "reinserted": 4883400,
          "req": 48342350
        },
        {
          "admission_treshold": 1,
          "algorithm": "offline-clock",
          "hit": 10809995,
          "inserted": 32661463,
          "layer": 1,
          "miss_ratio": 0.7512596369677592,
          "reinserted": 4855298,
          "req": 43458950
        }
      ],
      "miss_ratio": 0.675369629320875,
      "req": 48342350
    },
    {
      "hit": 15736716,
      "iteration": 1,
      "metrics": [
        {
          "admission_treshold": 1,
          "algorithm": "lru",
          "hit": 4883400,
          "inserted": 43458950,
          "layer": 0,
          "miss_ratio": 0.8989829828297549,
          "reinserted": 4883400,
          "req": 48342350
        },
        {
          "admission_treshold": 1,
          "algorithm": "offline-clock",
          "hit": 10853316,
          "inserted": 32613194,
          "layer": 1,
          "miss_ratio": 0.7502628112276067,
          "reinserted": 1019056,
          "req": 43458950
        }
      ],
      "miss_ratio": 0.6744734999436313,
      "req": 48342350
    }
  ],
  "trace": "w10.oracleGeneral.bin.zst"
}