{
  "dram_cache_size": 626,
  "flash_cache_size": 62649,
  "results": [
    {
      "hit": 11567990,
      "iteration": 0,
      "metrics": [
        {
          "admission_treshold": 4,
          "algorithm": "lru",
          "hit": 11567990,
          "inserted": 12183665,
          "layer": 0,
          "miss_ratio": 0.7607069163993889,
          "reinserted": 11567990,
          "req": 48342350
        }
      ],
      "miss_ratio": 0.7607069163993889,
      "req": 48342350
    }
  ],
  "trace": "w10.oracleGeneral.bin.zst"
}