{
  "dram_cache_size": 1566225,
  "flash_cache_size": 6264902,
  "results": [
    {
      "hit": 31472809,
      "iteration": 0,
      "metrics": [
        {
          "admission_treshold": 0,
          "algorithm": "lru",
          "hit": 22180773,
          "inserted": 26161577,
          "layer": 0,
          "miss_ratio": 0.5411730501309928,
          "reinserted": 22180773,
          "req": 48342350
        },
        {
          "admission_treshold": 2,
          "algorithm": "fifo",
          "hit": 9292036,
          "inserted": 7130315,
          "layer": 1,
          "miss_ratio": 0.6448212582903545,
          "reinserted": 0,
          "req": 26161577
        }
      ],
      "miss_ratio": 0.34895988713829595,
      "req": 48342350
    }
  ],
  "trace": "w10.oracleGeneral.bin.zst"
}