{
  "cache_size": 125298,
  "results": [
    {
      "hit": 14628857,
      "iteration": 0,
      "metrics": [
        {
          "admission_treshold": 1,
          "algorithm": "lru",
          "hit": 2496780,
          "inserted": 45845570,
          "layer": 0,
          "miss_ratio": 0.9483521177601006,
          "reinserted": 2496780,
          "req": 48342350
        },
        {
          "admission_treshold": 1,
          "algorithm": "lru",
          "hit": 12132077,
          "inserted": 33725142,
          "layer": 1,
          "miss_ratio": 0.7353707893696163,
          "reinserted": 12119176,
          "req": 45845570
        }
      ],
      "miss_ratio": 0.6973904454375925,
      "req": 48342350
    }
  ],
  "trace": "w10.oracleGeneral.bin.zst"
}