{
  "dram_cache_size": 3132,
  "flash_cache_size": 62649,
  "results": [
    {
      "hit": 11719982,
      "iteration": 0,
      "metrics": [
        {
          "admission_treshold": 8,
          "algorithm": "lru",
          "hit": 3718809,
          "inserted": 44623541,
          "layer": 0,
          "miss_ratio": 0.9230734749138179,
          "reinserted": 3718809,
          "req": 48342350
        },
        {
          "admission_treshold": 8,
          "algorithm": "offline-clock",
          "hit": 8001173,
          "inserted": 3749899,
          "layer": 1,
          "miss_ratio": 0.8206961433204056,
          "reinserted": 2346828,
          "req": 44623541
        }
      ],
      "miss_ratio": 0.7575628408631355,
      "req": 48342350
    },
    {
      "hit": 11937473,
      "iteration": 1,
      "metrics": [
        {
          "admission_treshold": 8,
          "algorithm": "lru",
          "hit": 3718809,
          "inserted": 44623541,
          "layer": 0,
          "miss_ratio": 0.9230734749138179,
          "reinserted": 3718809,
          "req": 48342350
        },
        {
          "admission_treshold": 8,
          "algorithm": "offline-clock",
          "hit": 8218664,
          "inserted": 3504010,
          "layer": 1,
          "miss_ratio": 0.8158222360704186,
          "reinserted": 865521,
          "req": 44623541
        }
      ],
      "miss_ratio": 0.7530638663614823,
      "req": 48342350
    }
  ],
  "trace": "w10.oracleGeneral.bin.zst"
}