{
  "dram_cache_size": 1566225,
  "flash_cache_size": 6264902,
  "results": [
    {
      "hit": 22482001,
      "iteration": 0,
      "metrics": [
        {
          "admission_treshold": 0,
          "algorithm": "lru",
          "hit": 22180773,
          "inserted": 26161577,
          "layer": 0,
          "miss_ratio": 0.5411730501309928,
          "reinserted": 22180773,
          "req": 48342350
        },
        {
          "admission_treshold": 16,
          "algorithm": "lru",
          "hit": 301228,
          "inserted": 199063,
          "layer": 1,
          "miss_ratio": 0.9884858623010379,
          "reinserted": 232156,
          "req": 26161577
        }
      ],
      "miss_ratio": 0.5349419091128172,
      "req": 48342350
    }
  ],
  "trace": "w10.oracleGeneral.bin.zst"
}