{
  "dram_cache_size": 12529,
  "flash_cache_size": 125298,
  "results": [
    {
      "hit": 15231970,
      "iteration": 0,
      "metrics": [
        {
          "admission_treshold": 8,
          "algorithm": "lru",
          "hit": 9518503,
          "inserted": 38823847,
          "layer": 0,
          "miss_ratio": 0.8031021867989454,
          "reinserted": 9518503,
          "req": 48342350
        },
        {
          "admission_treshold": 8,
          "algorithm": "fifo",
          "hit": 5713467,
          "inserted": 3089612,
          "layer": 1,
          "miss_ratio": 0.8528361447540219,
          "reinserted": 0,
          "req": 38823847
        }
      ],
      "miss_ratio": 0.684914572833137,
      "req": 48342350
    }
  ],
  "trace": "w10.oracleGeneral.bin.zst"
}