{
  "dram_cache_size": 1566225,
  "flash_cache_size": 3132451,
  "results": [
    {
      "hit": 29299351,
      "iteration": 0,
      "metrics": [
        {
          "admission_treshold": 0,
          "algorithm": "lru",
          "hit": 22180773,
          "inserted": 26161577,
          "layer": 0,
          "miss_ratio": 0.5411730501309928,
          "reinserted": 22180773,
          "req": 48342350
        },
        {
          "admission_treshold": 1,
          "algorithm": "fifo",
          "hit": 7118578,
          "inserted": 21392438,
          "layer": 1,
          "miss_ratio": 0.7278995069754396,
          "reinserted": 0,
          "req": 26161577
        }
      ],
      "miss_ratio": 0.3939195963787445,
      "req": 48342350
    }
  ],
  "trace": "w10.oracleGeneral.bin.zst"
}