{
  "cache_size": 6264902,
  "results": [
    {
      "hit": 30015382,
      "iteration": 0,
      "metrics": [
        {
          "admission_treshold": 2,
          "algorithm": "lru",
          "hit": 13303855,
          "inserted": 35038495,
          "layer": 0,
          "miss_ratio": 0.724799166776129,
          "reinserted": 13303855,
          "req": 48342350
        },
        {
          "admission_treshold": 2,
          "algorithm": "offline-clock",
          "hit": 16711527,
          "inserted": 7412210,
          "layer": 1,
          "miss_ratio": 0.5230523742529467,
          "reinserted": 3093927,
          "req": 35038495
        }
      ],
      "miss_ratio": 0.37910792503881174,
      "req": 48342350
    },
    {
      "hit": 30015382,
      "iteration": 1,
      "metrics": [
        {
          "admission_treshold": 2,
          "algorithm": "lru",
          "hit": 13303855,
          "inserted": 35038495,
          "layer": 0,
          "miss_ratio": 0.724799166776129,
          "reinserted": 13303855,
          "req": 48342350
        },
        {
          "admission_treshold": 2,
          "algorithm": "offline-clock",
          "hit": 16711527,
          "inserted": 7412210,
          "layer": 1,
          "miss_ratio": 0.5230523742529467,
          "reinserted": 3093927,
          "req": 35038495
        }
      ],
      "miss_ratio": 0.37910792503881174,
      "req": 48342350
    }
  ],
  "trace": "w10.oracleGeneral.bin.zst"
}