{
  "dram_cache_size": 1566225,
  "flash_cache_size": 3132451,
  "results": [
    {
      "hit": 23327410,
      "iteration": 0,
      "metrics": [
        {
          "admission_treshold": 0,
          "algorithm": "lru",
          "hit": 22180773,
          "inserted": 26161577,
          "layer": 0,
          "miss_ratio": 0.5411730501309928,
          "reinserted": 22180773,
          "req": 48342350
        },
        {
          "admission_treshold": 8,
          "algorithm": "lru",
          "hit": 1146637,
          "inserted": 945693,
          "layer": 1,
          "miss_ratio": 0.9561709525385262,
          "reinserted": 930004,
          "req": 26161577
        }
      ],
      "miss_ratio": 0.517453950831931,
      "req": 48342350
    }
  ],
  "trace": "w10.oracleGeneral.bin.zst"
}