{
  "dram_cache_size": 31324,
  "flash_cache_size": 125298,
  "results": [
    {
      "hit": 15795448,
      "iteration": 0,
      "metrics": [
        {
          "admission_treshold": 0,
          "algorithm": "lru",
          "hit": 11836680,
          "inserted": 36505670,
          "layer": 0,
          "miss_ratio": 0.7551488498180168,
          "reinserted": 11836680,
          "req": 48342350
        },
        {
          "admission_treshold": 4,
          "algorithm": "lru",
          "hit": 3958768,
          "inserted": 10986348,
          "layer": 1,
          "miss_ratio": 0.8915574484730728,
          "reinserted": 3795766,
          "req": 36505670
        }
      ],
      "miss_ratio": 0.6732585817611266,
      "req": 48342350
    }
  ],
  "trace": "w10.oracleGeneral.bin.zst"
}