{
  "dram_cache_size": 626,
  "flash_cache_size": 62649,
  "results": [
    {
      "hit": 12355888,
      "iteration": 0,
      "metrics": [
        {
          "admission_treshold": 2,
          "algorithm": "offline-clock",
          "hit": 12355888,
          "inserted": 23456658,
          "layer": 0,
          "miss_ratio": 0.7444086189438452,
          "reinserted": 6765130,
          "req": 48342350
        }
      ],
      "miss_ratio": 0.7444086189438452,
      "req": 48342350
    },
    {
      "hit": 12477729,
      "iteration": 1,
      "metrics": [
        {
          "admission_treshold": 2,
          "algorithm": "offline-clock",
          "hit": 12477729,
          "inserted": 23334817,
          "layer": 0,
          "miss_ratio": 0.7418882408488623,
          "reinserted": 1392146,
          "req": 48342350
        }
      ],
      "miss_ratio": 0.7418882408488623,
      "req": 48342350
    }
  ],
  "trace": "w10.oracleGeneral.bin.zst"
}