{
  "cache_size": 783700066304,
  "results": [
    {
      "hit": 33633716,
      "iteration": 0,
      "metrics": [
        {
          "admission_treshold": 0,
          "algorithm": "lru",
          "hit": 15444483,
          "inserted": 32897867,
          "layer": 0,
          "miss_ratio": 0.6805185722249746,
          "reinserted": 15444483,
          "req": 48342350
        },
        {
          "admission_treshold": 0,
          "algorithm": "lru",
          "hit": 18189233,
          "inserted": 14692155,
          "layer": 1,
          "miss_ratio": 0.447099929001476,
          "reinserted": 18048810,
          "req": 32897867
        }
      ],
      "miss_ratio": 0.30425980532597197,
      "req": 48342350
    }
  ],
  "trace": "w10.oracleGeneral.bin.zst"
}