{
  "dram_cache_size": 3132,
  "flash_cache_size": 62649,
  "results": [
    {
      "hit": 12309124,
      "iteration": 0,
      "metrics": [
        {
          "admission_treshold": 0,
          "algorithm": "lru",
          "hit": 3718809,
          "inserted": 44623541,
          "layer": 0,
          "miss_ratio": 0.9230734749138179,
          "reinserted": 3718809,
          "req": 48342350
        },
        {
          "admission_treshold": 4,
          "algorithm": "lru",
          "hit": 8590315,
          "inserted": 12181422,
          "layer": 1,
          "miss_ratio": 0.8074936500444911,
          "reinserted": 8551459,
          "req": 44623541
        }
      ],
      "miss_ratio": 0.7453759695174107,
      "req": 48342350
    }
  ],
  "trace": "w10.oracleGeneral.bin.zst"
}