{
  "dram_cache_size": 3132451,
  "flash_cache_size": 6264902,
  "results": [
    {
      "hit": 26804345,
      "iteration": 0,
      "metrics": [
        {
          "admission_treshold": 0,
          "algorithm": "lru",
          "hit": 26759846,
          "inserted": 21582504,
          "layer": 0,
          "miss_ratio": 0.44645127926135164,
          "reinserted": 26759846,
          "req": 48342350
        },
        {
          "admission_treshold": 32,
          "algorithm": "lru",
          "hit": 44499,
          "inserted": 54027,
          "layer": 1,
          "miss_ratio": 0.9979381910458582,
          "reinserted": 23851,
          "req": 21582504
        }
      ],
      "miss_ratio": 0.44553078201618246,
      "req": 48342350
    }
  ],
  "trace": "w10.oracleGeneral.bin.zst"
}