{
  "dram_cache_size": 156622,
  "flash_cache_size": 3132451,
  "results": [
    {
      "hit": 23771591,
      "iteration": 0,
      "metrics": [
        {
          "admission_treshold": 0,
          "algorithm": "lru",
          "hit": 15031242,
          "inserted": 33311108,
          "layer": 0,
          "miss_ratio": 0.689066791333065,
          "reinserted": 15031242,
          "req": 48342350
        },
        {
          "admission_treshold": 4,
          "algorithm": "lru",
          "hit": 8740349,
          "inserted": 3356681,
          "layer": 1,
          "miss_ratio": 0.7376145818986267,
          "reinserted": 8676442,
          "req": 33311108
        }
      ],
      "miss_ratio": 0.5082657131893671,
      "req": 48342350
    }
  ],
  "trace": "w10.oracleGeneral.bin.zst"
}