{
  "dram_cache_size": 62649,
  "flash_cache_size": 6264902,
  "results": [
    {
      "hit": 32260744,
      "iteration": 0,
      "metrics": [
        {
          "admission_treshold": 0,
          "algorithm": "fifo",
          "hit": 32260744,
          "inserted": 16081606,
          "layer": 0,
          "miss_ratio": 0.3326608243082928,
          "reinserted": 0,
          "req": 48342350
        }
      ],
      "miss_ratio": 0.3326608243082928,
      "req": 48342350
    }
  ],
  "trace": "w10.oracleGeneral.bin.zst"
}