{
  "dram_cache_size": 313245,
  "flash_cache_size": 1252980,
  "results": [
    {
      "hit": 17573234,
      "iteration": 0,
      "metrics": [
        {
          "admission_treshold": 0,
          "algorithm": "lru",
          "hit": 16717366,
          "inserted": 31624984,
          "layer": 0,
          "miss_ratio": 0.6541879738986623,
          "reinserted": 16717366,
          "req": 48342350
        },
        {
          "admission_treshold": 32,
          "algorithm": "offline-clock",
          "hit": 855868,
          "inserted": 95462,
          "layer": 1,
          "miss_ratio": 0.9729369665451847,
          "reinserted": 0,
          "req": 31624984
        }
      ],
      "miss_ratio": 0.636483662875305,
      "req": 48342350
    },
    {
      "hit": 17573234,
      "iteration": 1,
      "metrics": [
        {
          "admission_treshold": 0,
          "algorithm": "lru",
          "hit": 16717366,
          "inserted": 31624984,
          "layer": 0,
          "miss_ratio": 0.6541879738986623,
          "reinserted": 16717366,
          "req": 48342350
        },
        {
          "admission_treshold": 32,
          "algorithm": "offline-clock",
          "hit": 855868,
          "inserted": 95462,
          "layer": 1,
          "miss_ratio": 0.9729369665451847,
          "reinserted": 0,
          "req": 31624984
        }
      ],
      "miss_ratio": 0.636483662875305,
      "req": 48342350
    }
  ],
  "trace": "w10.oracleGeneral.bin.zst"
}