{
  "dram_cache_size": 6264,
  "flash_cache_size": 62649,
  "results": [
    {
      "hit": 13666301,
      "iteration": 0,
      "metrics": [
        {
          "admission_treshold": 0,
          "algorithm": "lru",
          "hit": 6841261,
          "inserted": 41501089,
          "layer": 0,
          "miss_ratio": 0.858483069192954,
          "reinserted": 6841261,
          "req": 48342350
        },
        {
          "admission_treshold": 4,
          "algorithm": "lru",
          "hit": 6825040,
          "inserted": 12178930,
          "layer": 1,
          "miss_ratio": 0.8355455202633357,
          "reinserted": 6742303,
          "req": 41501089
        }
      ],
      "miss_ratio": 0.7173016826860921,
      "req": 48342350
    }
  ],
  "trace": "w10.oracleGeneral.bin.zst"
}