{
  "dram_cache_size": 31324,
  "flash_cache_size": 62649,
  "results": [
    {
      "hit": 14084099,
      "iteration": 0,
      "metrics": [
        {
<<<<<<< HEAD
          "admission_treshold": 2,
=======
          "admission_treshold": 0,
>>>>>>> 160be2d8 (New results)
          "algorithm": "lru",
          "hit": 11836680,
          "inserted": 36505670,
          "layer": 0,
          "miss_ratio": 0.7551488498180168,
          "reinserted": 11836680,
          "req": 48342350
        },
        {
          "admission_treshold": 2,
          "algorithm": "fifo",
          "hit": 2247419,
          "inserted": 24085700,
          "layer": 1,
          "miss_ratio": 0.9384364401475168,
          "reinserted": 0,
          "req": 36505670
        }
      ],
      "miss_ratio": 0.7086591984047115,
      "req": 48342350
    }
  ],
  "trace": "w10.oracleGeneral.bin.zst"
}