{
  "dram_cache_size": 6264,
  "flash_cache_size": 125298,
  "results": [
    {
      "hit": 14871238,
      "iteration": 0,
      "metrics": [
        {
<<<<<<< HEAD
          "admission_treshold": 2,
=======
          "admission_treshold": 0,
>>>>>>> 160be2d8 (New results)
          "algorithm": "lru",
          "hit": 6841261,
          "inserted": 41501089,
          "layer": 0,
          "miss_ratio": 0.858483069192954,
          "reinserted": 6841261,
          "req": 48342350
        },
        {
          "admission_treshold": 2,
          "algorithm": "offline-clock",
          "hit": 8029977,
          "inserted": 22206815,
          "layer": 1,
          "miss_ratio": 0.806511655633904,
          "reinserted": 3408714,
          "req": 41501089
        }
      ],
      "miss_ratio": 0.6923766014684847,
      "req": 48342350
    },
    {
      "hit": 14945839,
      "iteration": 1,
      "metrics": [
        {
<<<<<<< HEAD
          "admission_treshold": 2,
=======
          "admission_treshold": 0,
>>>>>>> 160be2d8 (New results)
          "algorithm": "lru",
          "hit": 6841261,
          "inserted": 41501089,
          "layer": 0,
          "miss_ratio": 0.858483069192954,
          "reinserted": 6841261,
          "req": 48342350
        },
        {
          "admission_treshold": 2,
          "algorithm": "offline-clock",
          "hit": 8104578,
          "inserted": 22126228,
          "layer": 1,
          "miss_ratio": 0.8047140883459709,
          "reinserted": 1134902,
          "req": 41501089
        }
      ],
      "miss_ratio": 0.690833420386059,
      "req": 48342350
    }
  ],
  "trace": "w10.oracleGeneral.bin.zst"
}