{
  "cache_size": 3132451,
  "results": [
    {
      "hit": 17792959,
      "iteration": 0,
      "metrics": [
        {
          "admission_treshold": 8,
          "algorithm": "lru",
          "hit": 11836680,
          "inserted": 36505670,
          "layer": 0,
          "miss_ratio": 0.7551488498180168,
          "reinserted": 11836680,
          "req": 48342350
        },
        {
          "admission_treshold": 8,
          "algorithm": "offline-clock",
          "hit": 5956279,
          "inserted": 1053540,
          "layer": 1,
          "miss_ratio": 0.8368396197083905,
          "reinserted": 0,
          "req": 36505670
        }
      ],
      "miss_ratio": 0.6319384763049376,
      "req": 48342350
    },
    {
      "hit": 17792959,
      "iteration": 1,
      "metrics": [
        {
          "admission_treshold": 8,
          "algorithm": "lru",
          "hit": 11836680,
          "inserted": 36505670,
          "layer": 0,
          "miss_ratio": 0.7551488498180168,
          "reinserted": 11836680,
          "req": 48342350
        },
        {
          "admission_treshold": 8,
          "algorithm": "offline-clock",
          "hit": 5956279,
          "inserted": 1053540,
          "layer": 1,
          "miss_ratio": 0.8368396197083905,
          "reinserted": 0,
          "req": 36505670
        }
      ],
      "miss_ratio": 0.6319384763049376,
      "req": 48342350
    }
  ],
  "trace": "w10.oracleGeneral.bin.zst"
}