{
  "cache_size": 156740009984,
  "results": [
    {
      "hit": 21203116,
      "iteration": 0,
      "metrics": [
        {
          "admission_treshold": 4,
          "algorithm": "lru",
          "hit": 12544962,
          "inserted": 35797388,
          "layer": 0,
          "miss_ratio": 0.740497472712849,
          "reinserted": 12544962,
          "req": 48342350
        },
        {
          "admission_treshold": 4,
          "algorithm": "fifo",
          "hit": 8658154,
          "inserted": 5495256,
          "layer": 1,
          "miss_ratio": 0.7581344761802173,
          "reinserted": 0,
          "req": 35797388
        }
      ],
      "miss_ratio": 0.5613966635879306,
      "req": 48342350
    }
  ],
  "trace": "w10.oracleGeneral.bin.zst"
}