{
  "dram_cache_size": 626490,
  "flash_cache_size": 1252980,
  "results": [
    {
      "hit": 22776905,
      "iteration": 0,
      "metrics": [
        {
          "admission_treshold": 0,
          "algorithm": "lru",
          "hit": 18849097,
          "inserted": 29493253,
          "layer": 0,
          "miss_ratio": 0.6100914208763124,
          "reinserted": 18849097,
          "req": 48342350
        },
        {
          "admission_treshold": 2,
          "algorithm": "offline-clock",
          "hit": 3927808,
          "inserted": 15900132,
          "layer": 1,
          "miss_ratio": 0.866823507057699,
          "reinserted": 2660195,
          "req": 29493253
        }
      ],
      "miss_ratio": 0.5288415850698197,
      "req": 48342350
    },
    {
      "hit": 22912173,
      "iteration": 1,
      "metrics": [
        {
          "admission_treshold": 0,
          "algorithm": "lru",
          "hit": 18849097,
          "inserted": 29493253,
          "layer": 0,
          "miss_ratio": 0.6100914208763124,
          "reinserted": 18849097,
          "req": 48342350
        },
        {
          "admission_treshold": 2,
          "algorithm": "offline-clock",
          "hit": 4063076,
          "inserted": 15775632,
          "layer": 1,
          "miss_ratio": 0.8622371021602805,
          "reinserted": 942456,
          "req": 29493253
        }
      ],
      "miss_ratio": 0.5260434587892396,
      "req": 48342350
    }
  ],
  "trace": "w10.oracleGeneral.bin.zst"
}