{
  "dram_cache_size": 1252,
  "flash_cache_size": 125298,
  "results": [
    {
      "hit": 14616031,
      "iteration": 0,
      "metrics": [
        {
          "admission_treshold": 1,
          "algorithm": "lru",
          "hit": 14616031,
          "inserted": 33726319,
          "layer": 0,
          "miss_ratio": 0.6976557614596726,
          "reinserted": 14616031,
          "req": 48342350
        }
      ],
      "miss_ratio": 0.6976557614596726,
      "req": 48342350
    }
  ],
  "trace": "w10.oracleGeneral.bin.zst"
}