{
  "dram_cache_size": 3132,
  "flash_cache_size": 62649,
  "results": [
    {
      "hit": 12695116,
      "iteration": 0,
      "metrics": [
        {
<<<<<<< HEAD
          "admission_treshold": 1,
=======
          "admission_treshold": 0,
>>>>>>> 160be2d8 (New results)
          "algorithm": "lru",
          "hit": 3718809,
          "inserted": 44623541,
          "layer": 0,
          "miss_ratio": 0.9230734749138179,
          "reinserted": 3718809,
          "req": 48342350
        },
        {
          "admission_treshold": 1,
          "algorithm": "fifo",
          "hit": 8976307,
          "inserted": 35783661,
          "layer": 1,
          "miss_ratio": 0.7988436865644526,
          "reinserted": 0,
          "req": 44623541
        }
      ],
      "miss_ratio": 0.737391417670014,
      "req": 48342350
    }
  ],
  "trace": "w10.oracleGeneral.bin.zst"
}