{
  "cache_size": 1252980,
  "results": [
    {
      "hit": 20460106,
      "iteration": 0,
      "metrics": [
        {
          "admission_treshold": 2,
          "algorithm": "lru",
          "hit": 9518503,
          "inserted": 38823847,
          "layer": 0,
          "miss_ratio": 0.8031021867989454,
          "reinserted": 9518503,
          "req": 48342350
        },
        {
          "admission_treshold": 2,
          "algorithm": "fifo",
          "hit": 10941603,
          "inserted": 16836396,
          "layer": 1,
          "miss_ratio": 0.7181731372473212,
          "reinserted": 0,
          "req": 38823847
        }
      ],
      "miss_ratio": 0.5767664170235829,
      "req": 48342350
    }
  ],
  "trace": "w10.oracleGeneral.bin.zst"
}