{
  "dram_cache_size": 12529,
  "flash_cache_size": 1252980,
  "results": [
    {
      "hit": 18192612,
      "iteration": 0,
      "metrics": [
        {
          "admission_treshold": 4,
          "algorithm": "offline-clock",
          "hit": 18192612,
          "inserted": 5559043,
          "layer": 0,
          "miss_ratio": 0.6236713357956326,
          "reinserted": 3940337,
          "req": 48342350
        }
      ],
      "miss_ratio": 0.6236713357956326,
      "req": 48342350
    },
    {
      "hit": 18813010,
      "iteration": 1,
      "metrics": [
        {
          "admission_treshold": 4,
          "algorithm": "offline-clock",
          "hit": 18813010,
          "inserted": 4938645,
          "layer": 0,
          "miss_ratio": 0.6108379092038347,
          "reinserted": 1813823,
          "req": 48342350
        }
      ],
      "miss_ratio": 0.6108379092038347,
      "req": 48342350
    }
  ],
  "trace": "w10.oracleGeneral.bin.zst"
}