{
  "dram_cache_size": 626490,
  "flash_cache_size": 1252980,
  "results": [
    {
      "hit": 23634061,
      "iteration": 0,
      "metrics": [
        {
          "admission_treshold": 0,
          "algorithm": "lru",
          "hit": 18849097,
          "inserted": 29493253,
          "layer": 0,
          "miss_ratio": 0.6100914208763124,
          "reinserted": 18849097,
          "req": 48342350
        },
        {
          "admission_treshold": 4,
          "algorithm": "lru",
          "hit": 4784964,
          "inserted": 5284565,
          "layer": 1,
          "miss_ratio": 0.8377607244612861,
          "reinserted": 3860138,
          "req": 29493253
        }
      ],
      "miss_ratio": 0.5111106307409549,
      "req": 48342350
    }
  ],
  "trace": "w10.oracleGeneral.bin.zst"
}