{
  "dram_cache_size": 156622,
  "flash_cache_size": 3132451,
  "results": [
    {
      "hit": 26893573,
      "iteration": 0,
      "metrics": [
        {
          "admission_treshold": 0,
          "algorithm": "lru",
          "hit": 15031242,
          "inserted": 33311108,
          "layer": 0,
          "miss_ratio": 0.689066791333065,
          "reinserted": 15031242,
          "req": 48342350
        },
        {
          "admission_treshold": 1,
          "algorithm": "lru",
          "hit": 11862331,
          "inserted": 21501377,
          "layer": 1,
          "miss_ratio": 0.643892631851213,
          "reinserted": 11653109,
          "req": 33311108
        }
      ],
      "miss_ratio": 0.44368502979271796,
      "req": 48342350
    }
  ],
  "trace": "w10.oracleGeneral.bin.zst"
}