{
  "cache_size": 1252980,
  "results": [
    {
      "hit": 14890827,
      "iteration": 0,
      "metrics": [
        {
          "admission_treshold": 16,
          "algorithm": "lru",
          "hit": 9518503,
          "inserted": 38823847,
          "layer": 0,
          "miss_ratio": 0.8031021867989454,
          "reinserted": 9518503,
          "req": 48342350
        },
        {
          "admission_treshold": 16,
          "algorithm": "fifo",
          "hit": 5372324,
          "inserted": 231679,
          "layer": 1,
          "miss_ratio": 0.8616230895408176,
          "reinserted": 0,
          "req": 38823847
        }
      ],
      "miss_ratio": 0.6919713874066942,
      "req": 48342350
    }
  ],
  "trace": "w10.oracleGeneral.bin.zst"
}