{
  "dram_cache_size": 31324,
  "flash_cache_size": 62649,
  "results": [
    {
      "hit": 14776206,
      "iteration": 0,
      "metrics": [
        {
<<<<<<< HEAD
          "admission_treshold": 4,
=======
          "admission_treshold": 0,
>>>>>>> 160be2d8 (New results)
          "algorithm": "lru",
          "hit": 11836680,
          "inserted": 36505670,
          "layer": 0,
          "miss_ratio": 0.7551488498180168,
          "reinserted": 11836680,
          "req": 48342350
        },
        {
          "admission_treshold": 4,
          "algorithm": "lru",
          "hit": 2939526,
          "inserted": 12230077,
          "layer": 1,
          "miss_ratio": 0.919477549651876,
          "reinserted": 2552037,
          "req": 36505670
        }
      ],
      "miss_ratio": 0.6943424140531025,
      "req": 48342350
    }
  ],
  "trace": "w10.oracleGeneral.bin.zst"
}