{
  "dram_cache_size": 626,
  "flash_cache_size": 62649,
  "results": [
    {
      "hit": 9626289,
      "iteration": 0,
      "metrics": [
        {
          "admission_treshold": 16,
          "algorithm": "lru",
          "hit": 9626289,
          "inserted": 589696,
          "layer": 0,
          "miss_ratio": 0.8008725475695742,
          "reinserted": 9626289,
          "req": 48342350
        }
      ],
      "miss_ratio": 0.8008725475695742,
      "req": 48342350
    }
  ],
  "trace": "w10.oracleGeneral.bin.zst"
}