{
  "dram_cache_size": 6264,
  "flash_cache_size": 125298,
  "results": [
    {
      "hit": 14666441,
      "iteration": 0,
      "metrics": [
        {
          "admission_treshold": 0,
          "algorithm": "lru",
          "hit": 6841261,
          "inserted": 41501089,
          "layer": 0,
          "miss_ratio": 0.858483069192954,
          "reinserted": 6841261,
          "req": 48342350
        },
        {
          "admission_treshold": 8,
          "algorithm": "lru",
          "hit": 7825180,
          "inserted": 2682299,
          "layer": 1,
          "miss_ratio": 0.8114463936115026,
          "reinserted": 7813124,
          "req": 41501089
        }
      ],
      "miss_ratio": 0.6966129904731566,
      "req": 48342350
    }
  ],
  "trace": "w10.oracleGeneral.bin.zst"
}