{
  "dram_cache_size": 62649,
  "flash_cache_size": 6264902,
  "results": [
    {
      "hit": 13353698,
      "iteration": 0,
      "metrics": [
        {
          "admission_treshold": 8,
          "algorithm": "offline-clock",
          "hit": 13353698,
          "inserted": 1053704,
          "layer": 0,
          "miss_ratio": 0.7237681246360592,
          "reinserted": 0,
          "req": 48342350
        }
      ],
      "miss_ratio": 0.7237681246360592,
      "req": 48342350
    },
    {
      "hit": 13353698,
      "iteration": 1,
      "metrics": [
        {
          "admission_treshold": 8,
          "algorithm": "offline-clock",
          "hit": 13353698,
          "inserted": 1053704,
          "layer": 0,
          "miss_ratio": 0.7237681246360592,
          "reinserted": 0,
          "req": 48342350
        }
      ],
      "miss_ratio": 0.7237681246360592,
      "req": 48342350
    }
  ],
  "trace": "w10.oracleGeneral.bin.zst"
}