{
  "cache_size": 125298,
  "results": [
    {
      "hit": 10177110,
      "iteration": 0,
      "metrics": [
        {
          "admission_treshold": 16,
          "algorithm": "lru",
          "hit": 2496780,
          "inserted": 45845570,
          "layer": 0,
          "miss_ratio": 0.9483521177601006,
          "reinserted": 2496780,
          "req": 48342350
        },
        {
          "admission_treshold": 16,
          "algorithm": "fifo",
          "hit": 7680330,
          "inserted": 338960,
          "layer": 1,
          "miss_ratio": 0.8324738900617878,
          "reinserted": 0,
          "req": 45845570
        }
      ],
      "miss_ratio": 0.7894783766200857,
      "req": 48342350
    }
  ],
  "trace": "w10.oracleGeneral.bin.zst"
}