{
  "dram_cache_size": 313245,
  "flash_cache_size": 1252980,
  "results": [
    {
      "hit": 21860462,
      "iteration": 0,
      "metrics": [
        {
          "admission_treshold": 0,
          "algorithm": "lru",
          "hit": 16717366,
          "inserted": 31624984,
          "layer": 0,
          "miss_ratio": 0.6541879738986623,
          "reinserted": 16717366,
          "req": 48342350
        },
        {
          "admission_treshold": 2,
          "algorithm": "lru",
          "hit": 5143096,
          "inserted": 16284592,
          "layer": 1,
          "miss_ratio": 0.8373723762200165,
          "reinserted": 4687900,
          "req": 31624984
        }
      ],
      "miss_ratio": 0.547798938198081,
      "req": 48342350
    }
  ],
  "trace": "w10.oracleGeneral.bin.zst"
}