{
  "cache_size": 783700066304,
  "results": [
    {
      "hit": 17367212,
      "iteration": 0,
      "metrics": [
        {
          "admission_treshold": 16,
          "algorithm": "lru",
          "hit": 15444483,
          "inserted": 32897867,
          "layer": 0,
          "miss_ratio": 0.6805185722249746,
          "reinserted": 15444483,
          "req": 48342350
        },
        {
          "admission_treshold": 16,
          "algorithm": "lru",
          "hit": 1922729,
          "inserted": 229530,
          "layer": 1,
          "miss_ratio": 0.9415545998772504,
          "reinserted": 1895104,
          "req": 32897867
        }
      ],
      "miss_ratio": 0.6407453919803237,
      "req": 48342350
    }
  ],
  "trace": "w10.oracleGeneral.bin.zst"
}