{
  "dram_cache_size": 626,
  "flash_cache_size": 62649,
  "results": [
    {
      "hit": 13303855,
      "iteration": 0,
      "metrics": [
        {
          "admission_treshold": 0,
          "algorithm": "lru",
          "hit": 13303855,
          "inserted": 35038495,
          "layer": 0,
          "miss_ratio": 0.724799166776129,
          "reinserted": 13303855,
          "req": 48342350
        }
      ],
      "miss_ratio": 0.724799166776129,
      "req": 48342350
    }
  ],
  "trace": "w10.oracleGeneral.bin.zst"
}