{
  "dram_cache_size": 783112,
  "flash_cache_size": 3132451,
  "results": [
    {
      "hit": 20054945,
      "iteration": 0,
      "metrics": [
        {
          "admission_treshold": 0,
          "algorithm": "lru",
          "hit": 19752242,
          "inserted": 28590108,
          "layer": 0,
          "miss_ratio": 0.5914091474659382,
          "reinserted": 19752242,
          "req": 48342350
        },
        {
          "admission_treshold": 32,
          "algorithm": "offline-clock",
          "hit": 302703,
          "inserted": 90548,
          "layer": 1,
          "miss_ratio": 0.9894123170153817,
          "reinserted": 0,
          "req": 28590108
        }
      ],
      "miss_ratio": 0.5851474948983655,
      "req": 48342350
    },
    {
      "hit": 20054945,
      "iteration": 1,
      "metrics": [
        {
          "admission_treshold": 0,
          "algorithm": "lru",
          "hit": 19752242,
          "inserted": 28590108,
          "layer": 0,
          "miss_ratio": 0.5914091474659382,
          "reinserted": 19752242,
          "req": 48342350
        },
        {
          "admission_treshold": 32,
          "algorithm": "offline-clock",
          "hit": 302703,
          "inserted": 90548,
          "layer": 1,
          "miss_ratio": 0.9894123170153817,
          "reinserted": 0,
          "req": 28590108
        }
      ],
      "miss_ratio": 0.5851474948983655,
      "req": 48342350
    }
  ],
  "trace": "w10.oracleGeneral.bin.zst"
}