{
  "dram_cache_size": 31324,
  "flash_cache_size": 3132451,
  "results": [
    {
      "hit": 25572439,
      "iteration": 0,
      "metrics": [
        {
          "admission_treshold": 1,
          "algorithm": "fifo",
          "hit": 25572439,
          "inserted": 22769911,
          "layer": 0,
          "miss_ratio": 0.47101373847154715,
          "reinserted": 0,
          "req": 48342350
        }
      ],
      "miss_ratio": 0.47101373847154715,
      "req": 48342350
    }
  ],
  "trace": "w10.oracleGeneral.bin.zst"
}