{
  "cache_size": 62649,
  "results": [
    {
      "hit": 9544814,
      "iteration": 0,
      "metrics": [
        {
          "admission_treshold": 16,
          "algorithm": "lru",
          "hit": 2069897,
          "inserted": 46272453,
          "layer": 0,
          "miss_ratio": 0.9571825324999715,
          "reinserted": 2069897,
          "req": 48342350
        },
        {
          "admission_treshold": 16,
          "algorithm": "fifo",
          "hit": 7474917,
          "inserted": 860453,
          "layer": 1,
          "miss_ratio": 0.8384585965217793,
          "reinserted": 0,
          "req": 46272453
        }
      ],
      "miss_ratio": 0.8025579228150886,
      "req": 48342350
    }
  ],
  "trace": "w10.oracleGeneral.bin.zst"
}