{
  "dram_cache_size": 313245,
  "flash_cache_size": 1252980,
  "results": [
    {
      "hit": 22498910,
      "iteration": 0,
      "metrics": [
        {
          "admission_treshold": 0,
          "algorithm": "lru",
          "hit": 16717366,
          "inserted": 31624984,
          "layer": 0,
          "miss_ratio": 0.6541879738986623,
          "reinserted": 16717366,
          "req": 48342350
        },
        {
          "admission_treshold": 4,
          "algorithm": "offline-clock",
          "hit": 5781544,
          "inserted": 5591288,
          "layer": 1,
          "miss_ratio": 0.8171842869548962,
          "reinserted": 3232483,
          "req": 31624984
        }
      ],
      "miss_ratio": 0.5345921329848466,
      "req": 48342350
    },
    {
      "hit": 22765453,
      "iteration": 1,
      "metrics": [
        {
          "admission_treshold": 0,
          "algorithm": "lru",
          "hit": 16717366,
          "inserted": 31624984,
          "layer": 0,
          "miss_ratio": 0.6541879738986623,
          "reinserted": 16717366,
          "req": 48342350
        },
        {
          "admission_treshold": 4,
          "algorithm": "offline-clock",
          "hit": 6048087,
          "inserted": 4984203,
          "layer": 1,
          "miss_ratio": 0.8087560455366555,
          "reinserted": 1507171,
          "req": 31624984
        }
      ],
      "miss_ratio": 0.5290784788079189,
      "req": 48342350
    }
  ],
  "trace": "w10.oracleGeneral.bin.zst"
}