{
  "dram_cache_size": 62649,
  "flash_cache_size": 125298,
  "results": [
    {
      "hit": 16349370,
      "iteration": 0,
      "metrics": [
        {
          "admission_treshold": 0,
          "algorithm": "lru",
          "hit": 13303855,
          "inserted": 35038495,
          "layer": 0,
          "miss_ratio": 0.724799166776129,
          "reinserted": 13303855,
          "req": 48342350
        },
        {
          "admission_treshold": 16,
          "algorithm": "offline-clock",
          "hit": 3045515,
          "inserted": 273384,
          "layer": 1,
          "miss_ratio": 0.9130808843245122,
          "reinserted": 377722,
          "req": 35038495
        }
      ],
      "miss_ratio": 0.6618002641576175,
      "req": 48342350
    },
    {
      "hit": 16362221,
      "iteration": 1,
      "metrics": [
        {
          "admission_treshold": 0,
          "algorithm": "lru",
          "hit": 13303855,
          "inserted": 35038495,
          "layer": 0,
          "miss_ratio": 0.724799166776129,
          "reinserted": 13303855,
          "req": 48342350
        },
        {
          "admission_treshold": 16,
          "algorithm": "offline-clock",
          "hit": 3058366,
          "inserted": 259465,
          "layer": 1,
          "miss_ratio": 0.9127141162883851,
          "reinserted": 188665,
          "req": 35038495
        }
      ],
      "miss_ratio": 0.6615344309906324,
      "req": 48342350
    }
  ],
  "trace": "w10.oracleGeneral.bin.zst"
}