{
  "dram_cache_size": 6264,
  "flash_cache_size": 62649,
  "results": [
    {
      "hit": 12874583,
      "iteration": 0,
      "metrics": [
        {
          "admission_treshold": 0,
          "algorithm": "lru",
          "hit": 6841261,
          "inserted": 41501089,
          "layer": 0,
          "miss_ratio": 0.858483069192954,
          "reinserted": 6841261,
          "req": 48342350
        },
        {
          "admission_treshold": 0,
          "algorithm": "fifo",
          "hit": 6033322,
          "inserted": 35767782,
          "layer": 1,
          "miss_ratio": 0.8546225618320522,
          "reinserted": 0,
          "req": 41501089
        }
      ],
      "miss_ratio": 0.7336789998831252,
      "req": 48342350
    }
  ],
  "trace": "w10.oracleGeneral.bin.zst"
}