{
  "cache_size": 26444,
  "results": [
    {
      "hit": 3942964,
      "iteration": 0,
      "metrics": [
        {
          "admission_treshold": 16,
          "algorithm": "lru",
          "hit": 127329,
          "inserted": 46046040,
          "layer": 0,
          "miss_ratio": 0.9972423714630829,
          "reinserted": 127329,
          "req": 46173369
        },
        {
          "admission_treshold": 16,
          "algorithm": "lru",
          "hit": 3815635,
          "inserted": 14626399,
          "layer": 1,
          "miss_ratio": 0.9171343507498148,
          "reinserted": 3804270,
          "req": 46046040
        }
      ],
      "miss_ratio": 0.9146052348920002,
      "req": 46173369
    }
  ],
  "trace": "w11.oracleGeneral.bin.zst"
}