{
  "cache_size": 20321888256,
  "results": [
    {
      "hit": 16925664,
      "iteration": 0,
      "metrics": [
        {
          "admission_treshold": 16,
          "algorithm": "lru",
          "hit": 906719,
          "inserted": 45266650,
          "layer": 0,
          "miss_ratio": 0.9803627281344794,
          "reinserted": 906719,
          "req": 46173369
        },
        {
          "admission_treshold": 16,
          "algorithm": "fifo",
          "hit": 16018945,
          "inserted": 1956402,
          "layer": 1,
          "miss_ratio": 0.6461203778057356,
          "reinserted": 0,
          "req": 45266650
        }
      ],
      "miss_ratio": 0.6334323362889115,
      "req": 46173369
    }
  ],
  "trace": "w11.oracleGeneral.bin.zst"
}