{
  "cache_size": 13222,
  "results": [
    {
      "hit": 2293111,
      "iteration": 0,
      "metrics": [
        {
          "admission_treshold": 32,
          "algorithm": "lru",
          "hit": 46997,
          "inserted": 46126372,
          "layer": 0,
          "miss_ratio": 0.9989821622069639,
          "reinserted": 46997,
          "req": 46173369
        },
        {
          "admission_treshold": 32,
          "algorithm": "fifo",
          "hit": 2246114,
          "inserted": 5100361,
          "layer": 1,
          "miss_ratio": 0.9513052099566817,
          "reinserted": 0,
          "req": 46126372
        }
      ],
      "miss_ratio": 0.9503369355612756,
      "req": 46173369
    }
  ],
  "trace": "w11.oracleGeneral.bin.zst"
}