{
  "cache_size": 264448,
  "results": [
    {
      "hit": 7241607,
      "iteration": 0,
      "metrics": [
        {
          "admission_treshold": 32,
          "algorithm": "lru",
          "hit": 563021,
          "inserted": 45610348,
          "layer": 0,
          "miss_ratio": 0.9878063695113952,
          "reinserted": 563021,
          "req": 46173369
        },
        {
          "admission_treshold": 32,
          "algorithm": "lru",
          "hit": 6678586,
          "inserted": 475430,
          "layer": 1,
          "miss_ratio": 0.8535730093530529,
          "reinserted": 6675560,
          "req": 45610348
        }
      ],
      "miss_ratio": 0.8431648554819554,
      "req": 46173369
    }
  ],
  "trace": "w11.oracleGeneral.bin.zst"
}