{
  "cache_size": 13222,
  "results": [
    {
      "hit": 1996959,
      "iteration": 0,
      "metrics": [
        {
          "admission_treshold": 2,
          "algorithm": "lru",
          "hit": 46997,
          "inserted": 46126372,
          "layer": 0,
          "miss_ratio": 0.9989821622069639,
          "reinserted": 46997,
          "req": 46173369
        },
        {
          "admission_treshold": 2,
          "algorithm": "fifo",
          "hit": 1949962,
          "inserted": 41551211,
          "layer": 1,
          "miss_ratio": 0.9577256585451811,
          "reinserted": 0,
          "req": 46126372
        }
      ],
      "miss_ratio": 0.9567508491745534,
      "req": 46173369
    }
  ],
  "trace": "w11.oracleGeneral.bin.zst"
}