{
  "cache_size": 661120,
  "results": [
    {
      "hit": 29555618,
      "iteration": 0,
      "metrics": [
        {
          "admission_treshold": 1,
          "algorithm": "lru",
          "hit": 1112649,
          "inserted": 45060720,
          "layer": 0,
          "miss_ratio": 0.9759027979959617,
          "reinserted": 1112649,
          "req": 46173369
        },
        {
          "admission_treshold": 1,
          "algorithm": "fifo",
          "hit": 28442969,
          "inserted": 16672176,
          "layer": 1,
          "miss_ratio": 0.3687857406628212,
          "reinserted": 0,
          "req": 45060720
        }
      ],
      "miss_ratio": 0.3598990361738603,
      "req": 46173369
    }
  ],
  "trace": "w11.oracleGeneral.bin.zst"
}