{
  "cache_size": 26444,
  "results": [
    {
      "hit": 4187647,
      "iteration": 0,
      "metrics": [
        {
          "admission_treshold": 2,
          "algorithm": "lru",
          "hit": 127329,
          "inserted": 46046040,
          "layer": 0,
          "miss_ratio": 0.9972423714630829,
          "reinserted": 127329,
          "req": 46173369
        },
        {
          "admission_treshold": 2,
          "algorithm": "lru",
          "hit": 4060318,
          "inserted": 39373112,
          "layer": 1,
          "miss_ratio": 0.9118204735955578,
          "reinserted": 4030052,
          "req": 46046040
        }
      ],
      "miss_ratio": 0.9093060114370255,
      "req": 46173369
    }
  ],
  "trace": "w11.oracleGeneral.bin.zst"
}