{
  "cache_size": 13222,
  "results": [
    {
      "hit": 1928768,
      "iteration": 0,
      "metrics": [
        {
          "admission_treshold": 1,
          "algorithm": "lru",
          "hit": 46997,
          "inserted": 46126372,
          "layer": 0,
          "miss_ratio": 0.9989821622069639,
          "reinserted": 46997,
          "req": 46173369
        },
        {
          "admission_treshold": 1,
          "algorithm": "fifo",
          "hit": 1881771,
          "inserted": 44263816,
          "layer": 1,
          "miss_ratio": 0.9592040102351861,
          "reinserted": 0,
          "req": 46126372
        }
      ],
      "miss_ratio": 0.9582276961423369,
      "req": 46173369
    }
  ],
  "trace": "w11.oracleGeneral.bin.zst"
}