{
  "cache_size": 26444,
  "results": [
    {
      "hit": 3938568,
      "iteration": 0,
      "metrics": [
        {
          "admission_treshold": 4,
          "algorithm": "lru",
          "hit": 127329,
          "inserted": 46046040,
          "layer": 0,
          "miss_ratio": 0.9972423714630829,
          "reinserted": 127329,
          "req": 46173369
        },
        {
          "admission_treshold": 4,
          "algorithm": "fifo",
          "hit": 3811239,
          "inserted": 34716267,
          "layer": 1,
          "miss_ratio": 0.9172298204145243,
          "reinserted": 0,
          "req": 46046040
        }
      ],
      "miss_ratio": 0.9147004412868379,
      "req": 46173369
    }
  ],
  "trace": "w11.oracleGeneral.bin.zst"
}