{
  "cache_size": 406437760,
  "results": [
    {
      "hit": 1847916,
      "iteration": 0,
      "metrics": [
        {
          "admission_treshold": 1,
          "algorithm": "lru",
          "hit": 13700,
          "inserted": 46159669,
          "layer": 0,
          "miss_ratio": 0.9997032921725941,
          "reinserted": 13700,
          "req": 46173369
        },
        {
          "admission_treshold": 1,
          "algorithm": "offline-clock",
          "hit": 1834216,
          "inserted": 44338366,
          "layer": 1,
          "miss_ratio": 0.9602636665353904,
          "reinserted": 1300741,
          "req": 46159669
        }
      ],
      "miss_ratio": 0.9599787487891559,
      "req": 46173369
    },
    {
      "hit": 1923518,
      "iteration": 1,
      "metrics": [
        {
          "admission_treshold": 1,
          "algorithm": "lru",
          "hit": 13700,
          "inserted": 46159669,
          "layer": 0,
          "miss_ratio": 0.9997032921725941,
          "reinserted": 13700,
          "req": 46173369
        },
        {
          "admission_treshold": 1,
          "algorithm": "offline-clock",
          "hit": 1909818,
          "inserted": 44262614,
          "layer": 1,
          "miss_ratio": 0.958625829834265,
          "reinserted": 427155,
          "req": 46159669
        }
      ],
      "miss_ratio": 0.9583413980469998,
      "req": 46173369
    }
  ],
  "trace": "w11.oracleGeneral.bin.zst"
}