{
  "cache_size": 2044709504,
  "results": [
    {
      "hit": 44441829,
      "iteration": 0,
      "metrics": [
        {
          "admission_treshold": 8,
          "algorithm": "lru",
          "hit": 41511827,
          "inserted": 3843702,
          "layer": 0,
          "miss_ratio": 0.08474605157840842,
          "reinserted": 41511827,
          "req": 45355529
        },
        {
          "admission_treshold": 8,
          "algorithm": "fifo",
          "hit": 2930002,
          "inserted": 165317,
          "layer": 1,
          "miss_ratio": 0.2377135376259658,
          "reinserted": 0,
          "req": 3843702
        }
      ],
      "miss_ratio": 0.020145283720536034,
      "req": 45355529
    }
  ],
  "trace": "w12.oracleGeneral.bin.zst"
}