{
  "cache_size": 208997,
  "results": [
    {
      "hit": 44779627,
      "iteration": 0,
      "metrics": [
        {
          "admission_treshold": 2,
          "algorithm": "lru",
          "hit": 41517300,
          "inserted": 3838229,
          "layer": 0,
          "miss_ratio": 0.08462538271794828,
          "reinserted": 41517300,
          "req": 45355529
        },
        {
          "admission_treshold": 2,
          "algorithm": "fifo",
          "hit": 3262327,
          "inserted": 368603,
          "layer": 1,
          "miss_ratio": 0.15004367899882998,
          "reinserted": 0,
          "req": 3838229
        }
      ],
      "miss_ratio": 0.012697503759684925,
      "req": 45355529
    }
  ],
  "trace": "w12.oracleGeneral.bin.zst"
}