{
  "cache_size": 817883840,
  "results": [
    {
      "hit": 44076145,
      "iteration": 0,
      "metrics": [
        {
          "admission_treshold": 16,
          "algorithm": "lru",
          "hit": 41039768,
          "inserted": 4315761,
          "layer": 0,
          "miss_ratio": 0.09515402190546607,
          "reinserted": 41039768,
          "req": 45355529
        },
        {
          "admission_treshold": 16,
          "algorithm": "fifo",
          "hit": 3036377,
          "inserted": 110718,
          "layer": 1,
          "miss_ratio": 0.2964445899575996,
          "reinserted": 0,
          "req": 4315761
        }
      ],
      "miss_ratio": 0.028207895006582384,
      "req": 45355529
    }
  ],
  "trace": "w12.oracleGeneral.bin.zst"
}