{
  "cache_size": 4089419008,
  "results": [
    {
      "hit": 44846077,
      "iteration": 0,
      "metrics": [
        {
          "admission_treshold": 2,
          "algorithm": "lru",
          "hit": 41763685,
          "inserted": 3591844,
          "layer": 0,
          "miss_ratio": 0.07919307919438001,
          "reinserted": 41763685,
          "req": 45355529
        },
        {
          "admission_treshold": 2,
          "algorithm": "lru",
          "hit": 3082392,
          "inserted": 307200,
          "layer": 1,
          "miss_ratio": 0.14183578128671515,
          "reinserted": 3077300,
          "req": 3591844
        }
      ],
      "miss_ratio": 0.011232412260035574,
      "req": 45355529
    }
  ],
  "trace": "w12.oracleGeneral.bin.zst"
}