{
  "cache_size": 4179,
  "results": [
    {
      "hit": 41327705,
      "iteration": 0,
      "metrics": [
        {
          "admission_treshold": 32,
          "algorithm": "lru",
          "hit": 36999330,
          "inserted": 8356199,
          "layer": 0,
          "miss_ratio": 0.1842377144360945,
          "reinserted": 36999330,
          "req": 45355529
        },
        {
          "admission_treshold": 32,
          "algorithm": "lru",
          "hit": 4328375,
          "inserted": 1854950,
          "layer": 1,
          "miss_ratio": 0.48201628515548756,
          "reinserted": 4327678,
          "req": 8356199
        }
      ],
      "miss_ratio": 0.08880557869802375,
      "req": 45355529
    }
  ],
  "trace": "w12.oracleGeneral.bin.zst"
}