{
  "cache_size": 4179,
  "results": [
    {
      "hit": 41553588,
      "iteration": 0,
      "metrics": [
        {
          "admission_treshold": 1,
          "algorithm": "lru",
          "hit": 36999330,
          "inserted": 8356199,
          "layer": 0,
          "miss_ratio": 0.1842377144360945,
          "reinserted": 36999330,
          "req": 45355529
        },
        {
          "admission_treshold": 1,
          "algorithm": "fifo",
          "hit": 4554258,
          "inserted": 3813061,
          "layer": 1,
          "miss_ratio": 0.45498449713799305,
          "reinserted": 0,
          "req": 8356199
        }
      ],
      "miss_ratio": 0.08382530385655962,
      "req": 45355529
    }
  ],
  "trace": "w12.oracleGeneral.bin.zst"
}