{
  "cache_size": 50886467584,
  "results": [
    {
      "hit": 25065919,
      "iteration": 0,
      "metrics": [
        {
          "admission_treshold": 8,
          "algorithm": "lru",
          "hit": 9131107,
          "inserted": 30691770,
          "layer": 0,
          "miss_ratio": 0.7707069983919043,
          "reinserted": 9131107,
          "req": 39822877
        },
        {
          "admission_treshold": 8,
          "algorithm": "fifo",
          "hit": 15934812,
          "inserted": 932692,
          "layer": 1,
          "miss_ratio": 0.480811566097361,
          "reinserted": 0,
          "req": 30691770
        }
      ],
      "miss_ratio": 0.3705648388990077,
      "req": 39822877
    }
  ],
  "trace": "w13.oracleGeneral.bin.zst"
}