{
  "cache_size": 20354586624,
  "results": [
    {
      "hit": 24424345,
      "iteration": 0,
      "metrics": [
        {
          "admission_treshold": 8,
          "algorithm": "lru",
          "hit": 3892646,
          "inserted": 35930231,
          "layer": 0,
          "miss_ratio": 0.9022510101417334,
          "reinserted": 3892646,
          "req": 39822877
        },
        {
          "admission_treshold": 8,
          "algorithm": "lru",
          "hit": 20531699,
          "inserted": 959367,
          "layer": 1,
          "miss_ratio": 0.4285675758666845,
          "reinserted": 20524702,
          "req": 35930231
        }
      ],
      "miss_ratio": 0.3866755282397101,
      "req": 39822877
    }
  ],
  "trace": "w13.oracleGeneral.bin.zst"
}