{
  "cache_size": 55617,
  "results": [
    {
      "hit": 21382846,
      "iteration": 0,
      "metrics": [
        {
          "admission_treshold": 2,
          "algorithm": "lru",
          "hit": 2147661,
          "inserted": 37675216,
          "layer": 0,
          "miss_ratio": 0.9460696674426612,
          "reinserted": 2147661,
          "req": 39822877
        },
        {
          "admission_treshold": 2,
          "algorithm": "fifo",
          "hit": 19235185,
          "inserted": 12929782,
          "layer": 1,
          "miss_ratio": 0.4894472536003509,
          "reinserted": 0,
          "req": 37675216
        }
      ],
      "miss_ratio": 0.46305120044440784,
      "req": 39822877
    }
  ],
  "trace": "w13.oracleGeneral.bin.zst"
}