{
  "cache_size": 2035458688,
  "results": [
    {
      "hit": 23977747,
      "iteration": 0,
      "metrics": [
        {
          "admission_treshold": 1,
          "algorithm": "lru",
          "hit": 2198484,
          "inserted": 37624393,
          "layer": 0,
          "miss_ratio": 0.944793441217218,
          "reinserted": 2198484,
          "req": 39822877
        },
        {
          "admission_treshold": 1,
          "algorithm": "offline-clock",
          "hit": 21779263,
          "inserted": 15878912,
          "layer": 1,
          "miss_ratio": 0.4211398174583175,
          "reinserted": 6835085,
          "req": 37624393
        }
      ],
      "miss_ratio": 0.39789013737003487,
      "req": 39822877
    },
    {
      "hit": 24553103,
      "iteration": 1,
      "metrics": [
        {
          "admission_treshold": 1,
          "algorithm": "lru",
          "hit": 2198484,
          "inserted": 37624393,
          "layer": 0,
          "miss_ratio": 0.944793441217218,
          "reinserted": 2198484,
          "req": 39822877
        },
        {
          "admission_treshold": 1,
          "algorithm": "offline-clock",
          "hit": 22354619,
          "inserted": 15286807,
          "layer": 1,
          "miss_ratio": 0.40584771693193833,
          "reinserted": 2381870,
          "req": 37624393
        }
      ],
      "miss_ratio": 0.38344226109027735,
      "req": 39822877
    }
  ],
  "trace": "w13.oracleGeneral.bin.zst"
}