{
  "cache_size": 27808,
  "results": [
    {
      "hit": 16138261,
      "iteration": 0,
      "metrics": [
        {
          "admission_treshold": 4,
          "algorithm": "lru",
          "hit": 1952705,
          "inserted": 37870172,
          "layer": 0,
          "miss_ratio": 0.9509652454291537,
          "reinserted": 1952705,
          "req": 39822877
        },
        {
          "admission_treshold": 4,
          "algorithm": "lru",
          "hit": 14185556,
          "inserted": 14029178,
          "layer": 1,
          "miss_ratio": 0.6254161190501062,
          "reinserted": 14142795,
          "req": 37870172
        }
      ],
      "miss_ratio": 0.5947489931478331,
      "req": 39822877
    }
  ],
  "trace": "w13.oracleGeneral.bin.zst"
}