{
  "cache_size": 55617,
  "results": [
    {
      "hit": 22324215,
      "iteration": 0,
      "metrics": [
        {
          "admission_treshold": 1,
          "algorithm": "lru",
          "hit": 2147661,
          "inserted": 37675216,
          "layer": 0,
          "miss_ratio": 0.9460696674426612,
          "reinserted": 2147661,
          "req": 39822877
        },
        {
          "admission_treshold": 1,
          "algorithm": "offline-clock",
          "hit": 20176554,
          "inserted": 17539422,
          "layer": 1,
          "miss_ratio": 0.46446082751058415,
          "reinserted": 6850063,
          "req": 37675216
        }
      ],
      "miss_ratio": 0.43941230062308156,
      "req": 39822877
    },
    {
      "hit": 22847545,
      "iteration": 1,
      "metrics": [
        {
          "admission_treshold": 1,
          "algorithm": "lru",
          "hit": 2147661,
          "inserted": 37675216,
          "layer": 0,
          "miss_ratio": 0.9460696674426612,
          "reinserted": 2147661,
          "req": 39822877
        },
        {
          "admission_treshold": 1,
          "algorithm": "offline-clock",
          "hit": 20699884,
          "inserted": 16995115,
          "layer": 1,
          "miss_ratio": 0.4505702634856825,
          "reinserted": 2531472,
          "req": 37675216
        }
      ],
      "miss_ratio": 0.42627085933545183,
      "req": 39822877
    }
  ],
  "trace": "w13.oracleGeneral.bin.zst"
}