{
  "cache_size": 20354586624,
  "results": [
    {
      "hit": 29343839,
      "iteration": 0,
      "metrics": [
        {
          "admission_treshold": 1,
          "algorithm": "lru",
          "hit": 3892646,
          "inserted": 35930231,
          "layer": 0,
          "miss_ratio": 0.9022510101417334,
          "reinserted": 3892646,
          "req": 39822877
        },
        {
          "admission_treshold": 1,
          "algorithm": "offline-clock",
          "hit": 25451193,
          "inserted": 10490335,
          "layer": 1,
          "miss_ratio": 0.29164961394208677,
          "reinserted": 4246806,
          "req": 35930231
        }
      ],
      "miss_ratio": 0.2631411587866944,
      "req": 39822877
    },
    {
      "hit": 29693709,
      "iteration": 1,
      "metrics": [
        {
          "admission_treshold": 1,
          "algorithm": "lru",
          "hit": 3892646,
          "inserted": 35930231,
          "layer": 0,
          "miss_ratio": 0.9022510101417334,
          "reinserted": 3892646,
          "req": 39822877
        },
        {
          "admission_treshold": 1,
          "algorithm": "offline-clock",
          "hit": 25801063,
          "inserted": 10133452,
          "layer": 1,
          "miss_ratio": 0.2819121313191668,
          "reinserted": 1414313,
          "req": 35930231
        }
      ],
      "miss_ratio": 0.25435550525392725,
      "req": 39822877
    }
  ],
  "trace": "w13.oracleGeneral.bin.zst"
}