{
  "cache_size": 1017729344,
  "results": [
    {
      "hit": 19076775,
      "iteration": 0,
      "metrics": [
        {
          "admission_treshold": 4,
          "algorithm": "lru",
          "hit": 1948184,
          "inserted": 37874693,
          "layer": 0,
          "miss_ratio": 0.9510787731383646,
          "reinserted": 1948184,
          "req": 39822877
        },
        {
          "admission_treshold": 4,
          "algorithm": "lru",
          "hit": 17128591,
          "inserted": 11106267,
          "layer": 1,
          "miss_ratio": 0.5477563078861127,
          "reinserted": 17069511,
          "req": 37874693
        }
      ],
      "miss_ratio": 0.5209593972831245,
      "req": 39822877
    }
  ],
  "trace": "w13.oracleGeneral.bin.zst"
}