{
  "cache_size": 1390426,
  "results": [
    {
      "hit": 32516481,
      "iteration": 0,
      "metrics": [
        {
          "admission_treshold": 1,
          "algorithm": "lru",
          "hit": 7277398,
          "inserted": 32545479,
          "layer": 0,
          "miss_ratio": 0.8172558451766305,
          "reinserted": 7277398,
          "req": 39822877
        },
        {
          "admission_treshold": 1,
          "algorithm": "offline-clock",
          "hit": 25239083,
          "inserted": 7315095,
          "layer": 1,
          "miss_ratio": 0.22449803243024935,
          "reinserted": 4315551,
          "req": 32545479
        }
      ],
      "miss_ratio": 0.18347232923427403,
      "req": 39822877
    },
    {
      "hit": 32596296,
      "iteration": 1,
      "metrics": [
        {
          "admission_treshold": 1,
          "algorithm": "lru",
          "hit": 7277398,
          "inserted": 32545479,
          "layer": 0,
          "miss_ratio": 0.8172558451766305,
          "reinserted": 7277398,
          "req": 39822877
        },
        {
          "admission_treshold": 1,
          "algorithm": "offline-clock",
          "hit": 25318898,
          "inserted": 7230945,
          "layer": 1,
          "miss_ratio": 0.22204561807186796,
          "reinserted": 1659359,
          "req": 32545479
        }
      ],
      "miss_ratio": 0.1814680792650918,
      "req": 39822877
    }
  ],
  "trace": "w13.oracleGeneral.bin.zst"
}