{
  "cache_size": 20354586624,
  "results": [
    {
      "hit": 19291500,
      "iteration": 0,
      "metrics": [
        {
          "admission_treshold": 16,
          "algorithm": "lru",
          "hit": 3892646,
          "inserted": 35930231,
          "layer": 0,
          "miss_ratio": 0.9022510101417334,
          "reinserted": 3892646,
          "req": 39822877
        },
        {
          "admission_treshold": 16,
          "algorithm": "lru",
          "hit": 15398854,
          "inserted": 558899,
          "layer": 1,
          "miss_ratio": 0.5714234623206291,
          "reinserted": 15392584,
          "req": 35930231
        }
      ],
      "miss_ratio": 0.5155673960974743,
      "req": 39822877
    }
  ],
  "trace": "w13.oracleGeneral.bin.zst"
}