{
  "cache_size": 101772935168,
  "results": [
    {
      "hit": 32948941,
      "iteration": 0,
      "metrics": [
        {
          "admission_treshold": 0,
          "algorithm": "lru",
          "hit": 18798951,
          "inserted": 21023926,
          "layer": 0,
          "miss_ratio": 0.5279358897148491,
          "reinserted": 18798951,
          "req": 39822877
        },
        {
          "admission_treshold": 0,
          "algorithm": "fifo",
          "hit": 14149990,
          "inserted": 6873711,
          "layer": 1,
          "miss_ratio": 0.32695777182625163,
          "reinserted": 0,
          "req": 21023926
        }
      ],
      "miss_ratio": 0.17261274216827682,
      "req": 39822877
    }
  ],
  "trace": "w13.oracleGeneral.bin.zst"
}