{
  "cache_size": 1017729344,
  "results": [
    {
      "hit": 18465661,
      "iteration": 0,
      "metrics": [
        {
          "admission_treshold": 8,
          "algorithm": "lru",
          "hit": 1948184,
          "inserted": 37874693,
          "layer": 0,
          "miss_ratio": 0.9510787731383646,
          "reinserted": 1948184,
          "req": 39822877
        },
        {
          "admission_treshold": 8,
          "algorithm": "lru",
          "hit": 16517477,
          "inserted": 6646566,
          "layer": 1,
          "miss_ratio": 0.5638914617736968,
          "reinserted": 16478260,
          "req": 37874693
        }
      ],
      "miss_ratio": 0.5363051996469266,
      "req": 39822877
    }
  ],
  "trace": "w13.oracleGeneral.bin.zst"
}