{
  "cache_size": 1017729344,
  "results": [
    {
      "hit": 18532512,
      "iteration": 0,
      "metrics": [
        {
          "admission_treshold": 1,
          "algorithm": "lru",
          "hit": 1948184,
          "inserted": 37874693,
          "layer": 0,
          "miss_ratio": 0.9510787731383646,
          "reinserted": 1948184,
          "req": 39822877
        },
        {
          "admission_treshold": 1,
          "algorithm": "fifo",
          "hit": 16584328,
          "inserted": 21342666,
          "layer": 1,
          "miss_ratio": 0.5621264045625399,
          "reinserted": 0,
          "req": 37874693
        }
      ],
      "miss_ratio": 0.5346264912000205,
      "req": 39822877
    }
  ],
  "trace": "w13.oracleGeneral.bin.zst"
}