{
  "cache_size": 893257,
  "results": [
    {
      "hit": 16876554,
      "iteration": 0,
      "metrics": [
        {
          "admission_treshold": 2,
          "algorithm": "lru",
          "hit": 11988088,
          "inserted": 22828337,
          "layer": 0,
          "miss_ratio": 0.6556772270559083,
          "reinserted": 11988088,
          "req": 34816425
        },
        {
          "admission_treshold": 2,
          "algorithm": "fifo",
          "hit": 4888466,
          "inserted": 13278561,
          "layer": 1,
          "miss_ratio": 0.7858597409000927,
          "reinserted": 0,
          "req": 22828337
        }
      ],
      "miss_ratio": 0.5152703357682473,
      "req": 34816425
    }
  ],
  "trace": "w14.oracleGeneral.bin.zst"
}