{
  "cache_size": 4466288,
  "results": [
    {
      "hit": 16903424,
      "iteration": 0,
      "metrics": [
        {
          "admission_treshold": 8,
          "algorithm": "lru",
          "hit": 14458711,
          "inserted": 20357714,
          "layer": 0,
          "miss_ratio": 0.5847158058301506,
          "reinserted": 14458711,
          "req": 34816425
        },
        {
          "admission_treshold": 8,
          "algorithm": "fifo",
          "hit": 2444713,
          "inserted": 292015,
          "layer": 1,
          "miss_ratio": 0.8799122042877703,
          "reinserted": 0,
          "req": 20357714
        }
      ],
      "miss_ratio": 0.5144985735899077,
      "req": 34816425
    }
  ],
  "trace": "w14.oracleGeneral.bin.zst"
}