{
  "cache_size": 89325,
  "results": [
    {
      "hit": 14689832,
      "iteration": 0,
      "metrics": [
        {
          "admission_treshold": 0,
          "algorithm": "lru",
          "hit": 11205349,
          "inserted": 23611076,
          "layer": 0,
          "miss_ratio": 0.6781591159919492,
          "reinserted": 11205349,
          "req": 34816425
        },
        {
          "admission_treshold": 0,
          "algorithm": "fifo",
          "hit": 3484483,
          "inserted": 20147344,
          "layer": 1,
          "miss_ratio": 0.8524216770129409,
          "reinserted": 0,
          "req": 23611076
        }
      ],
      "miss_ratio": 0.5780775309354709,
      "req": 34816425
    }
  ],
  "trace": "w14.oracleGeneral.bin.zst"
}