{
  "cache_size": 2233144,
  "results": [
    {
      "hit": 15122482,
      "iteration": 0,
      "metrics": [
        {
          "admission_treshold": 32,
          "algorithm": "lru",
          "hit": 13535912,
          "inserted": 21280513,
          "layer": 0,
          "miss_ratio": 0.6112205087110466,
          "reinserted": 13535912,
          "req": 34816425
        },
        {
          "admission_treshold": 32,
          "algorithm": "fifo",
          "hit": 1586570,
          "inserted": 44744,
          "layer": 1,
          "miss_ratio": 0.9254449364073131,
          "reinserted": 0,
          "req": 21280513
        }
      ],
      "miss_ratio": 0.5656509248149401,
      "req": 34816425
    }
  ],
  "trace": "w14.oracleGeneral.bin.zst"
}