{
  "cache_size": 89325,
  "results": [
    {
      "hit": 14862314,
      "iteration": 0,
      "metrics": [
        {
          "admission_treshold": 16,
          "algorithm": "lru",
          "hit": 11205349,
          "inserted": 23611076,
          "layer": 0,
          "miss_ratio": 0.6781591159919492,
          "reinserted": 11205349,
          "req": 34816425
        },
        {
          "admission_treshold": 16,
          "algorithm": "lru",
          "hit": 3656965,
          "inserted": 88007,
          "layer": 1,
          "miss_ratio": 0.8451165461497816,
          "reinserted": 3656799,
          "req": 23611076
        }
      ],
      "miss_ratio": 0.5731234898471051,
      "req": 34816425
    }
  ],
  "trace": "w14.oracleGeneral.bin.zst"
}