{
  "cache_size": 7574074880,
  "results": [
    {
      "hit": 15069485,
      "iteration": 0,
      "metrics": [
        {
          "admission_treshold": 1,
          "algorithm": "lru",
          "hit": 11124198,
          "inserted": 23692227,
          "layer": 0,
          "miss_ratio": 0.680489941170008,
          "reinserted": 11124198,
          "req": 34816425
        },
        {
          "admission_treshold": 1,
          "algorithm": "lru",
          "hit": 3945287,
          "inserted": 19756218,
          "layer": 1,
          "miss_ratio": 0.8334775789544816,
          "reinserted": 3935466,
          "req": 23692227
        }
      ],
      "miss_ratio": 0.567173108669256,
      "req": 34816425
    }
  ],
  "trace": "w14.oracleGeneral.bin.zst"
}