{
  "cache_size": 3787037440,
  "results": [
    {
      "hit": 14446121,
      "iteration": 0,
      "metrics": [
        {
          "admission_treshold": 2,
          "algorithm": "lru",
          "hit": 10878138,
          "inserted": 23938287,
          "layer": 0,
          "miss_ratio": 0.6875572951559501,
          "reinserted": 10878138,
          "req": 34816425
        },
        {
          "admission_treshold": 2,
          "algorithm": "lru",
          "hit": 3567983,
          "inserted": 15589465,
          "layer": 1,
          "miss_ratio": 0.8509507802291785,
          "reinserted": 3563697,
          "req": 23938287
        }
      ],
      "miss_ratio": 0.5850774167652193,
      "req": 34816425
    }
  ],
  "trace": "w14.oracleGeneral.bin.zst"
}