{
  "cache_size": 44662,
  "results": [
    {
      "hit": 14708402,
      "iteration": 0,
      "metrics": [
        {
          "admission_treshold": 16,
          "algorithm": "lru",
          "hit": 10904053,
          "inserted": 23912372,
          "layer": 0,
          "miss_ratio": 0.6868129625600561,
          "reinserted": 10904053,
          "req": 34816425
        },
        {
          "admission_treshold": 16,
          "algorithm": "lru",
          "hit": 3804349,
          "inserted": 176482,
          "layer": 1,
          "miss_ratio": 0.8409045744186315,
          "reinserted": 3804124,
          "req": 23912372
        }
      ],
      "miss_ratio": 0.5775441619867634,
      "req": 34816425
    }
  ],
  "trace": "w14.oracleGeneral.bin.zst"
}