{
  "cache_size": 7574074880,
  "results": [
    {
      "hit": 14845220,
      "iteration": 0,
      "metrics": [
        {
          "admission_treshold": 16,
          "algorithm": "lru",
          "hit": 11124198,
          "inserted": 23692227,
          "layer": 0,
          "miss_ratio": 0.680489941170008,
          "reinserted": 11124198,
          "req": 34816425
        },
        {
          "admission_treshold": 16,
          "algorithm": "fifo",
          "hit": 3721022,
          "inserted": 88007,
          "layer": 1,
          "miss_ratio": 0.8429433417128749,
          "reinserted": 0,
          "req": 23692227
        }
      ],
      "miss_ratio": 0.5736144650118442,
      "req": 34816425
    }
  ],
  "trace": "w14.oracleGeneral.bin.zst"
}