{
  "cache_size": 189351870464,
  "results": [
    {
      "hit": 18009036,
      "iteration": 0,
      "metrics": [
        {
          "admission_treshold": 0,
          "algorithm": "lru",
          "hit": 13656769,
          "inserted": 21159656,
          "layer": 0,
          "miss_ratio": 0.6077492447889179,
          "reinserted": 13656769,
          "req": 34816425
        },
        {
          "admission_treshold": 0,
          "algorithm": "lru",
          "hit": 4352267,
          "inserted": 16806348,
          "layer": 1,
          "miss_ratio": 0.7943129604753498,
          "reinserted": 4339356,
          "req": 21159656
        }
      ],
      "miss_ratio": 0.4827431018549435,
      "req": 34816425
    }
  ],
  "trace": "w14.oracleGeneral.bin.zst"
}