{
  "cache_size": 7574074880,
  "results": [
    {
      "hit": 15477228,
      "iteration": 0,
      "metrics": [
        {
          "admission_treshold": 8,
          "algorithm": "lru",
          "hit": 11124198,
          "inserted": 23692227,
          "layer": 0,
          "miss_ratio": 0.680489941170008,
          "reinserted": 11124198,
          "req": 34816425
        },
        {
          "admission_treshold": 8,
          "algorithm": "fifo",
          "hit": 4353030,
          "inserted": 692364,
          "layer": 1,
          "miss_ratio": 0.8162675885217544,
          "reinserted": 0,
          "req": 23692227
        }
      ],
      "miss_ratio": 0.5554618832921531,
      "req": 34816425
    }
  ],
  "trace": "w14.oracleGeneral.bin.zst"
}