{
  "cache_size": 44662,
  "results": [
    {
      "hit": 13880017,
      "iteration": 0,
      "metrics": [
        {
          "admission_treshold": 2,
          "algorithm": "lru",
          "hit": 10904053,
          "inserted": 23912372,
          "layer": 0,
          "miss_ratio": 0.6868129625600561,
          "reinserted": 10904053,
          "req": 34816425
        },
        {
          "admission_treshold": 2,
          "algorithm": "fifo",
          "hit": 2975964,
          "inserted": 16187405,
          "layer": 1,
          "miss_ratio": 0.8755471017262528,
          "reinserted": 0,
          "req": 23912372
        }
      ],
      "miss_ratio": 0.6013370987974784,
      "req": 34816425
    }
  ],
  "trace": "w14.oracleGeneral.bin.zst"
}