{
  "cache_size": 75740749824,
  "results": [
    {
      "hit": 17133185,
      "iteration": 0,
      "metrics": [
        {
          "admission_treshold": 2,
          "algorithm": "lru",
          "hit": 12592096,
          "inserted": 22224329,
          "layer": 0,
          "miss_ratio": 0.6383288634602777,
          "reinserted": 12592096,
          "req": 34816425
        },
        {
          "admission_treshold": 2,
          "algorithm": "lru",
          "hit": 4541089,
          "inserted": 13123167,
          "layer": 1,
          "miss_ratio": 0.7956703664709067,
          "reinserted": 4535561,
          "req": 22224329
        }
      ],
      "miss_ratio": 0.5078993607183966,
      "req": 34816425
    }
  ],
  "trace": "w14.oracleGeneral.bin.zst"
}