{
  "cache_size": 335016736,
  "results": [
    {
      "hit": 397205,
      "iteration": 0,
      "metrics": [
        {
          "admission_treshold": 1,
          "algorithm": "lru",
          "hit": 62360,
          "inserted": 33566397,
          "layer": 0,
          "miss_ratio": 0.9981456347018713,
          "reinserted": 62360,
          "req": 33628757
        },
        {
          "admission_treshold": 1,
          "algorithm": "offline-clock",
          "hit": 334845,
          "inserted": 33233940,
          "layer": 1,
          "miss_ratio": 0.9900243985078291,
          "reinserted": 290128,
          "req": 33566397
        }
      ],
      "miss_ratio": 0.9881885316189355,
      "req": 33628757
    },
    {
      "hit": 408310,
      "iteration": 1,
      "metrics": [
        {
          "admission_treshold": 1,
          "algorithm": "lru",
          "hit": 62360,
          "inserted": 33566397,
          "layer": 0,
          "miss_ratio": 0.9981456347018713,
          "reinserted": 62360,
          "req": 33628757
        },
        {
          "admission_treshold": 1,
          "algorithm": "offline-clock",
          "hit": 345950,
          "inserted": 33221472,
          "layer": 1,
          "miss_ratio": 0.9896935616890904,
          "reinserted": 37876,
          "req": 33566397
        }
      ],
      "miss_ratio": 0.9878583082925129,
      "req": 33628757
    }
  ],
  "trace": "w15.oracleGeneral.bin.zst"
}