{
  "cache_size": 16750837760,
  "results": [
    {
      "hit": 6143101,
      "iteration": 0,
      "metrics": [
        {
          "admission_treshold": 4,
          "algorithm": "lru",
          "hit": 191319,
          "inserted": 33437438,
          "layer": 0,
          "miss_ratio": 0.994310851275294,
          "reinserted": 191319,
          "req": 33628757
        },
        {
          "admission_treshold": 4,
          "algorithm": "fifo",
          "hit": 5951782,
          "inserted": 12929148,
          "layer": 1,
          "miss_ratio": 0.8220024512643582,
          "reinserted": 0,
          "req": 33437438
        }
      ],
      "miss_ratio": 0.8173259570670424,
      "req": 33628757
    }
  ],
  "trace": "w15.oracleGeneral.bin.zst"
}