{
  "cache_size": 33501675520,
  "results": [
    {
      "hit": 14880709,
      "iteration": 0,
      "metrics": [
        {
          "admission_treshold": 4,
          "algorithm": "lru",
          "hit": 376846,
          "inserted": 33251911,
          "layer": 0,
          "miss_ratio": 0.9887939360946347,
          "reinserted": 376846,
          "req": 33628757
        },
        {
          "admission_treshold": 4,
          "algorithm": "fifo",
          "hit": 14503863,
          "inserted": 4225885,
          "layer": 1,
          "miss_ratio": 0.5638186629333874,
          "reinserted": 0,
          "req": 33251911
        }
      ],
      "miss_ratio": 0.5575004749655184,
      "req": 33628757
    }
  ],
  "trace": "w15.oracleGeneral.bin.zst"
}