{
  "cache_size": 33501675520,
  "results": [
    {
      "hit": 19580133,
      "iteration": 0,
      "metrics": [
        {
          "admission_treshold": 0,
          "algorithm": "lru",
          "hit": 376846,
          "inserted": 33251911,
          "layer": 0,
          "miss_ratio": 0.9887939360946347,
          "reinserted": 376846,
          "req": 33628757
        },
        {
          "admission_treshold": 0,
          "algorithm": "fifo",
          "hit": 19203287,
          "inserted": 14084377,
          "layer": 1,
          "miss_ratio": 0.42249072542026234,
          "reinserted": 0,
          "req": 33251911
        }
      ],
      "miss_ratio": 0.41775626735177873,
      "req": 33628757
    }
  ],
  "trace": "w15.oracleGeneral.bin.zst"
}