{
  "cache_size": 6700335104,
  "results": [
    {
      "hit": 3756978,
      "iteration": 0,
      "metrics": [
        {
          "admission_treshold": 2,
          "algorithm": "lru",
          "hit": 125014,
          "inserted": 33503743,
          "layer": 0,
          "miss_ratio": 0.9962825268861409,
          "reinserted": 125014,
          "req": 33628757
        },
        {
          "admission_treshold": 2,
          "algorithm": "lru",
          "hit": 3631964,
          "inserted": 24359125,
          "layer": 1,
          "miss_ratio": 0.8915952763844923,
          "reinserted": 3628740,
          "req": 33503743
        }
      ],
      "miss_ratio": 0.8882807949160892,
      "req": 33628757
    }
  ],
  "trace": "w15.oracleGeneral.bin.zst"
}