{
  "cache_size": 27793,
  "results": [
    {
      "hit": 130306,
      "iteration": 0,
      "metrics": [
        {
          "admission_treshold": 32,
          "algorithm": "lru",
          "hit": 64718,
          "inserted": 33564039,
          "layer": 0,
          "miss_ratio": 0.9980755161423303,
          "reinserted": 64718,
          "req": 33628757
        },
        {
          "admission_treshold": 32,
          "algorithm": "lru",
          "hit": 65588,
          "inserted": 741,
          "layer": 1,
          "miss_ratio": 0.9980458847637497,
          "reinserted": 65573,
          "req": 33564039
        }
      ],
      "miss_ratio": 0.9961251615693081,
      "req": 33628757
    }
  ],
  "trace": "w15.oracleGeneral.bin.zst"
}