{
  "cache_size": 670033472,
  "results": [
    {
      "hit": 815144,
      "iteration": 0,
      "metrics": [
        {
          "admission_treshold": 2,
          "algorithm": "lru",
          "hit": 68615,
          "inserted": 33560142,
          "layer": 0,
          "miss_ratio": 0.9979596331794244,
          "reinserted": 68615,
          "req": 33628757
        },
        {
          "admission_treshold": 2,
          "algorithm": "lru",
          "hit": 746529,
          "inserted": 27292535,
          "layer": 1,
          "miss_ratio": 0.977755487446984,
          "reinserted": 744980,
          "req": 33560142
        }
      ],
      "miss_ratio": 0.9757605075917615,
      "req": 33628757
    }
  ],
  "trace": "w15.oracleGeneral.bin.zst"
}