{
  "cache_size": 27793,
  "results": [
    {
      "hit": 202202,
      "iteration": 0,
      "metrics": [
        {
          "admission_treshold": 4,
          "algorithm": "lru",
          "hit": 64718,
          "inserted": 33564039,
          "layer": 0,
          "miss_ratio": 0.9980755161423303,
          "reinserted": 64718,
          "req": 33628757
        },
        {
          "admission_treshold": 4,
          "algorithm": "fifo",
          "hit": 137484,
          "inserted": 18827701,
          "layer": 1,
          "miss_ratio": 0.995903830286933,
          "reinserted": 0,
          "req": 33564039
        }
      ],
      "miss_ratio": 0.9939872294417542,
      "req": 33628757
    }
  ],
  "trace": "w15.oracleGeneral.bin.zst"
}