{
  "cache_size": 2779380,
  "results": [
    {
      "hit": 6886771,
      "iteration": 0,
      "metrics": [
        {
          "admission_treshold": 4,
          "algorithm": "lru",
          "hit": 191697,
          "inserted": 33437060,
          "layer": 0,
          "miss_ratio": 0.9942996108955202,
          "reinserted": 191697,
          "req": 33628757
        },
        {
          "admission_treshold": 4,
          "algorithm": "fifo",
          "hit": 6695074,
          "inserted": 12158587,
          "layer": 1,
          "miss_ratio": 0.7997708530594496,
          "reinserted": 0,
          "req": 33437060
        }
      ],
      "miss_ratio": 0.7952118480025889,
      "req": 33628757
    }
  ],
  "trace": "w15.oracleGeneral.bin.zst"
}