{
  "cache_size": 1389690,
  "results": [
    {
      "hit": 300590,
      "iteration": 0,
      "metrics": [
        {
          "admission_treshold": 16,
          "algorithm": "lru",
          "hit": 171427,
          "inserted": 33457330,
          "layer": 0,
          "miss_ratio": 0.9949023688267753,
          "reinserted": 171427,
          "req": 33628757
        },
        {
          "admission_treshold": 16,
          "algorithm": "fifo",
          "hit": 129163,
          "inserted": 48199,
          "layer": 1,
          "miss_ratio": 0.9961394707826356,
          "reinserted": 0,
          "req": 33457330
        }
      ],
      "miss_ratio": 0.9910615191634945,
      "req": 33628757
    }
  ],
  "trace": "w15.oracleGeneral.bin.zst"
}