{
  "cache_size": 27793,
  "results": [
    {
      "hit": 191975,
      "iteration": 0,
      "metrics": [
        {
          "admission_treshold": 0,
          "algorithm": "lru",
          "hit": 64718,
          "inserted": 33564039,
          "layer": 0,
          "miss_ratio": 0.9980755161423303,
          "reinserted": 64718,
          "req": 33628757
        },
        {
          "admission_treshold": 0,
          "algorithm": "lru",
          "hit": 127257,
          "inserted": 33436800,
          "layer": 1,
          "miss_ratio": 0.996208531398739,
          "reinserted": 126962,
          "req": 33564039
        }
      ],
      "miss_ratio": 0.9942913441611891,
      "req": 33628757
    }
  ],
  "trace": "w15.oracleGeneral.bin.zst"
}