{
  "cache_size": 6700335104,
  "results": [
    {
      "hit": 3039050,
      "iteration": 0,
      "metrics": [
        {
          "admission_treshold": 0,
          "algorithm": "lru",
          "hit": 125014,
          "inserted": 33503743,
          "layer": 0,
          "miss_ratio": 0.9962825268861409,
          "reinserted": 125014,
          "req": 33628757
        },
        {
          "admission_treshold": 0,
          "algorithm": "lru",
          "hit": 2914036,
          "inserted": 30591716,
          "layer": 1,
          "miss_ratio": 0.9130235687397674,
          "reinserted": 2909678,
          "req": 33503743
        }
      ],
      "miss_ratio": 0.9096294281706576,
      "req": 33628757
    }
  ],
  "trace": "w15.oracleGeneral.bin.zst"
}