{
  "cache_size": 2779380,
  "results": [
    {
      "hit": 10311790,
      "iteration": 0,
      "metrics": [
        {
          "admission_treshold": 0,
          "algorithm": "lru",
          "hit": 191697,
          "inserted": 33437060,
          "layer": 0,
          "miss_ratio": 0.9942996108955202,
          "reinserted": 191697,
          "req": 33628757
        },
        {
          "admission_treshold": 0,
          "algorithm": "fifo",
          "hit": 10120093,
          "inserted": 23338864,
          "layer": 1,
          "miss_ratio": 0.6973390304051852,
          "reinserted": 0,
          "req": 33437060
        }
      ],
      "miss_ratio": 0.6933639265941349,
      "req": 33628757
    }
  ],
  "trace": "w15.oracleGeneral.bin.zst"
}