{
  "cache_size": 6700335104,
  "results": [
    {
      "hit": 2131492,
      "iteration": 0,
      "metrics": [
        {
          "admission_treshold": 8,
          "algorithm": "lru",
          "hit": 125014,
          "inserted": 33503743,
          "layer": 0,
          "miss_ratio": 0.9962825268861409,
          "reinserted": 125014,
          "req": 33628757
        },
        {
          "admission_treshold": 8,
          "algorithm": "fifo",
          "hit": 2006478,
          "inserted": 1582702,
          "layer": 1,
          "miss_ratio": 0.9401118257145179,
          "reinserted": 0,
          "req": 33503743
        }
      ],
      "miss_ratio": 0.9366169852784032,
      "req": 33628757
    }
  ],
  "trace": "w15.oracleGeneral.bin.zst"
}