{
  "cache_size": 16750837760,
  "results": [
    {
      "hit": 308261,
      "iteration": 0,
      "metrics": [
        {
          "admission_treshold": 16,
          "algorithm": "lru",
          "hit": 191319,
          "inserted": 33437438,
          "layer": 0,
          "miss_ratio": 0.994310851275294,
          "reinserted": 191319,
          "req": 33628757
        },
        {
          "admission_treshold": 16,
          "algorithm": "lru",
          "hit": 116942,
          "inserted": 48201,
          "layer": 1,
          "miss_ratio": 0.996502662674096,
          "reinserted": 116816,
          "req": 33437438
        }
      ],
      "miss_ratio": 0.9908334108215775,
      "req": 33628757
    }
  ],
  "trace": "w15.oracleGeneral.bin.zst"
}