{
  "cache_size": 27793,
  "results": [
    {
      "hit": 209076,
      "iteration": 0,
      "metrics": [
        {
          "admission_treshold": 16,
          "algorithm": "lru",
          "hit": 64718,
          "inserted": 33564039,
          "layer": 0,
          "miss_ratio": 0.9980755161423303,
          "reinserted": 64718,
          "req": 33628757
        },
        {
          "admission_treshold": 16,
          "algorithm": "fifo",
          "hit": 144358,
          "inserted": 89150,
          "layer": 1,
          "miss_ratio": 0.995699027760038,
          "reinserted": 0,
          "req": 33564039
        }
      ],
      "miss_ratio": 0.9937828210540164,
      "req": 33628757
    }
  ],
  "trace": "w15.oracleGeneral.bin.zst"
}