{
  "cache_size": 16750837760,
  "results": [
    {
      "hit": 2157132,
      "iteration": 0,
      "metrics": [
        {
          "admission_treshold": 8,
          "algorithm": "lru",
          "hit": 191319,
          "inserted": 33437438,
          "layer": 0,
          "miss_ratio": 0.994310851275294,
          "reinserted": 191319,
          "req": 33628757
        },
        {
          "admission_treshold": 8,
          "algorithm": "fifo",
          "hit": 1965813,
          "inserted": 1582318,
          "layer": 1,
          "miss_ratio": 0.9412092218309309,
          "reinserted": 0,
          "req": 33437438
        }
      ],
      "miss_ratio": 0.93585454258687,
      "req": 33628757
    }
  ],
  "trace": "w15.oracleGeneral.bin.zst"
}