{
  "cache_size": 24809994,
  "results": [
    {
      "hit": 2576797046,
      "iteration": 0,
      "metrics": [
        {
          "admission_treshold": 2,
          "algorithm": "lru",
          "hit": 1136440181,
          "inserted": 1519172430,
          "layer": 0,
          "miss_ratio": 0.5720610090897027,
          "reinserted": 1136440181,
          "req": 2655612611
        },
        {
          "admission_treshold": 2,
          "algorithm": "lru",
          "hit": 1440356865,
          "inserted": 30356453,
          "layer": 1,
          "miss_ratio": 0.051880591987836455,
          "reinserted": 1440113508,
          "req": 1519172430
        }
      ],
      "miss_ratio": 0.029678863804732836,
      "req": 2655612611
    }
  ],
  "trace": "wiki_2019u.oracleGeneral.zst"
}