{
  "dram_cache_size": 9188,
  "flash_cache_size": 91885,
  "results": [
    {
      "hit": 76865926,
      "iteration": 0,
      "metrics": [
        {
<<<<<<< HEAD
          "admission_treshold": 2,
=======
          "admission_treshold": 0,
>>>>>>> 160be2d8 (New results)
          "algorithm": "lru",
          "hit": 31384534,
          "inserted": 176261468,
          "layer": 0,
          "miss_ratio": 0.8488555825890642,
          "reinserted": 31384534,
          "req": 207646002
        },
        {
          "admission_treshold": 2,
          "algorithm": "fifo",
          "hit": 45481392,
          "inserted": 115914005,
          "layer": 1,
          "miss_ratio": 0.7419663383264231,
          "reinserted": 0,
          "req": 176261468
        }
      ],
      "miss_ratio": 0.6298222683815506,
      "req": 207646002
    }
  ],
  "trace": "wiki_2019t.oracleGeneral.zst"
}