{
  "dram_cache_size": 918855,
  "flash_cache_size": 9188558,
  "results": [
    {
      "hit": 186705483,
      "iteration": 0,
      "metrics": [
        {
          "admission_treshold": 0,
          "algorithm": "lru",
          "hit": 144170311,
          "inserted": 63475691,
          "layer": 0,
          "miss_ratio": 0.3056918524248784,
          "reinserted": 144170311,
          "req": 207646002
        },
        {
          "admission_treshold": 0,
          "algorithm": "lru",
          "hit": 42535172,
          "inserted": 20893952,
          "layer": 1,
          "miss_ratio": 0.3298982440380208,
          "reinserted": 41662884,
          "req": 63475691
        }
      ],
      "miss_ratio": 0.10084720533169711,
      "req": 207646002
    }
  ],
  "trace": "wiki_2019t.oracleGeneral.zst"
}