{
  "cache_size": 496199,
  "results": [
    {
      "hit": 1493825013,
      "iteration": 0,
      "metrics": [
        {
          "admission_treshold": 32,
          "algorithm": "lru",
          "hit": 379834307,
          "inserted": 2275778304,
          "layer": 0,
          "miss_ratio": 0.8569692336048331,
          "reinserted": 379834307,
          "req": 2655612611
        },
        {
          "admission_treshold": 32,
          "algorithm": "lru",
          "hit": 1113990706,
          "inserted": 798966618,
          "layer": 1,
          "miss_ratio": 0.5105012188392846,
          "reinserted": 1112469286,
          "req": 2275778304
        }
      ],
      "miss_ratio": 0.43748383826303494,
      "req": 2655612611
    }
  ],
  "trace": "wiki_2019u.oracleGeneral.zst"
}