{
  "cache_size": 496199,
  "results": [
    {
      "hit": 1323067720,
      "iteration": 0,
      "metrics": [
        {
          "admission_treshold": 4,
          "algorithm": "lru",
          "hit": 379834307,
          "inserted": 2275778304,
          "layer": 0,
          "miss_ratio": 0.8569692336048331,
          "reinserted": 379834307,
          "req": 2655612611
        },
        {
          "admission_treshold": 4,
          "algorithm": "fifo",
          "hit": 943233413,
          "inserted": 1237547641,
          "layer": 1,
          "miss_ratio": 0.5855337001226636,
          "reinserted": 0,
          "req": 2275778304
        }
      ],
      "miss_ratio": 0.5017843662439212,
      "req": 2655612611
    }
  ],
  "trace": "wiki_2019u.oracleGeneral.zst"
}