{
  "dram_cache_size": 459427,
  "flash_cache_size": 1837711,
  "results": [
    {
      "hit": 163788163,
      "iteration": 0,
      "metrics": [
        {
          "admission_treshold": 0,
          "algorithm": "lru",
          "hit": 125017227,
          "inserted": 82628775,
          "layer": 0,
          "miss_ratio": 0.39793097003620614,
          "reinserted": 125017227,
          "req": 207646002
        },
        {
          "admission_treshold": 0,
          "algorithm": "lru",
          "hit": 38770936,
          "inserted": 46879069,
          "layer": 1,
          "miss_ratio": 0.5307816677664652,
          "reinserted": 35290279,
          "req": 82628775
        }
      ],
      "miss_ratio": 0.2112144639317448,
      "req": 207646002
    }
  ],
  "trace": "wiki_2019t.oracleGeneral.zst"
}