{
  "dram_cache_size": 18377,
  "flash_cache_size": 1837711,
  "results": [
    {
      "hit": 158645774,
      "iteration": 0,
      "metrics": [
        {
          "admission_treshold": 8,
          "algorithm": "offline-clock",
          "hit": 158645774,
          "inserted": 2994503,
          "layer": 0,
          "miss_ratio": 0.23597963615018214,
          "reinserted": 5879048,
          "req": 207646002
        }
      ],
      "miss_ratio": 0.23597963615018214,
      "req": 207646002
    },
    {
      "hit": 158824548,
      "iteration": 1,
      "metrics": [
        {
          "admission_treshold": 8,
          "algorithm": "offline-clock",
          "hit": 158824548,
          "inserted": 2815729,
          "layer": 0,
          "miss_ratio": 0.235118680493545,
          "reinserted": 3150135,
          "req": 207646002
        }
      ],
      "miss_ratio": 0.235118680493545,
      "req": 207646002
    }
  ],
  "trace": "wiki_2019t.oracleGeneral.zst"
}