{
  "cache_size": 248099,
  "results": [
    {
      "hit": 1127758322,
      "iteration": 0,
      "metrics": [
        {
          "admission_treshold": 32,
          "algorithm": "lru",
          "hit": 311147220,
          "inserted": 2344465391,
          "layer": 0,
          "miss_ratio": 0.8828341081409332,
          "reinserted": 311147220,
          "req": 2655612611
        },
        {
          "admission_treshold": 32,
          "algorithm": "fifo",
          "hit": 816611102,
          "inserted": 1167062731,
          "layer": 1,
          "miss_ratio": 0.6516855803737476,
          "reinserted": 0,
          "req": 2344465391
        }
      ],
      "miss_ratio": 0.5753302581375639,
      "req": 2655612611
    }
  ],
  "trace": "wiki_2019u.oracleGeneral.zst"
}