{
  "dram_cache_size": 918,
  "flash_cache_size": 91885,
  "results": [
    {
      "hit": 84512151,
      "iteration": 0,
      "metrics": [
        {
          "admission_treshold": 0,
          "algorithm": "lru",
          "hit": 11684046,
          "inserted": 195961956,
          "layer": 0,
          "miss_ratio": 0.9437309368470287,
          "reinserted": 11684046,
          "req": 207646002
        },
        {
          "admission_treshold": 32,
          "algorithm": "fifo",
          "hit": 72828105,
          "inserted": 47319191,
          "layer": 1,
          "miss_ratio": 0.6283558988357925,
          "reinserted": 0,
          "req": 195961956
        }
      ],
      "miss_ratio": 0.5929989010816592,
      "req": 207646002
    }
  ],
  "trace": "wiki_2019t.oracleGeneral.zst"
}