{
  "dram_cache_size": 91885,
  "flash_cache_size": 183771,
  "results": [
    {
      "hit": 111331749,
      "iteration": 0,
      "metrics": [
        {
<<<<<<< HEAD
          "admission_treshold": 2,
=======
          "admission_treshold": 0,
>>>>>>> 160be2d8 (New results)
          "algorithm": "lru",
          "hit": 78261716,
          "inserted": 129384286,
          "layer": 0,
          "miss_ratio": 0.6231002993257727,
          "reinserted": 78261716,
          "req": 207646002
        },
        {
          "admission_treshold": 2,
          "algorithm": "offline-clock",
          "hit": 33070033,
          "inserted": 88290684,
          "layer": 1,
          "miss_ratio": 0.7444045639359945,
          "reinserted": 21420373,
          "req": 129384286
        }
      ],
      "miss_ratio": 0.46383870660798954,
      "req": 207646002
    },
    {
      "hit": 110518698,
      "iteration": 1,
      "metrics": [
        {
<<<<<<< HEAD
          "admission_treshold": 2,
=======
          "admission_treshold": 0,
>>>>>>> 160be2d8 (New results)
          "algorithm": "lru",
          "hit": 78261716,
          "inserted": 129384286,
          "layer": 0,
          "miss_ratio": 0.6231002993257727,
          "reinserted": 78261716,
          "req": 207646002
        },
        {
          "admission_treshold": 2,
          "algorithm": "offline-clock",
          "hit": 32256982,
          "inserted": 88247312,
          "layer": 1,
          "miss_ratio": 0.7506885650704136,
          "reinserted": 9525129,
          "req": 129384286
        }
      ],
      "miss_ratio": 0.46775426959580946,
      "req": 207646002
    }
  ],
  "trace": "wiki_2019t.oracleGeneral.zst"
}