{
  "cache_size": 183771,
  "results": [
    {
      "hit": 110167643,
      "iteration": 0,
      "metrics": [
        {
          "admission_treshold": 32,
          "algorithm": "lru",
          "hit": 15460617,
          "inserted": 192185385,
          "layer": 0,
          "miss_ratio": 0.9255433918732516,
          "reinserted": 15460617,
          "req": 207646002
        },
        {
          "admission_treshold": 32,
          "algorithm": "offline-clock",
          "hit": 94707026,
          "inserted": 21829444,
          "layer": 1,
          "miss_ratio": 0.5072100513782565,
          "reinserted": 24800688,
          "req": 192185385
        }
      ],
      "miss_ratio": 0.4694449113448378,
      "req": 207646002
    },
    {
      "hit": 112084230,
      "iteration": 1,
      "metrics": [
        {
          "admission_treshold": 32,
          "algorithm": "lru",
          "hit": 15460617,
          "inserted": 192185385,
          "layer": 0,
          "miss_ratio": 0.9255433918732516,
          "reinserted": 15460617,
          "req": 207646002
        },
        {
          "admission_treshold": 32,
          "algorithm": "offline-clock",
          "hit": 96623613,
          "inserted": 19903161,
          "layer": 1,
          "miss_ratio": 0.49723745642781314,
          "reinserted": 12524945,
          "req": 192185385
        }
      ],
      "miss_ratio": 0.4602148419886264,
      "req": 207646002
    }
  ],
  "trace": "wiki_2019t.oracleGeneral.zst"
}