{
  "cache_size": 496199,
  "results": [
    {
      "hit": 1341361277,
      "iteration": 0,
      "metrics": [
        {
          "admission_treshold": 8,
          "algorithm": "lru",
          "hit": 379834307,
          "inserted": 2275778304,
          "layer": 0,
          "miss_ratio": 0.8569692336048331,
          "reinserted": 379834307,
          "req": 2655612611
        },
        {
          "admission_treshold": 8,
          "algorithm": "fifo",
          "hit": 961526970,
          "inserted": 1155014329,
          "layer": 1,
          "miss_ratio": 0.5774953261879765,
          "reinserted": 0,
          "req": 2275778304
        }
      ],
      "miss_ratio": 0.49489572709368335,
      "req": 2655612611
    }
  ],
  "trace": "wiki_2019u.oracleGeneral.zst"
}