{
  "dram_cache_size": 918855,
  "flash_cache_size": 9188558,
  "results": [
    {
      "hit": 167567293,
      "iteration": 0,
      "metrics": [
        {
          "admission_treshold": 0,
          "algorithm": "lru",
          "hit": 144170311,
          "inserted": 63475691,
          "layer": 0,
          "miss_ratio": 0.3056918524248784,
          "reinserted": 144170311,
          "req": 207646002
        },
        {
          "admission_treshold": 8,
          "algorithm": "lru",
          "hit": 23396982,
          "inserted": 2416953,
          "layer": 1,
          "miss_ratio": 0.6314024844566087,
          "reinserted": 22826365,
          "req": 63475691
        }
      ],
      "miss_ratio": 0.19301459509921115,
      "req": 207646002
    }
  ],
  "trace": "wiki_2019t.oracleGeneral.zst"
}