{
  "dram_cache_size": 45942,
  "flash_cache_size": 183771,
  "results": [
    {
      "hit": 111167017,
      "iteration": 0,
      "metrics": [
        {
<<<<<<< HEAD
          "admission_treshold": 32,
=======
          "admission_treshold": 0,
>>>>>>> 160be2d8 (New results)
          "algorithm": "lru",
          "hit": 60818631,
          "inserted": 146827371,
          "layer": 0,
          "miss_ratio": 0.7071042523611892,
          "reinserted": 60818631,
          "req": 207646002
        },
        {
          "admission_treshold": 32,
          "algorithm": "fifo",
          "hit": 50348386,
          "inserted": 27086438,
          "layer": 1,
          "miss_ratio": 0.6570912789823091,
          "reinserted": 0,
          "req": 146827371
        }
      ],
      "miss_ratio": 0.4646320375578433,
      "req": 207646002
    }
  ],
  "trace": "wiki_2019t.oracleGeneral.zst"
}