{
  "cache_size": 42030313472,
  "results": [
    {
      "hit": 1576528379,
      "iteration": 0,
      "metrics": [
        {
          "admission_treshold": 1,
          "algorithm": "lru",
          "hit": 450106596,
          "inserted": 2205506015,
          "layer": 0,
          "miss_ratio": 0.8305074339022259,
          "reinserted": 450106596,
          "req": 2655612611
        },
        {
          "admission_treshold": 1,
          "algorithm": "lru",
          "hit": 1126421783,
          "inserted": 1081633756,
          "layer": 1,
          "miss_ratio": 0.48926832421266375,
          "reinserted": 1123861418,
          "req": 2205506015
        }
      ],
      "miss_ratio": 0.4063409804315017,
      "req": 2655612611
    }
  ],
  "trace": "wiki_2019u.oracleGeneral.zst"
}