{
  "dram_cache_size": 18377,
  "flash_cache_size": 183771,
  "results": [
    {
      "hit": 96093708,
      "iteration": 0,
      "metrics": [
        {
<<<<<<< HEAD
          "admission_treshold": 2,
=======
          "admission_treshold": 0,
>>>>>>> 160be2d8 (New results)
          "algorithm": "lru",
          "hit": 42234365,
          "inserted": 165411637,
          "layer": 0,
          "miss_ratio": 0.79660400588883,
          "reinserted": 42234365,
          "req": 207646002
        },
        {
          "admission_treshold": 2,
          "algorithm": "fifo",
          "hit": 53859343,
          "inserted": 96999865,
          "layer": 1,
          "miss_ratio": 0.6743920562251615,
          "reinserted": 0,
          "req": 165411637
        }
      ],
      "miss_ratio": 0.5372234135285687,
      "req": 207646002
    }
  ],
  "trace": "wiki_2019t.oracleGeneral.zst"
}