{
  "dram_cache_size": 1837,
  "flash_cache_size": 183771,
  "results": [
    {
      "hit": 101098568,
      "iteration": 0,
      "metrics": [
        {
          "admission_treshold": 2,
          "algorithm": "lru",
          "hit": 101098568,
          "inserted": 88152953,
          "layer": 0,
          "miss_ratio": 0.5131205656442159,
          "reinserted": 101098568,
          "req": 207646002
        }
      ],
      "miss_ratio": 0.5131205656442159,
      "req": 207646002
    }
  ],
  "trace": "wiki_2019t.oracleGeneral.zst"
}