{
  "cache_size": 183771,
  "results": [
    {
      "hit": 106405937,
      "iteration": 0,
      "metrics": [
        {
          "admission_treshold": 4,
          "algorithm": "lru",
          "hit": 15460617,
          "inserted": 192185385,
          "layer": 0,
          "miss_ratio": 0.9255433918732516,
          "reinserted": 15460617,
          "req": 207646002
        },
        {
          "admission_treshold": 4,
          "algorithm": "offline-clock",
          "hit": 90945320,
          "inserted": 69863909,
          "layer": 1,
          "miss_ratio": 0.5267833711704977,
          "reinserted": 35885454,
          "req": 192185385
        }
      ],
      "miss_ratio": 0.48756086813556854,
      "req": 207646002
    },
    {
      "hit": 108128891,
      "iteration": 1,
      "metrics": [
        {
          "admission_treshold": 4,
          "algorithm": "lru",
          "hit": 15460617,
          "inserted": 192185385,
          "layer": 0,
          "miss_ratio": 0.9255433918732516,
          "reinserted": 15460617,
          "req": 207646002
        },
        {
          "admission_treshold": 4,
          "algorithm": "offline-clock",
          "hit": 92668274,
          "inserted": 68125961,
          "layer": 1,
          "miss_ratio": 0.5178183086086385,
          "reinserted": 18077598,
          "req": 192185385
        }
      ],
      "miss_ratio": 0.47926331372370945,
      "req": 207646002
    }
  ],
  "trace": "wiki_2019t.oracleGeneral.zst"
}