{
  "cache_size": 9188558,
  "results": [
    {
      "hit": 186535539,
      "iteration": 0,
      "metrics": [
        {
          "admission_treshold": 1,
          "algorithm": "lru",
          "hit": 78261716,
          "inserted": 129384286,
          "layer": 0,
          "miss_ratio": 0.6231002993257727,
          "reinserted": 78261716,
          "req": 207646002
        },
        {
          "admission_treshold": 1,
          "algorithm": "lru",
          "hit": 108273823,
          "inserted": 21110898,
          "layer": 1,
          "miss_ratio": 0.1631609498544514,
          "reinserted": 108181503,
          "req": 129384286
        }
      ],
      "miss_ratio": 0.1016656366925861,
      "req": 207646002
    }
  ],
  "trace": "wiki_2019t.oracleGeneral.zst"
}