{
  "dram_cache_size": 45942,
  "flash_cache_size": 183771,
  "results": [
    {
      "hit": 110032109,
      "iteration": 0,
      "metrics": [
        {
          "admission_treshold": 0,
          "algorithm": "lru",
          "hit": 60818631,
          "inserted": 146827371,
          "layer": 0,
          "miss_ratio": 0.7071042523611892,
          "reinserted": 60818631,
          "req": 207646002
        },
        {
          "admission_treshold": 4,
          "algorithm": "offline-clock",
          "hit": 49213478,
          "inserted": 70124278,
          "layer": 1,
          "miss_ratio": 0.6648208187286824,
          "reinserted": 31020685,
          "req": 146827371
        }
      ],
      "miss_ratio": 0.4700976279812987,
      "req": 207646002
    },
    {
      "hit": 110494664,
      "iteration": 1,
      "metrics": [
        {
          "admission_treshold": 0,
          "algorithm": "lru",
          "hit": 60818631,
          "inserted": 146827371,
          "layer": 0,
          "miss_ratio": 0.7071042523611892,
          "reinserted": 60818631,
          "req": 207646002
        },
        {
          "admission_treshold": 4,
          "algorithm": "offline-clock",
          "hit": 49676033,
          "inserted": 69269044,
          "layer": 1,
          "miss_ratio": 0.6616704864926036,
          "reinserted": 16265247,
          "req": 146827371
        }
      ],
      "miss_ratio": 0.4678700146608168,
      "req": 207646002
    }
  ],
  "trace": "wiki_2019t.oracleGeneral.zst"
}