{
  "cache_size": 496199,
  "results": [
    {
      "hit": 1308819737,
      "iteration": 0,
      "metrics": [
        {
          "admission_treshold": 2,
          "algorithm": "lru",
          "hit": 379834307,
          "inserted": 2275778304,
          "layer": 0,
          "miss_ratio": 0.8569692336048331,
          "reinserted": 379834307,
          "req": 2655612611
        },
        {
          "admission_treshold": 2,
          "algorithm": "fifo",
          "hit": 928985430,
          "inserted": 1303029106,
          "layer": 1,
          "miss_ratio": 0.5917944079319248,
          "reinserted": 0,
          "req": 2275778304
        }
      ],
      "miss_ratio": 0.5071496002170477,
      "req": 2655612611
    }
  ],
  "trace": "wiki_2019u.oracleGeneral.zst"
}