{
  "dram_cache_size": 45942,
  "flash_cache_size": 183771,
  "results": [
    {
      "hit": 113246601,
      "iteration": 0,
      "metrics": [
        {
<<<<<<< HEAD
          "admission_treshold": 16,
=======
          "admission_treshold": 0,
>>>>>>> 160be2d8 (New results)
          "algorithm": "lru",
          "hit": 60818631,
          "inserted": 146827371,
          "layer": 0,
          "miss_ratio": 0.7071042523611892,
          "reinserted": 60818631,
          "req": 207646002
        },
        {
          "admission_treshold": 16,
          "algorithm": "lru",
          "hit": 52427970,
          "inserted": 39326021,
          "layer": 1,
          "miss_ratio": 0.6429278162312121,
          "reinserted": 50270920,
          "req": 146827371
        }
      ],
      "miss_ratio": 0.4546169928183833,
      "req": 207646002
    }
  ],
  "trace": "wiki_2019t.oracleGeneral.zst"
}