{
  "dram_cache_size": 459427,
  "flash_cache_size": 1837711,
  "results": [
    {
      "hit": 166216598,
      "iteration": 0,
      "metrics": [
        {
<<<<<<< HEAD
          "admission_treshold": 4,
=======
          "admission_treshold": 0,
>>>>>>> 160be2d8 (New results)
          "algorithm": "lru",
          "hit": 125017227,
          "inserted": 82628775,
          "layer": 0,
          "miss_ratio": 0.39793097003620614,
          "reinserted": 125017227,
          "req": 207646002
        },
        {
          "admission_treshold": 4,
          "algorithm": "fifo",
          "hit": 41199371,
          "inserted": 14092227,
          "layer": 1,
          "miss_ratio": 0.5013919666605247,
          "reinserted": 0,
          "req": 82628775
        }
      ],
      "miss_ratio": 0.19951939166158372,
      "req": 207646002
    }
  ],
  "trace": "wiki_2019t.oracleGeneral.zst"
}