{
  "dram_cache_size": 22971,
  "flash_cache_size": 91885,
  "results": [
    {
      "hit": 85744126,
      "iteration": 0,
      "metrics": [
        {
<<<<<<< HEAD
          "admission_treshold": 8,
=======
          "admission_treshold": 0,
>>>>>>> 160be2d8 (New results)
          "algorithm": "lru",
          "hit": 46293272,
          "inserted": 161352730,
          "layer": 0,
          "miss_ratio": 0.7770567622101388,
          "reinserted": 46293272,
          "req": 207646002
        },
        {
          "admission_treshold": 8,
          "algorithm": "fifo",
          "hit": 39450854,
          "inserted": 83374048,
          "layer": 1,
          "miss_ratio": 0.7554993088744144,
          "reinserted": 0,
          "req": 161352730
        }
      ],
      "miss_ratio": 0.5870658468059501,
      "req": 207646002
    }
  ],
  "trace": "wiki_2019t.oracleGeneral.zst"
}