{
  "dram_cache_size": 45942,
  "flash_cache_size": 4594279,
  "results": [
    {
      "hit": 171125659,
      "iteration": 0,
      "metrics": [
        {
          "admission_treshold": 4,
          "algorithm": "lru",
          "hit": 171125659,
          "inserted": 4372509,
          "layer": 0,
          "miss_ratio": 0.17587790108282464,
          "reinserted": 171125659,
          "req": 207646002
        }
      ],
      "miss_ratio": 0.17587790108282464,
      "req": 207646002
    }
  ],
  "trace": "wiki_2019t.oracleGeneral.zst"
}