{
  "dram_cache_size": 45942,
  "flash_cache_size": 183771,
  "results": [
    {
      "hit": 107563027,
      "iteration": 0,
      "metrics": [
        {
          "admission_treshold": 0,
          "algorithm": "lru",
          "hit": 60818631,
          "inserted": 146827371,
          "layer": 0,
          "miss_ratio": 0.7071042523611892,
          "reinserted": 60818631,
          "req": 207646002
        },
        {
          "admission_treshold": 2,
          "algorithm": "offline-clock",
          "hit": 46744396,
          "inserted": 86170301,
          "layer": 1,
          "miss_ratio": 0.6816370430006542,
          "reinserted": 30866554,
          "req": 146827371
        }
      ],
      "miss_ratio": 0.48198845167266935,
      "req": 207646002
    },
    {
      "hit": 107617896,
      "iteration": 1,
      "metrics": [
        {
          "admission_treshold": 0,
          "algorithm": "lru",
          "hit": 60818631,
          "inserted": 146827371,
          "layer": 0,
          "miss_ratio": 0.7071042523611892,
          "reinserted": 60818631,
          "req": 207646002
        },
        {
          "admission_treshold": 2,
          "algorithm": "offline-clock",
          "hit": 46799265,
          "inserted": 85689627,
          "layer": 1,
          "miss_ratio": 0.6812633456469094,
          "reinserted": 15993657,
          "req": 146827371
        }
      ],
      "miss_ratio": 0.4817242086847403,
      "req": 207646002
    }
  ],
  "trace": "wiki_2019t.oracleGeneral.zst"
}