{
  "dram_cache_size": 91885,
  "flash_cache_size": 9188558,
  "results": [
    {
      "hit": 186526267,
      "iteration": 0,
      "metrics": [
        {
          "admission_treshold": 0,
          "algorithm": "lru",
          "hit": 186526267,
          "inserted": 21119735,
          "layer": 0,
          "miss_ratio": 0.1017102896110661,
          "reinserted": 186526267,
          "req": 207646002
        }
      ],
      "miss_ratio": 0.1017102896110661,
      "req": 207646002
    }
  ],
  "trace": "wiki_2019t.oracleGeneral.zst"
}