{
  "cache_size": 1837711,
  "results": [
    {
      "hit": 148165231,
      "iteration": 0,
      "metrics": [
        {
          "admission_treshold": 16,
          "algorithm": "lru",
          "hit": 42234365,
          "inserted": 165411637,
          "layer": 0,
          "miss_ratio": 0.79660400588883,
          "reinserted": 42234365,
          "req": 207646002
        },
        {
          "admission_treshold": 16,
          "algorithm": "offline-clock",
          "hit": 105930866,
          "inserted": 1393497,
          "layer": 1,
          "miss_ratio": 0.3595924209371073,
          "reinserted": 0,
          "req": 165411637
        }
      ],
      "miss_ratio": 0.28645276300576206,
      "req": 207646002
    },
    {
      "hit": 148165231,
      "iteration": 1,
      "metrics": [
        {
          "admission_treshold": 16,
          "algorithm": "lru",
          "hit": 42234365,
          "inserted": 165411637,
          "layer": 0,
          "miss_ratio": 0.79660400588883,
          "reinserted": 42234365,
          "req": 207646002
        },
        {
          "admission_treshold": 16,
          "algorithm": "offline-clock",
          "hit": 105930866,
          "inserted": 1393497,
          "layer": 1,
          "miss_ratio": 0.3595924209371073,
          "reinserted": 0,
          "req": 165411637
        }
      ],
      "miss_ratio": 0.28645276300576206,
      "req": 207646002
    }
  ],
  "trace": "wiki_2019t.oracleGeneral.zst"
}