{
  "dram_cache_size": 9188,
  "flash_cache_size": 183771,
  "results": [
    {
      "hit": 90631499,
      "iteration": 0,
      "metrics": [
        {
          "admission_treshold": 0,
          "algorithm": "lru",
          "hit": 31384534,
          "inserted": 176261468,
          "layer": 0,
          "miss_ratio": 0.8488555825890642,
          "reinserted": 31384534,
          "req": 207646002
        },
        {
          "admission_treshold": 1,
          "algorithm": "fifo",
          "hit": 59246965,
          "inserted": 119004295,
          "layer": 1,
          "miss_ratio": 0.6638688780238685,
          "reinserted": 0,
          "req": 176261468
        }
      ],
      "miss_ratio": 0.5635288032176993,
      "req": 207646002
    }
  ],
  "trace": "wiki_2019t.oracleGeneral.zst"
}