{
  "dram_cache_size": 45942,
  "flash_cache_size": 91885,
  "results": [
    {
      "hit": 91053799,
      "iteration": 0,
      "metrics": [
        {
<<<<<<< HEAD
          "admission_treshold": 2,
=======
          "admission_treshold": 0,
>>>>>>> 160be2d8 (New results)
          "algorithm": "lru",
          "hit": 60818631,
          "inserted": 146827371,
          "layer": 0,
          "miss_ratio": 0.7071042523611892,
          "reinserted": 60818631,
          "req": 207646002
        },
        {
          "admission_treshold": 2,
          "algorithm": "offline-clock",
          "hit": 30235168,
          "inserted": 108643418,
          "layer": 1,
          "miss_ratio": 0.794076759707153,
          "reinserted": 19136278,
          "req": 146827371
        }
      ],
      "miss_ratio": 0.5614950534901221,
      "req": 207646002
    },
    {
      "hit": 90108443,
      "iteration": 1,
      "metrics": [
        {
<<<<<<< HEAD
          "admission_treshold": 2,
=======
          "admission_treshold": 0,
>>>>>>> 160be2d8 (New results)
          "algorithm": "lru",
          "hit": 60818631,
          "inserted": 146827371,
          "layer": 0,
          "miss_ratio": 0.7071042523611892,
          "reinserted": 60818631,
          "req": 207646002
        },
        {
          "admission_treshold": 2,
          "algorithm": "offline-clock",
          "hit": 29289812,
          "inserted": 108718196,
          "layer": 1,
          "miss_ratio": 0.8005153140009569,
          "reinserted": 7801933,
          "req": 146827371
        }
      ],
      "miss_ratio": 0.5660477826103293,
      "req": 207646002
    }
  ],
  "trace": "wiki_2019t.oracleGeneral.zst"
}