{
  "cache_size": 183771,
  "results": [
    {
      "hit": 95916446,
      "iteration": 0,
      "metrics": [
        {
          "admission_treshold": 4,
          "algorithm": "lru",
          "hit": 15460617,
          "inserted": 192185385,
          "layer": 0,
          "miss_ratio": 0.9255433918732516,
          "reinserted": 15460617,
          "req": 207646002
        },
        {
          "admission_treshold": 4,
          "algorithm": "fifo",
          "hit": 80455829,
          "inserted": 80578488,
          "layer": 1,
          "miss_ratio": 0.5813634371833217,
          "reinserted": 0,
          "req": 192185385
        }
      ],
      "miss_ratio": 0.5380770875617437,
      "req": 207646002
    }
  ],
  "trace": "wiki_2019t.oracleGeneral.zst"
}