{
  "dram_cache_size": 9188,
  "flash_cache_size": 91885,
  "results": [
    {
      "hit": 79243253,
      "iteration": 0,
      "metrics": [
        {
          "admission_treshold": 0,
          "algorithm": "lru",
          "hit": 31384534,
          "inserted": 176261468,
          "layer": 0,
          "miss_ratio": 0.8488555825890642,
          "reinserted": 31384534,
          "req": 207646002
        },
        {
          "admission_treshold": 4,
          "algorithm": "fifo",
          "hit": 47858719,
          "inserted": 100035573,
          "layer": 1,
          "miss_ratio": 0.728478835771412,
          "reinserted": 0,
          "req": 176261468
        }
      ],
      "miss_ratio": 0.6183733265425453,
      "req": 207646002
    }
  ],
  "trace": "wiki_2019t.oracleGeneral.zst"
}