{
  "cache_size": 24809994,
  "results": [
    {
      "hit": 2297738578,
      "iteration": 0,
      "metrics": [
        {
          "admission_treshold": 32,
          "algorithm": "lru",
          "hit": 1136440181,
          "inserted": 1519172430,
          "layer": 0,
          "miss_ratio": 0.5720610090897027,
          "reinserted": 1136440181,
          "req": 2655612611
        },
        {
          "admission_treshold": 32,
          "algorithm": "fifo",
          "hit": 1161298397,
          "inserted": 5952591,
          "layer": 1,
          "miss_ratio": 0.23557170070549527,
          "reinserted": 0,
          "req": 1519172430
        }
      ],
      "miss_ratio": 0.13476138481856303,
      "req": 2655612611
    }
  ],
  "trace": "wiki_2019u.oracleGeneral.zst"
}