{
  "dram_cache_size": 91885,
  "flash_cache_size": 9188558,
  "results": [
    {
      "hit": 162244278,
      "iteration": 0,
      "metrics": [
        {
          "admission_treshold": 0,
          "algorithm": "lru",
          "hit": 78261716,
          "inserted": 129384286,
          "layer": 0,
          "miss_ratio": 0.6231002993257727,
          "reinserted": 78261716,
          "req": 207646002
        },
        {
          "admission_treshold": 8,
          "algorithm": "lru",
          "hit": 83982562,
          "inserted": 2455024,
          "layer": 1,
          "miss_ratio": 0.3509060134242268,
          "reinserted": 83907137,
          "req": 129384286
        }
      ],
      "miss_ratio": 0.21864964199984938,
      "req": 207646002
    }
  ],
  "trace": "wiki_2019t.oracleGeneral.zst"
}