{
  "dram_cache_size": 9188,
  "flash_cache_size": 183771,
  "results": [
    {
      "hit": 110142379,
      "iteration": 0,
      "metrics": [
        {
          "admission_treshold": 0,
          "algorithm": "lru",
          "hit": 31384534,
          "inserted": 176261468,
          "layer": 0,
          "miss_ratio": 0.8488555825890642,
          "reinserted": 31384534,
          "req": 207646002
        },
        {
          "admission_treshold": 16,
          "algorithm": "lru",
          "hit": 78757845,
          "inserted": 39210153,
          "layer": 1,
          "miss_ratio": 0.553176052068283,
          "reinserted": 78399457,
          "req": 176261468
        }
      ],
      "miss_ratio": 0.46956657995274087,
      "req": 207646002
    }
  ],
  "trace": "wiki_2019t.oracleGeneral.zst"
}