{
  "dram_cache_size": 45942,
  "flash_cache_size": 183771,
  "results": [
    {
      "hit": 105804193,
      "iteration": 0,
      "metrics": [
        {
          "admission_treshold": 0,
          "algorithm": "lru",
          "hit": 60818631,
          "inserted": 146827371,
          "layer": 0,
          "miss_ratio": 0.7071042523611892,
          "reinserted": 60818631,
          "req": 207646002
        },
        {
          "admission_treshold": 2,
          "algorithm": "lru",
          "hit": 44985562,
          "inserted": 88751962,
          "layer": 1,
          "miss_ratio": 0.6936159675568938,
          "reinserted": 40347434,
          "req": 146827371
        }
      ],
      "miss_ratio": 0.49045880016510024,
      "req": 207646002
    }
  ],
  "trace": "wiki_2019t.oracleGeneral.zst"
}