{
  "dram_cache_size": 45942,
  "flash_cache_size": 91885,
  "results": [
    {
      "hit": 98238169,
      "iteration": 0,
      "metrics": [
        {
<<<<<<< HEAD
          "admission_treshold": 32,
=======
          "admission_treshold": 0,
>>>>>>> 160be2d8 (New results)
          "algorithm": "lru",
          "hit": 60818631,
          "inserted": 146827371,
          "layer": 0,
          "miss_ratio": 0.7071042523611892,
          "reinserted": 60818631,
          "req": 207646002
        },
        {
          "admission_treshold": 32,
          "algorithm": "lru",
          "hit": 37419538,
          "inserted": 42123977,
          "layer": 1,
          "miss_ratio": 0.7451460327516182,
          "reinserted": 32680039,
          "req": 146827371
        }
      ],
      "miss_ratio": 0.5268959283887392,
      "req": 207646002
    }
  ],
  "trace": "wiki_2019t.oracleGeneral.zst"
}