{
  "dram_cache_size": 229713,
  "flash_cache_size": 4594279,
  "results": [
    {
      "hit": 173471600,
      "iteration": 0,
      "metrics": [
        {
          "admission_treshold": 0,
          "algorithm": "lru",
          "hit": 104429431,
          "inserted": 103216571,
          "layer": 0,
          "miss_ratio": 0.4970795007168016,
          "reinserted": 104429431,
          "req": 207646002
        },
        {
          "admission_treshold": 4,
          "algorithm": "lru",
          "hit": 69042169,
          "inserted": 4366390,
          "layer": 1,
          "miss_ratio": 0.33109414185053676,
          "reinserted": 68849395,
          "req": 103216571
        }
      ],
      "miss_ratio": 0.16458011072132273,
      "req": 207646002
    }
  ],
  "trace": "wiki_2019t.oracleGeneral.zst"
}