{
  "dram_cache_size": 459427,
  "flash_cache_size": 4594279,
  "results": [
    {
      "hit": 174630498,
      "iteration": 0,
      "metrics": [
        {
          "admission_treshold": 1,
          "algorithm": "lru",
          "hit": 125017227,
          "inserted": 82628775,
          "layer": 0,
          "miss_ratio": 0.39793097003620614,
          "reinserted": 125017227,
          "req": 207646002
        },
        {
          "admission_treshold": 1,
          "algorithm": "fifo",
          "hit": 49613271,
          "inserted": 34787709,
          "layer": 1,
          "miss_ratio": 0.3995642438121586,
          "reinserted": 0,
          "req": 82628775
        }
      ],
      "miss_ratio": 0.15899898713195548,
      "req": 207646002
    }
  ],
  "trace": "wiki_2019t.oracleGeneral.zst"
}