{
  "dram_cache_size": 918,
  "flash_cache_size": 91885,
  "results": [
    {
      "hit": 80134062,
      "iteration": 0,
      "metrics": [
        {
          "admission_treshold": 16,
          "algorithm": "fifo",
          "hit": 80134062,
          "inserted": 66438212,
          "layer": 0,
          "miss_ratio": 0.6140832896941594,
          "reinserted": 0,
          "req": 207646002
        }
      ],
      "miss_ratio": 0.6140832896941594,
      "req": 207646002
    }
  ],
  "trace": "wiki_2019t.oracleGeneral.zst"
}