{
  "dram_cache_size": 18377,
  "flash_cache_size": 183771,
  "results": [
    {
      "hit": 112111330,
      "iteration": 0,
      "metrics": [
        {
          "admission_treshold": 0,
          "algorithm": "lru",
          "hit": 42234365,
          "inserted": 165411637,
          "layer": 0,
          "miss_ratio": 0.79660400588883,
          "reinserted": 42234365,
          "req": 207646002
        },
        {
          "admission_treshold": 32,
          "algorithm": "lru",
          "hit": 69876965,
          "inserted": 22494725,
          "layer": 1,
          "miss_ratio": 0.5775571400698973,
          "reinserted": 69433825,
          "req": 165411637
        }
      ],
      "miss_ratio": 0.4600843314093762,
      "req": 207646002
    }
  ],
  "trace": "wiki_2019t.oracleGeneral.zst"
}