{
  "dram_cache_size": 18377,
  "flash_cache_size": 1837711,
  "results": [
    {
      "hit": 160663204,
      "iteration": 0,
      "metrics": [
        {
          "admission_treshold": 0,
          "algorithm": "lru",
          "hit": 42234365,
          "inserted": 165411637,
          "layer": 0,
          "miss_ratio": 0.79660400588883,
          "reinserted": 42234365,
          "req": 207646002
        },
        {
          "admission_treshold": 8,
          "algorithm": "offline-clock",
          "hit": 118428839,
          "inserted": 2986058,
          "layer": 1,
          "miss_ratio": 0.28403562682835914,
          "reinserted": 5837319,
          "req": 165411637
        }
      ],
      "miss_ratio": 0.22626391814661573,
      "req": 207646002
    },
    {
      "hit": 160842825,
      "iteration": 1,
      "metrics": [
        {
          "admission_treshold": 0,
          "algorithm": "lru",
          "hit": 42234365,
          "inserted": 165411637,
          "layer": 0,
          "miss_ratio": 0.79660400588883,
          "reinserted": 42234365,
          "req": 207646002
        },
        {
          "admission_treshold": 8,
          "algorithm": "offline-clock",
          "hit": 118608460,
          "inserted": 2805676,
          "layer": 1,
          "miss_ratio": 0.28294972378515304,
          "reinserted": 3182012,
          "req": 165411637
        }
      ],
      "miss_ratio": 0.2253988834323909,
      "req": 207646002
    }
  ],
  "trace": "wiki_2019t.oracleGeneral.zst"
}