{
  "dram_cache_size": 1249,
  "flash_cache_size": 4999,
  "results": [
    {
      "hit": 55342334,
      "iteration": 0,
      "metrics": [
        {
<<<<<<< HEAD
          "admission_treshold": 8,
=======
          "admission_treshold": 0,
>>>>>>> 160be2d8 (New results)
          "algorithm": "lru",
          "hit": 42037752,
          "inserted": 57962248,
          "layer": 0,
          "miss_ratio": 0.57962248,
          "reinserted": 42037752,
          "req": 100000000
        },
        {
          "admission_treshold": 8,
          "algorithm": "lru",
          "hit": 13304582,
          "inserted": 39355907,
          "layer": 1,
          "miss_ratio": 0.7704612491910252,
          "reinserted": 11824425,
          "req": 57962248
        }
      ],
      "miss_ratio": 0.44657665999999996,
      "req": 100000000
    }
  ],
  "trace": "zipf_1_2.oracleGeneral"
}