{
  "dram_cache_size": 49991,
  "flash_cache_size": 99982,
  "results": [
    {
      "hit": 82168838,
      "iteration": 0,
      "metrics": [
        {
          "admission_treshold": 0,
          "algorithm": "lru",
          "hit": 71867511,
          "inserted": 28132489,
          "layer": 0,
          "miss_ratio": 0.28132489000000005,
          "reinserted": 71867511,
          "req": 100000000
        },
        {
          "admission_treshold": 16,
          "algorithm": "offline-clock",
          "hit": 10301327,
          "inserted": 7545867,
          "layer": 1,
          "miss_ratio": 0.6338280981821409,
          "reinserted": 5685377,
          "req": 28132489
        }
      ],
      "miss_ratio": 0.17831162,
      "req": 100000000
    },
    {
      "hit": 82308101,
      "iteration": 1,
      "metrics": [
        {
          "admission_treshold": 0,
          "algorithm": "lru",
          "hit": 71867511,
          "inserted": 28132489,
          "layer": 0,
          "miss_ratio": 0.28132489000000005,
          "reinserted": 71867511,
          "req": 100000000
        },
        {
          "admission_treshold": 16,
          "algorithm": "offline-clock",
          "hit": 10440590,
          "inserted": 7217566,
          "layer": 1,
          "miss_ratio": 0.6288778429807615,
          "reinserted": 2985852,
          "req": 28132489
        }
      ],
      "miss_ratio": 0.17691899,
      "req": 100000000
    }
  ],
  "trace": "zipf_1_4.oracleGeneral"
}