{
  "dram_cache_size": 499,
  "flash_cache_size": 9998,
  "results": [
    {
      "hit": 58459599,
      "iteration": 0,
      "metrics": [
        {
          "admission_treshold": 0,
          "algorithm": "lru",
          "hit": 34945775,
          "inserted": 65054225,
          "layer": 0,
          "miss_ratio": 0.65054225,
          "reinserted": 34945775,
          "req": 100000000
        },
        {
          "admission_treshold": 16,
          "algorithm": "fifo",
          "hit": 23513824,
          "inserted": 30069670,
          "layer": 1,
          "miss_ratio": 0.6385503939213787,
          "reinserted": 0,
          "req": 65054225
        }
      ],
      "miss_ratio": 0.41540401000000005,
      "req": 100000000
    }
  ],
  "trace": "zipf_1_4.oracleGeneral"
}