{
  "dram_cache_size": 499,
  "flash_cache_size": 9998,
  "results": [
    {
      "hit": 59815672,
      "iteration": 0,
      "metrics": [
        {
          "admission_treshold": 32,
          "algorithm": "lru",
          "hit": 34942302,
          "inserted": 65057698,
          "layer": 0,
          "miss_ratio": 0.6505769800000001,
          "reinserted": 34942302,
          "req": 100000000
        },
        {
          "admission_treshold": 32,
          "algorithm": "fifo",
          "hit": 24873370,
          "inserted": 23452998,
          "layer": 1,
          "miss_ratio": 0.6176721469609945,
          "reinserted": 0,
          "req": 65057698
        }
      ],
      "miss_ratio": 0.40184328,
      "req": 100000000
    }
  ],
  "trace": "zipf_1_3.oracleGeneral"
}