{
  "dram_cache_size": 50000,
  "flash_cache_size": 100001,
  "results": [
    {
      "hit": 15980450,
      "iteration": 0,
      "metrics": [
        {
          "admission_treshold": 0,
          "algorithm": "lru",
          "hit": 5575219,
          "inserted": 94424781,
          "layer": 0,
          "miss_ratio": 0.94424781,
          "reinserted": 5575219,
          "req": 100000000
        },
        {
          "admission_treshold": 4,
          "algorithm": "offline-clock",
          "hit": 10405231,
          "inserted": 85951920,
          "layer": 1,
          "miss_ratio": 0.8898040229502888,
          "reinserted": 5526834,
          "req": 94424781
        }
      ],
      "miss_ratio": 0.8401955,
      "req": 100000000
    },
    {
      "hit": 16167359,
      "iteration": 1,
      "metrics": [
        {
          "admission_treshold": 0,
          "algorithm": "lru",
          "hit": 5575219,
          "inserted": 94424781,
          "layer": 0,
          "miss_ratio": 0.94424781,
          "reinserted": 5575219,
          "req": 100000000
        },
        {
          "admission_treshold": 4,
          "algorithm": "offline-clock",
          "hit": 10592140,
          "inserted": 85607551,
          "layer": 1,
          "miss_ratio": 0.8878245743561746,
          "reinserted": 922724,
          "req": 94424781
        }
      ],
      "miss_ratio": 0.83832641,
      "req": 100000000
    }
  ],
  "trace": "zipf0.25.oracleGeneral"
}