{
  "dram_cache_size": 4999,
  "flash_cache_size": 499955,
  "results": [
    {
      "hit": 87475754,
      "iteration": 0,
      "metrics": [
        {
          "admission_treshold": 16,
          "algorithm": "lru",
          "hit": 87475754,
          "inserted": 462920,
          "layer": 0,
          "miss_ratio": 0.12524246000000006,
          "reinserted": 87475754,
          "req": 100000000
        }
      ],
      "miss_ratio": 0.12524246000000006,
      "req": 100000000
    }
  ],
  "trace": "zipf_1_0.oracleGeneral"
}