{
  "dram_cache_size": 2500,
  "flash_cache_size": 250002,
  "results": [
    {
      "hit": 25152039,
      "iteration": 0,
      "metrics": [
        {
          "admission_treshold": 0,
          "algorithm": "lru",
          "hit": 280747,
          "inserted": 99719253,
          "layer": 0,
          "miss_ratio": 0.99719253,
          "reinserted": 280747,
          "req": 100000000
        },
        {
          "admission_treshold": 16,
          "algorithm": "lru",
          "hit": 24871292,
          "inserted": 60042536,
          "layer": 1,
          "miss_ratio": 0.7505868600921027,
          "reinserted": 24711490,
          "req": 99719253
        }
      ],
      "miss_ratio": 0.74847961,
      "req": 100000000
    }
  ],
  "trace": "zipf0.25.oracleGeneral"
}