{
  "dram_cache_size": 49991,
  "flash_cache_size": 499917,
  "results": [
    {
      "hit": 91319181,
      "iteration": 0,
      "metrics": [
        {
          "admission_treshold": 0,
          "algorithm": "lru",
          "hit": 71882905,
          "inserted": 28117095,
          "layer": 0,
          "miss_ratio": 0.28117095000000003,
          "reinserted": 71882905,
          "req": 100000000
        },
        {
          "admission_treshold": 8,
          "algorithm": "offline-clock",
          "hit": 19436276,
          "inserted": 2281108,
          "layer": 1,
          "miss_ratio": 0.3087381182159822,
          "reinserted": 4083156,
          "req": 28117095
        }
      ],
      "miss_ratio": 0.08680818999999995,
      "req": 100000000
    },
    {
      "hit": 91584166,
      "iteration": 1,
      "metrics": [
        {
          "admission_treshold": 0,
          "algorithm": "lru",
          "hit": 71882905,
          "inserted": 28117095,
          "layer": 0,
          "miss_ratio": 0.28117095000000003,
          "reinserted": 71882905,
          "req": 100000000
        },
        {
          "admission_treshold": 8,
          "algorithm": "offline-clock",
          "hit": 19701261,
          "inserted": 1993329,
          "layer": 1,
          "miss_ratio": 0.29931378045989454,
          "reinserted": 2172688,
          "req": 28117095
        }
      ],
      "miss_ratio": 0.08415834,
      "req": 100000000
    }
  ],
  "trace": "zipf_1_2.oracleGeneral"
}