{
  "cache_size": 4999,
  "results": [
    {
      "hit": 53495847,
      "iteration": 0,
      "metrics": [
        {
          "admission_treshold": 4,
          "algorithm": "lru",
          "hit": 17361619,
          "inserted": 82638381,
          "layer": 0,
          "miss_ratio": 0.82638381,
          "reinserted": 17361619,
          "req": 100000000
        },
        {
          "admission_treshold": 4,
          "algorithm": "lru",
          "hit": 36134228,
          "inserted": 43547292,
          "layer": 1,
          "miss_ratio": 0.562742788971144,
          "reinserted": 36096579,
          "req": 82638381
        }
      ],
      "miss_ratio": 0.46504153000000004,
      "req": 100000000
    }
  ],
  "trace": "zipf_1_11.oracleGeneral"
}