{
  "dram_cache_size": 24997,
  "flash_cache_size": 499955,
  "results": [
    {
      "hit": 87833439,
      "iteration": 0,
      "metrics": [
        {
          "admission_treshold": 16,
          "algorithm": "lru",
          "hit": 66029706,
          "inserted": 33970294,
          "layer": 0,
          "miss_ratio": 0.33970294,
          "reinserted": 66029706,
          "req": 100000000
        },
        {
          "admission_treshold": 16,
          "algorithm": "fifo",
          "hit": 21803733,
          "inserted": 462243,
          "layer": 1,
          "miss_ratio": 0.35815294975074397,
          "reinserted": 0,
          "req": 33970294
        }
      ],
      "miss_ratio": 0.12166560999999998,
      "req": 100000000
    }
  ],
  "trace": "zipf_1_0.oracleGeneral"
}