{
  "cache_size": 399933600,
  "results": [
    {
      "hit": 79323323,
      "iteration": 0,
      "metrics": [
        {
          "admission_treshold": 32,
          "algorithm": "lru",
          "hit": 40302164,
          "inserted": 59697836,
          "layer": 0,
          "miss_ratio": 0.59697836,
          "reinserted": 40302164,
          "req": 100000000
        },
        {
          "admission_treshold": 32,
          "algorithm": "fifo",
          "hit": 39021159,
          "inserted": 3502998,
          "layer": 1,
          "miss_ratio": 0.3463555529885539,
          "reinserted": 0,
          "req": 59697836
        }
      ],
      "miss_ratio": 0.20676677,
      "req": 100000000
    }
  ],
  "trace": "zipf_1_19.oracleGeneral"
}