{
  "dram_cache_size": 12500,
  "flash_cache_size": 250002,
  "results": [
    {
      "hit": 25797477,
      "iteration": 0,
      "metrics": [
        {
          "admission_treshold": 0,
          "algorithm": "lru",
          "hit": 1251542,
          "inserted": 98748458,
          "layer": 0,
          "miss_ratio": 0.9874845800000001,
          "reinserted": 1251542,
          "req": 100000000
        },
        {
          "admission_treshold": 2,
          "algorithm": "offline-clock",
          "hit": 24545935,
          "inserted": 74133773,
          "layer": 1,
          "miss_ratio": 0.7514296881476367,
          "reinserted": 21101261,
          "req": 98748458
        }
      ],
      "miss_ratio": 0.74202523,
      "req": 100000000
    },
    {
      "hit": 28761751,
      "iteration": 1,
      "metrics": [
        {
          "admission_treshold": 0,
          "algorithm": "lru",
          "hit": 1251542,
          "inserted": 98748458,
          "layer": 0,
          "miss_ratio": 0.9874845800000001,
          "reinserted": 1251542,
          "req": 100000000
        },
        {
          "admission_treshold": 2,
          "algorithm": "offline-clock",
          "hit": 27510209,
          "inserted": 71124848,
          "layer": 1,
          "miss_ratio": 0.721411254847139,
          "reinserted": 6842917,
          "req": 98748458
        }
      ],
      "miss_ratio": 0.71238249,
      "req": 100000000
    }
  ],
  "trace": "zipf0.oracleGeneral"
}