{
  "cache_size": 19998220,
  "results": [
    {
      "hit": 53148679,
      "iteration": 0,
      "metrics": [
        {
          "admission_treshold": 2,
          "algorithm": "lru",
          "hit": 17360782,
          "inserted": 82639218,
          "layer": 0,
          "miss_ratio": 0.82639218,
          "reinserted": 17360782,
          "req": 100000000
        },
        {
          "admission_treshold": 2,
          "algorithm": "lru",
          "hit": 35787897,
          "inserted": 45891021,
          "layer": 1,
          "miss_ratio": 0.566938097115101,
          "reinserted": 35748303,
          "req": 82639218
        }
      ],
      "miss_ratio": 0.46851321,
      "req": 100000000
    }
  ],
  "trace": "zipf_1_18.oracleGeneral"
}