{
  "dram_cache_size": 2499,
  "flash_cache_size": 4999,
  "results": [
    {
      "hit": 58501691,
      "iteration": 0,
      "metrics": [
        {
          "admission_treshold": 0,
          "algorithm": "lru",
          "hit": 47459567,
          "inserted": 52540433,
          "layer": 0,
          "miss_ratio": 0.52540433,
          "reinserted": 47459567,
          "req": 100000000
        },
        {
          "admission_treshold": 32,
          "algorithm": "offline-clock",
          "hit": 11042124,
          "inserted": 26355024,
          "layer": 1,
          "miss_ratio": 0.7898356871173864,
          "reinserted": 7221478,
          "req": 52540433
        }
      ],
      "miss_ratio": 0.41498309,
      "req": 100000000
    },
    {
      "hit": 58328023,
      "iteration": 1,
      "metrics": [
        {
          "admission_treshold": 0,
          "algorithm": "lru",
          "hit": 47459567,
          "inserted": 52540433,
          "layer": 0,
          "miss_ratio": 0.52540433,
          "reinserted": 47459567,
          "req": 100000000
        },
        {
          "admission_treshold": 32,
          "algorithm": "offline-clock",
          "hit": 10868456,
          "inserted": 26340810,
          "layer": 1,
          "miss_ratio": 0.7931411033479683,
          "reinserted": 3602839,
          "req": 52540433
        }
      ],
      "miss_ratio": 0.41671977000000004,
      "req": 100000000
    }
  ],
  "trace": "zipf_1_1.oracleGeneral"
}