{
  "cache_size": 499928,
  "results": [
    {
      "hit": 90798645,
      "iteration": 0,
      "metrics": [
        {
          "admission_treshold": 4,
          "algorithm": "lru",
          "hit": 52951810,
          "inserted": 47048190,
          "layer": 0,
          "miss_ratio": 0.4704819,
          "reinserted": 52951810,
          "req": 100000000
        },
        {
          "admission_treshold": 4,
          "algorithm": "fifo",
          "hit": 37846835,
          "inserted": 6270963,
          "layer": 1,
          "miss_ratio": 0.19557298591082883,
          "reinserted": 0,
          "req": 47048190
        }
      ],
      "miss_ratio": 0.09201355,
      "req": 100000000
    }
  ],
  "trace": "zipf_1_15.oracleGeneral"
}