{
  "cache_size": 1999667968,
  "results": [
    {
      "hit": 92093162,
      "iteration": 0,
      "metrics": [
        {
          "admission_treshold": 4,
          "algorithm": "lru",
          "hit": 52941335,
          "inserted": 47058665,
          "layer": 0,
          "miss_ratio": 0.47058665,
          "reinserted": 52941335,
          "req": 100000000
        },
        {
          "admission_treshold": 4,
          "algorithm": "lru",
          "hit": 39151827,
          "inserted": 4934916,
          "layer": 1,
          "miss_ratio": 0.1680208735203177,
          "reinserted": 39139185,
          "req": 47058665
        }
      ],
      "miss_ratio": 0.07906838000000005,
      "req": 100000000
    }
  ],
  "trace": "zipf_1_19.oracleGeneral"
}