{
  "dram_cache_size": 24995,
  "flash_cache_size": 249958,
  "results": [
    {
      "hit": 84759769,
      "iteration": 0,
      "metrics": [
        {
          "admission_treshold": 0,
          "algorithm": "lru",
          "hit": 66034220,
          "inserted": 33965780,
          "layer": 0,
          "miss_ratio": 0.3396578,
          "reinserted": 66034220,
          "req": 100000000
        },
        {
          "admission_treshold": 0,
          "algorithm": "fifo",
          "hit": 18725549,
          "inserted": 16142269,
          "layer": 1,
          "miss_ratio": 0.44869368523260766,
          "reinserted": 0,
          "req": 33965780
        }
      ],
      "miss_ratio": 0.15240231000000004,
      "req": 100000000
    }
  ],
  "trace": "zipf_1_2.oracleGeneral"
}