{
  "dram_cache_size": 249,
  "flash_cache_size": 4999,
  "results": [
    {
      "hit": 50453585,
      "iteration": 0,
      "metrics": [
        {
          "admission_treshold": 0,
          "algorithm": "lru",
          "hit": 29627526,
          "inserted": 70372474,
          "layer": 0,
          "miss_ratio": 0.70372474,
          "reinserted": 29627526,
          "req": 100000000
        },
        {
          "admission_treshold": 2,
          "algorithm": "fifo",
          "hit": 20826059,
          "inserted": 49359481,
          "layer": 1,
          "miss_ratio": 0.7040595872755588,
          "reinserted": 0,
          "req": 70372474
        }
      ],
      "miss_ratio": 0.49546415,
      "req": 100000000
    }
  ],
  "trace": "zipf_1_2.oracleGeneral"
}