{
  "cache_size": 399960032,
  "results": [
    {
      "hit": 79295828,
      "iteration": 0,
      "metrics": [
        {
          "admission_treshold": 8,
          "algorithm": "lru",
          "hit": 40307900,
          "inserted": 59692100,
          "layer": 0,
          "miss_ratio": 0.596921,
          "reinserted": 40307900,
          "req": 100000000
        },
        {
          "admission_treshold": 8,
          "algorithm": "lru",
          "hit": 38987928,
          "inserted": 13941177,
          "layer": 1,
          "miss_ratio": 0.34684944908957804,
          "reinserted": 38967767,
          "req": 59692100
        }
      ],
      "miss_ratio": 0.20704171999999998,
      "req": 100000000
    }
  ],
  "trace": "zipf_1_10.oracleGeneral"
}