{
  "dram_cache_size": 25000,
  "flash_cache_size": 250002,
  "results": [
    {
      "hit": 57761565,
      "iteration": 0,
      "metrics": [
        {
          "admission_treshold": 0,
          "algorithm": "lru",
          "hit": 24416303,
          "inserted": 75583697,
          "layer": 0,
          "miss_ratio": 0.75583697,
          "reinserted": 24416303,
          "req": 100000000
        },
        {
          "admission_treshold": 8,
          "algorithm": "fifo",
          "hit": 33345262,
          "inserted": 37114711,
          "layer": 1,
          "miss_ratio": 0.5588299683197555,
          "reinserted": 0,
          "req": 75583697
        }
      ],
      "miss_ratio": 0.42238434999999996,
      "req": 100000000
    }
  ],
  "trace": "zipf0.75.oracleGeneral"
}