{
  "dram_cache_size": 5000,
  "flash_cache_size": 100001,
  "results": [
    {
      "hit": 20444446,
      "iteration": 0,
      "metrics": [
        {
          "admission_treshold": 0,
          "algorithm": "lru",
          "hit": 1543695,
          "inserted": 98456305,
          "layer": 0,
          "miss_ratio": 0.98456305,
          "reinserted": 1543695,
          "req": 100000000
        },
        {
          "admission_treshold": 16,
          "algorithm": "offline-clock",
          "hit": 18900751,
          "inserted": 65090134,
          "layer": 1,
          "miss_ratio": 0.808029043950004,
          "reinserted": 13079632,
          "req": 98456305
        }
      ],
      "miss_ratio": 0.7955555400000001,
      "req": 100000000
    },
    {
      "hit": 21348555,
      "iteration": 1,
      "metrics": [
        {
          "admission_treshold": 0,
          "algorithm": "lru",
          "hit": 1543695,
          "inserted": 98456305,
          "layer": 0,
          "miss_ratio": 0.98456305,
          "reinserted": 1543695,
          "req": 100000000
        },
        {
          "admission_treshold": 16,
          "algorithm": "offline-clock",
          "hit": 19804860,
          "inserted": 64151090,
          "layer": 1,
          "miss_ratio": 0.7988461988290135,
          "reinserted": 4577580,
          "req": 98456305
        }
      ],
      "miss_ratio": 0.78651445,
      "req": 100000000
    }
  ],
  "trace": "zipf0.5.oracleGeneral"
}