{
  "dram_cache_size": 99,
  "flash_cache_size": 9998,
  "results": [
    {
      "hit": 59470629,
      "iteration": 0,
      "metrics": [
        {
          "admission_treshold": 0,
          "algorithm": "offline-clock",
          "hit": 59470629,
          "inserted": 40529371,
          "layer": 0,
          "miss_ratio": 0.40529371000000003,
          "reinserted": 10439828,
          "req": 100000000
        }
      ],
      "miss_ratio": 0.40529371000000003,
      "req": 100000000
    },
    {
      "hit": 59618392,
      "iteration": 1,
      "metrics": [
        {
          "admission_treshold": 0,
          "algorithm": "offline-clock",
          "hit": 59618392,
          "inserted": 40381608,
          "layer": 0,
          "miss_ratio": 0.40381608,
          "reinserted": 6047593,
          "req": 100000000
        }
      ],
      "miss_ratio": 0.40381608,
      "req": 100000000
    }
  ],
  "trace": "zipf_1_4.oracleGeneral"
}