{
  "cache_size": 499911,
  "results": [
    {
      "hit": 82685494,
      "iteration": 0,
      "metrics": [
        {
          "admission_treshold": 32,
          "algorithm": "lru",
          "hit": 52939492,
          "inserted": 47060508,
          "layer": 0,
          "miss_ratio": 0.47060508,
          "reinserted": 52939492,
          "req": 100000000
        },
        {
          "admission_treshold": 32,
          "algorithm": "fifo",
          "hit": 29746002,
          "inserted": 224390,
          "layer": 1,
          "miss_ratio": 0.36792008280063615,
          "reinserted": 0,
          "req": 47060508
        }
      ],
      "miss_ratio": 0.17314505999999996,
      "req": 100000000
    }
  ],
  "trace": "zipf_1_4.oracleGeneral"
}