{
  "dram_cache_size": 124979,
  "flash_cache_size": 499917,
  "results": [
    {
      "hit": 93615303,
      "iteration": 0,
      "metrics": [
        {
          "admission_treshold": 0,
          "algorithm": "lru",
          "hit": 79901218,
          "inserted": 20098782,
          "layer": 0,
          "miss_ratio": 0.20098782000000004,
          "reinserted": 79901218,
          "req": 100000000
        },
        {
          "admission_treshold": 0,
          "algorithm": "lru",
          "hit": 13714085,
          "inserted": 7025481,
          "layer": 1,
          "miss_ratio": 0.31766586651867756,
          "reinserted": 12948322,
          "req": 20098782
        }
      ],
      "miss_ratio": 0.06384696999999995,
      "req": 100000000
    }
  ],
  "trace": "zipf_1_3.oracleGeneral"
}