{
  "dram_cache_size": 49995,
  "flash_cache_size": 99991,
  "results": [
    {
      "hit": 82062577,
      "iteration": 0,
      "metrics": [
        {
<<<<<<< HEAD
          "admission_treshold": 16,
=======
          "admission_treshold": 0,
>>>>>>> 160be2d8 (New results)
          "algorithm": "lru",
          "hit": 71882848,
          "inserted": 28117152,
          "layer": 0,
          "miss_ratio": 0.28117152,
          "reinserted": 71882848,
          "req": 100000000
        },
        {
          "admission_treshold": 16,
          "algorithm": "lru",
          "hit": 10179729,
          "inserted": 7835010,
          "layer": 1,
          "miss_ratio": 0.6379530544203054,
          "reinserted": 8889004,
          "req": 28117152
        }
      ],
      "miss_ratio": 0.17937422999999997,
      "req": 100000000
    }
  ],
  "trace": "zipf_1_0.oracleGeneral"
}