{
  "cache_size": 999910976,
  "results": [
    {
      "hit": 82625077,
      "iteration": 0,
      "metrics": [
        {
          "admission_treshold": 32,
          "algorithm": "lru",
          "hit": 47462770,
          "inserted": 52537230,
          "layer": 0,
          "miss_ratio": 0.5253723,
          "reinserted": 47462770,
          "req": 100000000
        },
        {
          "admission_treshold": 32,
          "algorithm": "lru",
          "hit": 35162307,
          "inserted": 223956,
          "layer": 1,
          "miss_ratio": 0.3307163891206293,
          "reinserted": 35160279,
          "req": 52537230
        }
      ],
      "miss_ratio": 0.17374922999999998,
      "req": 100000000
    }
  ],
  "trace": "zipf_1_18.oracleGeneral"
}