{
  "cache_size": 19997780,
  "results": [
    {
      "hit": 49777936,
      "iteration": 0,
      "metrics": [
        {
          "admission_treshold": 2,
          "algorithm": "lru",
          "hit": 17361619,
          "inserted": 82638381,
          "layer": 0,
          "miss_ratio": 0.82638381,
          "reinserted": 17361619,
          "req": 100000000
        },
        {
          "admission_treshold": 2,
          "algorithm": "fifo",
          "hit": 32416317,
          "inserted": 49427221,
          "layer": 1,
          "miss_ratio": 0.6077329128701106,
          "reinserted": 0,
          "req": 82638381
        }
      ],
      "miss_ratio": 0.50222064,
      "req": 100000000
    }
  ],
  "trace": "zipf_1_11.oracleGeneral"
}