{
  "cache_size": 19997120,
  "results": [
    {
      "hit": 49781970,
      "iteration": 0,
      "metrics": [
        {
          "admission_treshold": 2,
          "algorithm": "lru",
          "hit": 17373685,
          "inserted": 82626315,
          "layer": 0,
          "miss_ratio": 0.82626315,
          "reinserted": 17373685,
          "req": 100000000
        },
        {
          "admission_treshold": 2,
          "algorithm": "fifo",
          "hit": 32408285,
          "inserted": 49423391,
          "layer": 1,
          "miss_ratio": 0.6077728384716177,
          "reinserted": 0,
          "req": 82626315
        }
      ],
      "miss_ratio": 0.5021803,
      "req": 100000000
    }
  ],
  "trace": "zipf_1_15.oracleGeneral"
}