{
  "dram_cache_size": 24998,
  "flash_cache_size": 99993,
  "results": [
    {
      "hit": 80616990,
      "iteration": 0,
      "metrics": [
        {
<<<<<<< HEAD
          "admission_treshold": 8,
=======
          "admission_treshold": 0,
>>>>>>> 160be2d8 (New results)
          "algorithm": "lru",
          "hit": 66035778,
          "inserted": 33964222,
          "layer": 0,
          "miss_ratio": 0.33964222,
          "reinserted": 66035778,
          "req": 100000000
        },
        {
          "admission_treshold": 8,
          "algorithm": "offline-clock",
          "hit": 14581212,
          "inserted": 13495450,
          "layer": 1,
          "miss_ratio": 0.5706890621548758,
          "reinserted": 8013324,
          "req": 33964222
        }
      ],
      "miss_ratio": 0.1938301,
      "req": 100000000
    },
    {
      "hit": 80830824,
      "iteration": 1,
      "metrics": [
        {
<<<<<<< HEAD
          "admission_treshold": 8,
=======
          "admission_treshold": 0,
>>>>>>> 160be2d8 (New results)
          "algorithm": "lru",
          "hit": 66035778,
          "inserted": 33964222,
          "layer": 0,
          "miss_ratio": 0.33964222,
          "reinserted": 66035778,
          "req": 100000000
        },
        {
          "admission_treshold": 8,
          "algorithm": "offline-clock",
          "hit": 14795046,
          "inserted": 13170568,
          "layer": 1,
          "miss_ratio": 0.5643932017639033,
          "reinserted": 4415943,
          "req": 33964222
        }
      ],
      "miss_ratio": 0.19169176,
      "req": 100000000
    }
  ],
  "trace": "zipf_1_1.oracleGeneral"
}