{
  "cache_size": 249964,
  "results": [
    {
      "hit": 86752800,
      "iteration": 0,
      "metrics": [
        {
          "admission_treshold": 1,
          "algorithm": "lru",
          "hit": 47461932,
          "inserted": 52538068,
          "layer": 0,
          "miss_ratio": 0.52538068,
          "reinserted": 47461932,
          "req": 100000000
        },
        {
          "admission_treshold": 1,
          "algorithm": "offline-clock",
          "hit": 39290868,
          "inserted": 13265350,
          "layer": 1,
          "miss_ratio": 0.25214478766139625,
          "reinserted": 9819196,
          "req": 52538068
        }
      ],
      "miss_ratio": 0.13247200000000003,
      "req": 100000000
    },
    {
      "hit": 87342076,
      "iteration": 1,
      "metrics": [
        {
          "admission_treshold": 1,
          "algorithm": "lru",
          "hit": 47461932,
          "inserted": 52538068,
          "layer": 0,
          "miss_ratio": 0.52538068,
          "reinserted": 47461932,
          "req": 100000000
        },
        {
          "admission_treshold": 1,
          "algorithm": "offline-clock",
          "hit": 39880144,
          "inserted": 12672524,
          "layer": 1,
          "miss_ratio": 0.24092861579911917,
          "reinserted": 5569793,
          "req": 52538068
        }
      ],
      "miss_ratio": 0.12657923999999998,
      "req": 100000000
    }
  ],
  "trace": "zipf_1_15.oracleGeneral"
}