{
  "cache_size": 99996,
  "results": [
    {
      "hit": 80089748,
      "iteration": 0,
      "metrics": [
        {
          "admission_treshold": 32,
          "algorithm": "lru",
          "hit": 40295096,
          "inserted": 59704904,
          "layer": 0,
          "miss_ratio": 0.5970490399999999,
          "reinserted": 40295096,
          "req": 100000000
        },
        {
          "admission_treshold": 32,
          "algorithm": "lru",
          "hit": 39794652,
          "inserted": 2710722,
          "layer": 1,
          "miss_ratio": 0.3334776654192426,
          "reinserted": 39789869,
          "req": 59704904
        }
      ],
      "miss_ratio": 0.19910251999999995,
      "req": 100000000
    }
  ],
  "trace": "zipf_1_6.oracleGeneral"
}