{
  "cache_size": 39997320,
  "results": [
    {
      "hit": 59416749,
      "iteration": 0,
      "metrics": [
        {
          "admission_treshold": 32,
          "algorithm": "lru",
          "hit": 22637679,
          "inserted": 77362321,
          "layer": 0,
          "miss_ratio": 0.77362321,
          "reinserted": 22637679,
          "req": 100000000
        },
        {
          "admission_treshold": 32,
          "algorithm": "fifo",
          "hit": 36779070,
          "inserted": 23479540,
          "layer": 1,
          "miss_ratio": 0.5245867817228493,
          "reinserted": 0,
          "req": 77362321
        }
      ],
      "miss_ratio": 0.40583251,
      "req": 100000000
    }
  ],
  "trace": "zipf_1_1.oracleGeneral"
}