{
  "dram_cache_size": 499,
  "flash_cache_size": 4999,
  "results": [
    {
      "hit": 53944309,
      "iteration": 0,
      "metrics": [
        {
          "admission_treshold": 0,
          "algorithm": "lru",
          "hit": 34944992,
          "inserted": 65055008,
          "layer": 0,
          "miss_ratio": 0.6505500799999999,
          "reinserted": 34944992,
          "req": 100000000
        },
        {
          "admission_treshold": 4,
          "algorithm": "lru",
          "hit": 18999317,
          "inserted": 43583512,
          "layer": 1,
          "miss_ratio": 0.7079499705848933,
          "reinserted": 18477899,
          "req": 65055008
        }
      ],
      "miss_ratio": 0.46055691,
      "req": 100000000
    }
  ],
  "trace": "zipf_1_1.oracleGeneral"
}