{
  "cache_size": 9998,
  "results": [
    {
      "hit": 59412019,
      "iteration": 0,
      "metrics": [
        {
          "admission_treshold": 32,
          "algorithm": "lru",
          "hit": 22638332,
          "inserted": 77361668,
          "layer": 0,
          "miss_ratio": 0.77361668,
          "reinserted": 22638332,
          "req": 100000000
        },
        {
          "admission_treshold": 32,
          "algorithm": "fifo",
          "hit": 36773687,
          "inserted": 23480892,
          "layer": 1,
          "miss_ratio": 0.5246523510842604,
          "reinserted": 0,
          "req": 77361668
        }
      ],
      "miss_ratio": 0.40587980999999995,
      "req": 100000000
    }
  ],
  "trace": "zipf_1_19.oracleGeneral"
}