{
  "dram_cache_size": 4999,
  "flash_cache_size": 499917,
  "results": [
    {
      "hit": 90858239,
      "iteration": 0,
      "metrics": [
        {
          "admission_treshold": 8,
          "algorithm": "lru",
          "hit": 90858239,
          "inserted": 2352452,
          "layer": 0,
          "miss_ratio": 0.09141761000000004,
          "reinserted": 90858239,
          "req": 100000000
        }
      ],
      "miss_ratio": 0.09141761000000004,
      "req": 100000000
    }
  ],
  "trace": "zipf_1_2.oracleGeneral"
}