{
  "dram_cache_size": 24998,
  "flash_cache_size": 499966,
  "results": [
    {
      "hit": 91328755,
      "iteration": 0,
      "metrics": [
        {
          "admission_treshold": 0,
          "algorithm": "lru",
          "hit": 66035778,
          "inserted": 33964222,
          "layer": 0,
          "miss_ratio": 0.33964222,
          "reinserted": 66035778,
          "req": 100000000
        },
        {
          "admission_treshold": 2,
          "algorithm": "fifo",
          "hit": 25292977,
          "inserted": 7981638,
          "layer": 1,
          "miss_ratio": 0.25530527388497226,
          "reinserted": 0,
          "req": 33964222
        }
      ],
      "miss_ratio": 0.08671245000000005,
      "req": 100000000
    }
  ],
  "trace": "zipf_1_1.oracleGeneral"
}