{
  "dram_cache_size": 1000,
  "flash_cache_size": 100001,
  "results": [
    {
      "hit": 17391834,
      "iteration": 0,
      "metrics": [
        {
          "admission_treshold": 0,
          "algorithm": "lru",
          "hit": 345589,
          "inserted": 99654411,
          "layer": 0,
          "miss_ratio": 0.99654411,
          "reinserted": 345589,
          "req": 100000000
        },
        {
          "admission_treshold": 0,
          "algorithm": "fifo",
          "hit": 17046245,
          "inserted": 82749528,
          "layer": 1,
          "miss_ratio": 0.8289464076005627,
          "reinserted": 0,
          "req": 99654411
        }
      ],
      "miss_ratio": 0.82608166,
      "req": 100000000
    }
  ],
  "trace": "zipf0.5.oracleGeneral"
}