{
  "cache_size": 99994,
  "results": [
    {
      "hit": 78517235,
      "iteration": 0,
      "metrics": [
        {
          "admission_treshold": 4,
          "algorithm": "lru",
          "hit": 40306601,
          "inserted": 59693399,
          "layer": 0,
          "miss_ratio": 0.59693399,
          "reinserted": 40306601,
          "req": 100000000
        },
        {
          "admission_treshold": 4,
          "algorithm": "lru",
          "hit": 38210634,
          "inserted": 18516080,
          "layer": 1,
          "miss_ratio": 0.3598851022036792,
          "reinserted": 38184758,
          "req": 59693399
        }
      ],
      "miss_ratio": 0.21482765000000004,
      "req": 100000000
    }
  ],
  "trace": "zipf_1_13.oracleGeneral"
}