{
  "cache_size": 4999,
  "results": [
    {
      "hit": 56221533,
      "iteration": 0,
      "metrics": [
        {
          "admission_treshold": 32,
          "algorithm": "lru",
          "hit": 17358457,
          "inserted": 82641543,
          "layer": 0,
          "miss_ratio": 0.82641543,
          "reinserted": 17358457,
          "req": 100000000
        },
        {
          "admission_treshold": 32,
          "algorithm": "lru",
          "hit": 38863076,
          "inserted": 26576977,
          "layer": 1,
          "miss_ratio": 0.5297392257063738,
          "reinserted": 38838401,
          "req": 82641543
        }
      ],
      "miss_ratio": 0.43778467,
      "req": 100000000
    }
  ],
  "trace": "zipf_1_12.oracleGeneral"
}