{
  "dram_cache_size": 24995,
  "flash_cache_size": 99983,
  "results": [
    {
      "hit": 77752718,
      "iteration": 0,
      "metrics": [
        {
<<<<<<< HEAD
          "admission_treshold": 1,
=======
          "admission_treshold": 0,
>>>>>>> 160be2d8 (New results)
          "algorithm": "lru",
          "hit": 66034220,
          "inserted": 33965780,
          "layer": 0,
          "miss_ratio": 0.3396578,
          "reinserted": 66034220,
          "req": 100000000
        },
        {
          "admission_treshold": 1,
          "algorithm": "fifo",
          "hit": 11718498,
          "inserted": 24428081,
          "layer": 1,
          "miss_ratio": 0.6549910527595715,
          "reinserted": 0,
          "req": 33965780
        }
      ],
      "miss_ratio": 0.22247282000000002,
      "req": 100000000
    }
  ],
  "trace": "zipf_1_2.oracleGeneral"
}