{
  "dram_cache_size": 2500,
  "flash_cache_size": 5000,
  "results": [
    {
      "hit": 15981623,
      "iteration": 0,
      "metrics": [
        {
          "admission_treshold": 0,
          "algorithm": "lru",
          "hit": 9443820,
          "inserted": 90556180,
          "layer": 0,
          "miss_ratio": 0.9055618,
          "reinserted": 9443820,
          "req": 100000000
        },
        {
          "admission_treshold": 16,
          "algorithm": "lru",
          "hit": 6537803,
          "inserted": 71449690,
          "layer": 1,
          "miss_ratio": 0.9278039002970311,
          "reinserted": 4142747,
          "req": 90556180
        }
      ],
      "miss_ratio": 0.84018377,
      "req": 100000000
    }
  ],
  "trace": "zipf0.75.oracleGeneral"
}