{
  "dram_cache_size": 50,
  "flash_cache_size": 5000,
  "results": [
    {
      "hit": 11356253,
      "iteration": 0,
      "metrics": [
        {
          "admission_treshold": 0,
          "algorithm": "lru",
          "hit": 777410,
          "inserted": 99222590,
          "layer": 0,
          "miss_ratio": 0.9922259,
          "reinserted": 777410,
          "req": 100000000
        },
        {
          "admission_treshold": 2,
          "algorithm": "fifo",
          "hit": 10578843,
          "inserted": 87737795,
          "layer": 1,
          "miss_ratio": 0.8933827165769408,
          "reinserted": 0,
          "req": 99222590
        }
      ],
      "miss_ratio": 0.88643747,
      "req": 100000000
    }
  ],
  "trace": "zipf0.75.oracleGeneral"
}