{
  "cache_size": 499906,
  "results": [
    {
      "hit": 92092650,
      "iteration": 0,
      "metrics": [
        {
          "admission_treshold": 4,
          "algorithm": "lru",
          "hit": 52952547,
          "inserted": 47047453,
          "layer": 0,
          "miss_ratio": 0.47047452999999995,
          "reinserted": 52952547,
          "req": 100000000
        },
        {
          "admission_treshold": 4,
          "algorithm": "lru",
          "hit": 39140103,
          "inserted": 4935281,
          "layer": 1,
          "miss_ratio": 0.1680717976380145,
          "reinserted": 39127450,
          "req": 47047453
        }
      ],
      "miss_ratio": 0.07907350000000002,
      "req": 100000000
    }
  ],
  "trace": "zipf_1_9.oracleGeneral"
}