{
  "dram_cache_size": 2499,
  "flash_cache_size": 4999,
  "results": [
    {
      "hit": 58152357,
      "iteration": 0,
      "metrics": [
        {
<<<<<<< HEAD
          "admission_treshold": 32,
=======
          "admission_treshold": 0,
>>>>>>> 160be2d8 (New results)
          "algorithm": "lru",
          "hit": 47456816,
          "inserted": 52543184,
          "layer": 0,
          "miss_ratio": 0.52543184,
          "reinserted": 47456816,
          "req": 100000000
        },
        {
          "admission_treshold": 32,
          "algorithm": "lru",
          "hit": 10695541,
          "inserted": 27099189,
          "layer": 1,
          "miss_ratio": 0.7964428459455369,
          "reinserted": 8288983,
          "req": 52543184
        }
      ],
      "miss_ratio": 0.41847643,
      "req": 100000000
    }
  ],
  "trace": "zipf_1_3.oracleGeneral"
}