{
  "dram_cache_size": 249958,
  "flash_cache_size": 499917,
  "results": [
    {
      "hit": 94164570,
      "iteration": 0,
      "metrics": [
        {
<<<<<<< HEAD
          "admission_treshold": 4,
=======
          "admission_treshold": 0,
>>>>>>> 160be2d8 (New results)
          "algorithm": "lru",
          "hit": 86260879,
          "inserted": 13739121,
          "layer": 0,
          "miss_ratio": 0.13739120999999999,
          "reinserted": 86260879,
          "req": 100000000
        },
        {
          "admission_treshold": 4,
          "algorithm": "lru",
          "hit": 7903691,
          "inserted": 4697321,
          "layer": 1,
          "miss_ratio": 0.4247309562234731,
          "reinserted": 6547208,
          "req": 13739121
        }
      ],
      "miss_ratio": 0.05835429999999997,
      "req": 100000000
    }
  ],
  "trace": "zipf_1_3.oracleGeneral"
}