{
  "dram_cache_size": 124979,
  "flash_cache_size": 249958,
  "results": [
    {
      "hit": 88925080,
      "iteration": 0,
      "metrics": [
        {
<<<<<<< HEAD
          "admission_treshold": 1,
=======
          "admission_treshold": 0,
>>>>>>> 160be2d8 (New results)
          "algorithm": "lru",
          "hit": 79903648,
          "inserted": 20096352,
          "layer": 0,
          "miss_ratio": 0.20096351999999995,
          "reinserted": 79903648,
          "req": 100000000
        },
        {
          "admission_treshold": 1,
          "algorithm": "offline-clock",
          "hit": 9021432,
          "inserted": 13508133,
          "layer": 1,
          "miss_ratio": 0.5510910636915596,
          "reinserted": 5849692,
          "req": 20096352
        }
      ],
      "miss_ratio": 0.11074919999999999,
      "req": 100000000
    },
    {
      "hit": 88911857,
      "iteration": 1,
      "metrics": [
        {
<<<<<<< HEAD
          "admission_treshold": 1,
=======
          "admission_treshold": 0,
>>>>>>> 160be2d8 (New results)
          "algorithm": "lru",
          "hit": 79903648,
          "inserted": 20096352,
          "layer": 0,
          "miss_ratio": 0.20096351999999995,
          "reinserted": 79903648,
          "req": 100000000
        },
        {
          "admission_treshold": 1,
          "algorithm": "offline-clock",
          "hit": 9008209,
          "inserted": 13215820,
          "layer": 1,
          "miss_ratio": 0.5517490438065575,
          "reinserted": 2961066,
          "req": 20096352
        }
      ],
      "miss_ratio": 0.11088142999999995,
      "req": 100000000
    }
  ],
  "trace": "zipf_1_2.oracleGeneral"
}