{
  "dram_cache_size": 25000,
  "flash_cache_size": 250002,
  "results": [
    {
      "hit": 28712808,
      "iteration": 0,
      "metrics": [
        {
          "admission_treshold": 0,
          "algorithm": "lru",
          "hit": 2797570,
          "inserted": 97202430,
          "layer": 0,
          "miss_ratio": 0.9720243,
          "reinserted": 2797570,
          "req": 100000000
        },
        {
          "admission_treshold": 4,
          "algorithm": "lru",
          "hit": 25915238,
          "inserted": 70216757,
          "layer": 1,
          "miss_ratio": 0.7333889903781212,
          "reinserted": 24035496,
          "req": 97202430
        }
      ],
      "miss_ratio": 0.71287192,
      "req": 100000000
    }
  ],
  "trace": "zipf0.25.oracleGeneral"
}