{
  "dram_cache_size": 62500,
  "flash_cache_size": 250002,
  "results": [
    {
      "hit": 29788443,
      "iteration": 0,
      "metrics": [
        {
          "admission_treshold": 0,
          "algorithm": "lru",
          "hit": 6252236,
          "inserted": 93747764,
          "layer": 0,
          "miss_ratio": 0.93747764,
          "reinserted": 6252236,
          "req": 100000000
        },
        {
          "admission_treshold": 0,
          "algorithm": "fifo",
          "hit": 23536207,
          "inserted": 74823930,
          "layer": 1,
          "miss_ratio": 0.748941137412088,
          "reinserted": 0,
          "req": 93747764
        }
      ],
      "miss_ratio": 0.70211557,
      "req": 100000000
    }
  ],
  "trace": "zipf0.oracleGeneral"
}