{
  "cache_size": 499950,
  "results": [
    {
      "hit": 93100675,
      "iteration": 0,
      "metrics": [
        {
          "admission_treshold": 1,
          "algorithm": "lru",
          "hit": 52948488,
          "inserted": 47051512,
          "layer": 0,
          "miss_ratio": 0.47051511999999995,
          "reinserted": 52948488,
          "req": 100000000
        },
        {
          "admission_treshold": 1,
          "algorithm": "offline-clock",
          "hit": 40152187,
          "inserted": 6909953,
          "layer": 1,
          "miss_ratio": 0.1466334386873689,
          "reinserted": 8724712,
          "req": 47051512
        }
      ],
      "miss_ratio": 0.06899325,
      "req": 100000000
    },
    {
      "hit": 93811525,
      "iteration": 1,
      "metrics": [
        {
          "admission_treshold": 1,
          "algorithm": "lru",
          "hit": 52948488,
          "inserted": 47051512,
          "layer": 0,
          "miss_ratio": 0.47051511999999995,
          "reinserted": 52948488,
          "req": 100000000
        },
        {
          "admission_treshold": 1,
          "algorithm": "offline-clock",
          "hit": 40863037,
          "inserted": 6195701,
          "layer": 1,
          "miss_ratio": 0.13152552887142077,
          "reinserted": 4908084,
          "req": 47051512
        }
      ],
      "miss_ratio": 0.061884750000000044,
      "req": 100000000
    }
  ],
  "trace": "zipf_1_10.oracleGeneral"
}