{
  "dram_cache_size": 100,
  "flash_cache_size": 10000,
  "results": [
    {
      "hit": 17008783,
      "iteration": 0,
      "metrics": [
        {
          "admission_treshold": 0,
          "algorithm": "lru",
          "hit": 1414272,
          "inserted": 98585728,
          "layer": 0,
          "miss_ratio": 0.98585728,
          "reinserted": 1414272,
          "req": 100000000
        },
        {
          "admission_treshold": 0,
          "algorithm": "lru",
          "hit": 15594511,
          "inserted": 83047964,
          "layer": 1,
          "miss_ratio": 0.8418177629118893,
          "reinserted": 15537664,
          "req": 98585728
        }
      ],
      "miss_ratio": 0.8299121700000001,
      "req": 100000000
    }
  ],
  "trace": "zipf0.75.oracleGeneral"
}