{
  "dram_cache_size": 2499,
  "flash_cache_size": 249958,
  "results": [
    {
      "hit": 86260879,
      "iteration": 0,
      "metrics": [
        {
          "admission_treshold": 0,
          "algorithm": "lru",
          "hit": 86260879,
          "inserted": 13739121,
          "layer": 0,
          "miss_ratio": 0.13739120999999999,
          "reinserted": 86260879,
          "req": 100000000
        }
      ],
      "miss_ratio": 0.13739120999999999,
      "req": 100000000
    }
  ],
  "trace": "zipf_1_3.oracleGeneral"
}