{
  "dram_cache_size": 249958,
  "flash_cache_size": 499917,
  "results": [
    {
      "hit": 94881625,
      "iteration": 0,
      "metrics": [
        {
          "admission_treshold": 0,
          "algorithm": "lru",
          "hit": 86260879,
          "inserted": 13739121,
          "layer": 0,
          "miss_ratio": 0.13739120999999999,
          "reinserted": 86260879,
          "req": 100000000
        },
        {
          "admission_treshold": 0,
          "algorithm": "offline-clock",
          "hit": 8620746,
          "inserted": 6659691,
          "layer": 1,
          "miss_ratio": 0.3725402083583076,
          "reinserted": 5682170,
          "req": 13739121
        }
      ],
      "miss_ratio": 0.05118374999999997,
      "req": 100000000
    },
    {
      "hit": 95033826,
      "iteration": 1,
      "metrics": [
        {
          "admission_treshold": 0,
          "algorithm": "lru",
          "hit": 86260879,
          "inserted": 13739121,
          "layer": 0,
          "miss_ratio": 0.13739120999999999,
          "reinserted": 86260879,
          "req": 100000000
        },
        {
          "admission_treshold": 0,
          "algorithm": "offline-clock",
          "hit": 8772947,
          "inserted": 6138721,
          "layer": 1,
          "miss_ratio": 0.3614622798649201,
          "reinserted": 3221392,
          "req": 13739121
        }
      ],
      "miss_ratio": 0.04966174000000001,
      "req": 100000000
    }
  ],
  "trace": "zipf_1_3.oracleGeneral"
}