{
  "dram_cache_size": 49995,
  "flash_cache_size": 99991,
  "results": [
    {
      "hit": 81875877,
      "iteration": 0,
      "metrics": [
        {
          "admission_treshold": 0,
          "algorithm": "lru",
          "hit": 71882848,
          "inserted": 28117152,
          "layer": 0,
          "miss_ratio": 0.28117152,
          "reinserted": 71882848,
          "req": 100000000
        },
        {
          "admission_treshold": 32,
          "algorithm": "lru",
          "hit": 9993029,
          "inserted": 2634635,
          "layer": 1,
          "miss_ratio": 0.6445931294890749,
          "reinserted": 9550198,
          "req": 28117152
        }
      ],
      "miss_ratio": 0.18124123000000003,
      "req": 100000000
    }
  ],
  "trace": "zipf_1_0.oracleGeneral"
}