{
  "cache_size": 99993,
  "results": [
    {
      "hit": 79128281,
      "iteration": 0,
      "metrics": [
        {
          "admission_treshold": 4,
          "algorithm": "lru",
          "hit": 40302497,
          "inserted": 59697503,
          "layer": 0,
          "miss_ratio": 0.5969750300000001,
          "reinserted": 40302497,
          "req": 100000000
        },
        {
          "admission_treshold": 4,
          "algorithm": "offline-clock",
          "hit": 38825784,
          "inserted": 17901228,
          "layer": 1,
          "miss_ratio": 0.34962465683028654,
          "reinserted": 9739012,
          "req": 59697503
        }
      ],
      "miss_ratio": 0.20871719,
      "req": 100000000
    },
    {
      "hit": 79553057,
      "iteration": 1,
      "metrics": [
        {
          "admission_treshold": 4,
          "algorithm": "lru",
          "hit": 40302497,
          "inserted": 59697503,
          "layer": 0,
          "miss_ratio": 0.5969750300000001,
          "reinserted": 40302497,
          "req": 100000000
        },
        {
          "admission_treshold": 4,
          "algorithm": "offline-clock",
          "hit": 39250560,
          "inserted": 17472973,
          "layer": 1,
          "miss_ratio": 0.3425091833405495,
          "reinserted": 5510929,
          "req": 59697503
        }
      ],
      "miss_ratio": 0.20446942999999995,
      "req": 100000000
    }
  ],
  "trace": "zipf_1_1.oracleGeneral"
}