{
  "dram_cache_size": 1249,
  "flash_cache_size": 4999,
  "results": [
    {
      "hit": 54773737,
      "iteration": 0,
      "metrics": [
        {
          "admission_treshold": 0,
          "algorithm": "lru",
          "hit": 42037752,
          "inserted": 57962248,
          "layer": 0,
          "miss_ratio": 0.57962248,
          "reinserted": 42037752,
          "req": 100000000
        },
        {
          "admission_treshold": 4,
          "algorithm": "lru",
          "hit": 12735985,
          "inserted": 43889125,
          "layer": 1,
          "miss_ratio": 0.7802710308958342,
          "reinserted": 11080960,
          "req": 57962248
        }
      ],
      "miss_ratio": 0.45226263,
      "req": 100000000
    }
  ],
  "trace": "zipf_1_2.oracleGeneral"
}