{
  "dram_cache_size": 124977,
  "flash_cache_size": 499911,
  "results": [
    {
      "hit": 92834951,
      "iteration": 0,
      "metrics": [
        {
<<<<<<< HEAD
          "admission_treshold": 1,
=======
          "admission_treshold": 0,
>>>>>>> 160be2d8 (New results)
          "algorithm": "lru",
          "hit": 79891932,
          "inserted": 20108068,
          "layer": 0,
          "miss_ratio": 0.20108068,
          "reinserted": 79891932,
          "req": 100000000
        },
        {
          "admission_treshold": 1,
          "algorithm": "fifo",
          "hit": 12943019,
          "inserted": 8375106,
          "layer": 1,
          "miss_ratio": 0.35632707229754745,
          "reinserted": 0,
          "req": 20108068
        }
      ],
      "miss_ratio": 0.07165049000000001,
      "req": 100000000
    }
  ],
  "trace": "zipf_1_4.oracleGeneral"
}