{
  "cache_size": 39994680,
  "results": [
    {
      "hit": 62110176,
      "iteration": 0,
      "metrics": [
        {
          "admission_treshold": 32,
          "algorithm": "lru",
          "hit": 22638175,
          "inserted": 77361825,
          "layer": 0,
          "miss_ratio": 0.77361825,
          "reinserted": 22638175,
          "req": 100000000
        },
        {
          "admission_treshold": 32,
          "algorithm": "lru",
          "hit": 39472001,
          "inserted": 20687764,
          "layer": 1,
          "miss_ratio": 0.4897741747948682,
          "reinserted": 39449643,
          "req": 77361825
        }
      ],
      "miss_ratio": 0.37889824000000005,
      "req": 100000000
    }
  ],
  "trace": "zipf_1_14.oracleGeneral"
}