{
  "dram_cache_size": 50000,
  "flash_cache_size": 100001,
  "results": [
    {
      "hit": 14236113,
      "iteration": 0,
      "metrics": [
        {
          "admission_treshold": 0,
          "algorithm": "lru",
          "hit": 5001526,
          "inserted": 94998474,
          "layer": 0,
          "miss_ratio": 0.94998474,
          "reinserted": 5001526,
          "req": 100000000
        },
        {
          "admission_treshold": 8,
          "algorithm": "fifo",
          "hit": 9234587,
          "inserted": 83223479,
          "layer": 1,
          "miss_ratio": 0.9027922595893487,
          "reinserted": 0,
          "req": 94998474
        }
      ],
      "miss_ratio": 0.8576388699999999,
      "req": 100000000
    }
  ],
  "trace": "zipf0.oracleGeneral"
}