{
  "dram_cache_size": 24998,
  "flash_cache_size": 99993,
  "results": [
    {
      "hit": 77916320,
      "iteration": 0,
      "metrics": [
        {
<<<<<<< HEAD
          "admission_treshold": 2,
=======
          "admission_treshold": 0,
>>>>>>> 160be2d8 (New results)
          "algorithm": "lru",
          "hit": 66035778,
          "inserted": 33964222,
          "layer": 0,
          "miss_ratio": 0.33964222,
          "reinserted": 66035778,
          "req": 100000000
        },
        {
          "admission_treshold": 2,
          "algorithm": "fifo",
          "hit": 11880542,
          "inserted": 23210418,
          "layer": 1,
          "miss_ratio": 0.6502042060613077,
          "reinserted": 0,
          "req": 33964222
        }
      ],
      "miss_ratio": 0.22083680000000006,
      "req": 100000000
    }
  ],
  "trace": "zipf_1_1.oracleGeneral"
}