{
  "cache_size": 1999667968,
  "results": [
    {
      "hit": 91160299,
      "iteration": 0,
      "metrics": [
        {
          "admission_treshold": 0,
          "algorithm": "lru",
          "hit": 52949056,
          "inserted": 47050944,
          "layer": 0,
          "miss_ratio": 0.47050943999999995,
          "reinserted": 52949056,
          "req": 100000000
        },
        {
          "admission_treshold": 0,
          "algorithm": "fifo",
          "hit": 38211243,
          "inserted": 8908859,
          "layer": 1,
          "miss_ratio": 0.18787510405742336,
          "reinserted": 0,
          "req": 47050944
        }
      ],
      "miss_ratio": 0.08839701,
      "req": 100000000
    }
  ],
  "trace": "zipf_1_2.oracleGeneral"
}