{
  "cache_size": 99982,
  "results": [
    {
      "hit": 78542717,
      "iteration": 0,
      "metrics": [
        {
          "admission_treshold": 16,
          "algorithm": "lru",
          "hit": 40299329,
          "inserted": 59700671,
          "layer": 0,
          "miss_ratio": 0.59700671,
          "reinserted": 40299329,
          "req": 100000000
        },
        {
          "admission_treshold": 16,
          "algorithm": "fifo",
          "hit": 38243388,
          "inserted": 9470726,
          "layer": 1,
          "miss_ratio": 0.359414436062201,
          "reinserted": 0,
          "req": 59700671
        }
      ],
      "miss_ratio": 0.21457283000000005,
      "req": 100000000
    }
  ],
  "trace": "zipf_1_4.oracleGeneral"
}