{
  "dram_cache_size": 5000,
  "flash_cache_size": 500005,
  "results": [
    {
      "hit": 36567537,
      "iteration": 0,
      "metrics": [
        {
          "admission_treshold": 0,
          "algorithm": "lru",
          "hit": 500336,
          "inserted": 99499664,
          "layer": 0,
          "miss_ratio": 0.99499664,
          "reinserted": 500336,
          "req": 100000000
        },
        {
          "admission_treshold": 32,
          "algorithm": "fifo",
          "hit": 36067201,
          "inserted": 32746323,
          "layer": 1,
          "miss_ratio": 0.6375143437670302,
          "reinserted": 0,
          "req": 99499664
        }
      ],
      "miss_ratio": 0.6343246300000001,
      "req": 100000000
    }
  ],
  "trace": "zipf0.oracleGeneral"
}