{
  "dram_cache_size": 2499,
  "flash_cache_size": 4999,
  "results": [
    {
      "hit": 57685462,
      "iteration": 0,
      "metrics": [
        {
          "admission_treshold": 0,
          "algorithm": "lru",
          "hit": 47456816,
          "inserted": 52543184,
          "layer": 0,
          "miss_ratio": 0.52543184,
          "reinserted": 47456816,
          "req": 100000000
        },
        {
          "admission_treshold": 16,
          "algorithm": "offline-clock",
          "hit": 10228646,
          "inserted": 32759358,
          "layer": 1,
          "miss_ratio": 0.8053287748987575,
          "reinserted": 6636685,
          "req": 52543184
        }
      ],
      "miss_ratio": 0.42314538,
      "req": 100000000
    },
    {
      "hit": 57392894,
      "iteration": 1,
      "metrics": [
        {
          "admission_treshold": 0,
          "algorithm": "lru",
          "hit": 47456816,
          "inserted": 52543184,
          "layer": 0,
          "miss_ratio": 0.52543184,
          "reinserted": 47456816,
          "req": 100000000
        },
        {
          "admission_treshold": 16,
          "algorithm": "offline-clock",
          "hit": 9936078,
          "inserted": 32829667,
          "layer": 1,
          "miss_ratio": 0.8108969186184073,
          "reinserted": 3115647,
          "req": 52543184
        }
      ],
      "miss_ratio": 0.42607105999999995,
      "req": 100000000
    }
  ],
  "trace": "zipf_1_3.oracleGeneral"
}