{
  "dram_cache_size": 124991,
  "flash_cache_size": 499966,
  "results": [
    {
      "hit": 89227384,
      "iteration": 0,
      "metrics": [
        {
<<<<<<< HEAD
          "admission_treshold": 16,
=======
          "admission_treshold": 0,
>>>>>>> 160be2d8 (New results)
          "algorithm": "lru",
          "hit": 79910991,
          "inserted": 20089009,
          "layer": 0,
          "miss_ratio": 0.20089009000000002,
          "reinserted": 79910991,
          "req": 100000000
        },
        {
          "admission_treshold": 16,
          "algorithm": "fifo",
          "hit": 9316393,
          "inserted": 455982,
          "layer": 1,
          "miss_ratio": 0.5362442716810969,
          "reinserted": 0,
          "req": 20089009
        }
      ],
      "miss_ratio": 0.10772616000000002,
      "req": 100000000
    }
  ],
  "trace": "zipf_1_1.oracleGeneral"
}