{
  "dram_cache_size": 49996,
  "flash_cache_size": 99993,
  "results": [
    {
      "hit": 79951494,
      "iteration": 0,
      "metrics": [
        {
<<<<<<< HEAD
          "admission_treshold": 1,
=======
          "admission_treshold": 0,
>>>>>>> 160be2d8 (New results)
          "algorithm": "lru",
          "hit": 71887242,
          "inserted": 28112758,
          "layer": 0,
          "miss_ratio": 0.28112758000000004,
          "reinserted": 71887242,
          "req": 100000000
        },
        {
          "admission_treshold": 1,
          "algorithm": "fifo",
          "hit": 8064252,
          "inserted": 23257803,
          "layer": 1,
          "miss_ratio": 0.7131461808193988,
          "reinserted": 0,
          "req": 28112758
        }
      ],
      "miss_ratio": 0.20048506,
      "req": 100000000
    }
  ],
  "trace": "zipf_1_1.oracleGeneral"
}