{
  "dram_cache_size": 249,
  "flash_cache_size": 4999,
  "results": [
    {
      "hit": 50804166,
      "iteration": 0,
      "metrics": [
        {
<<<<<<< HEAD
          "admission_treshold": 4,
=======
          "admission_treshold": 0,
>>>>>>> 160be2d8 (New results)
          "algorithm": "lru",
          "hit": 29638781,
          "inserted": 70361219,
          "layer": 0,
          "miss_ratio": 0.7036121900000001,
          "reinserted": 29638781,
          "req": 100000000
        },
        {
          "admission_treshold": 4,
          "algorithm": "fifo",
          "hit": 21165385,
          "inserted": 46984381,
          "layer": 1,
          "miss_ratio": 0.6991896203503808,
          "reinserted": 0,
          "req": 70361219
        }
      ],
      "miss_ratio": 0.49195834000000005,
      "req": 100000000
    }
  ],
  "trace": "zipf_1_0.oracleGeneral"
}