{
  "dram_cache_size": 249,
  "flash_cache_size": 4999,
  "results": [
    {
      "hit": 54125659,
      "iteration": 0,
      "metrics": [
        {
          "admission_treshold": 0,
          "algorithm": "lru",
          "hit": 29625737,
          "inserted": 70374263,
          "layer": 0,
          "miss_ratio": 0.70374263,
          "reinserted": 29625737,
          "req": 100000000
        },
        {
          "admission_treshold": 0,
          "algorithm": "offline-clock",
          "hit": 24499922,
          "inserted": 46076121,
          "layer": 1,
          "miss_ratio": 0.6518624713696823,
          "reinserted": 10254500,
          "req": 70374263
        }
      ],
      "miss_ratio": 0.45874340999999996,
      "req": 100000000
    },
    {
      "hit": 54170904,
      "iteration": 1,
      "metrics": [
        {
          "admission_treshold": 0,
          "algorithm": "lru",
          "hit": 29625737,
          "inserted": 70374263,
          "layer": 0,
          "miss_ratio": 0.70374263,
          "reinserted": 29625737,
          "req": 100000000
        },
        {
          "admission_treshold": 0,
          "algorithm": "offline-clock",
          "hit": 24545167,
          "inserted": 46003522,
          "layer": 1,
          "miss_ratio": 0.6512195516704736,
          "reinserted": 5953450,
          "req": 70374263
        }
      ],
      "miss_ratio": 0.45829096,
      "req": 100000000
    }
  ],
  "trace": "zipf_1_3.oracleGeneral"
}