{
  "dram_cache_size": 25000,
  "flash_cache_size": 250002,
  "results": [
    {
      "hit": 25732663,
      "iteration": 0,
      "metrics": [
        {
          "admission_treshold": 0,
          "algorithm": "lru",
          "hit": 2502719,
          "inserted": 97497281,
          "layer": 0,
          "miss_ratio": 0.97497281,
          "reinserted": 2502719,
          "req": 100000000
        },
        {
          "admission_treshold": 8,
          "algorithm": "fifo",
          "hit": 23229944,
          "inserted": 69144120,
          "layer": 1,
          "miss_ratio": 0.761737519634009,
          "reinserted": 0,
          "req": 97497281
        }
      ],
      "miss_ratio": 0.74267337,
      "req": 100000000
    }
  ],
  "trace": "zipf0.oracleGeneral"
}