{
  "dram_cache_size": 4999,
  "flash_cache_size": 9998,
  "results": [
    {
      "hit": 62020106,
      "iteration": 0,
      "metrics": [
        {
<<<<<<< HEAD
          "admission_treshold": 4,
=======
          "admission_treshold": 0,
>>>>>>> 160be2d8 (New results)
          "algorithm": "lru",
          "hit": 52939492,
          "inserted": 47060508,
          "layer": 0,
          "miss_ratio": 0.47060508,
          "reinserted": 52939492,
          "req": 100000000
        },
        {
          "admission_treshold": 4,
          "algorithm": "offline-clock",
          "hit": 9080614,
          "inserted": 38127389,
          "layer": 1,
          "miss_ratio": 0.807043859365054,
          "reinserted": 5504382,
          "req": 47060508
        }
      ],
      "miss_ratio": 0.37979894000000003,
      "req": 100000000
    },
    {
      "hit": 61631670,
      "iteration": 1,
      "metrics": [
        {
<<<<<<< HEAD
          "admission_treshold": 4,
=======
          "admission_treshold": 0,
>>>>>>> 160be2d8 (New results)
          "algorithm": "lru",
          "hit": 52939492,
          "inserted": 47060508,
          "layer": 0,
          "miss_ratio": 0.47060508,
          "reinserted": 52939492,
          "req": 100000000
        },
        {
          "admission_treshold": 4,
          "algorithm": "offline-clock",
          "hit": 8692178,
          "inserted": 38232481,
          "layer": 1,
          "miss_ratio": 0.815297828914214,
          "reinserted": 2301647,
          "req": 47060508
        }
      ],
      "miss_ratio": 0.38368329999999995,
      "req": 100000000
    }
  ],
  "trace": "zipf_1_4.oracleGeneral"
}