{
  "dram_cache_size": 62495,
  "flash_cache_size": 249983,
  "results": [
    {
      "hit": 84196294,
      "iteration": 0,
      "metrics": [
        {
<<<<<<< HEAD
          "admission_treshold": 32,
=======
          "admission_treshold": 0,
>>>>>>> 160be2d8 (New results)
          "algorithm": "lru",
          "hit": 73806337,
          "inserted": 26193663,
          "layer": 0,
          "miss_ratio": 0.26193663,
          "reinserted": 73806337,
          "req": 100000000
        },
        {
          "admission_treshold": 32,
          "algorithm": "lru",
          "hit": 10389957,
          "inserted": 222376,
          "layer": 1,
          "miss_ratio": 0.6033408156774407,
          "reinserted": 10348650,
          "req": 26193663
        }
      ],
      "miss_ratio": 0.15803705999999995,
      "req": 100000000
    }
  ],
  "trace": "zipf_1_1.oracleGeneral"
}