{
  "dram_cache_size": 499,
  "flash_cache_size": 4999,
  "results": [
    {
      "hit": 51151807,
      "iteration": 0,
      "metrics": [
        {
          "admission_treshold": 2,
          "algorithm": "lru",
          "hit": 34944992,
          "inserted": 65055008,
          "layer": 0,
          "miss_ratio": 0.6505500799999999,
          "reinserted": 34944992,
          "req": 100000000
        },
        {
          "admission_treshold": 2,
          "algorithm": "fifo",
          "hit": 16206815,
          "inserted": 49228901,
          "layer": 1,
          "miss_ratio": 0.7508752131734424,
          "reinserted": 0,
          "req": 65055008
        }
      ],
      "miss_ratio": 0.48848192999999995,
      "req": 100000000
    }
  ],
  "trace": "zipf_1_1.oracleGeneral"
}