{
  "dram_cache_size": 500,
  "flash_cache_size": 5000,
  "results": [
    {
      "hit": 1596203,
      "iteration": 0,
      "metrics": [
        {
          "admission_treshold": 0,
          "algorithm": "lru",
          "hit": 175768,
          "inserted": 99824232,
          "layer": 0,
          "miss_ratio": 0.99824232,
          "reinserted": 175768,
          "req": 100000000
        },
        {
          "admission_treshold": 1,
          "algorithm": "fifo",
          "hit": 1420435,
          "inserted": 98544495,
          "layer": 1,
          "miss_ratio": 0.9857706393373504,
          "reinserted": 0,
          "req": 99824232
        }
      ],
      "miss_ratio": 0.98403797,
      "req": 100000000
    }
  ],
  "trace": "zipf0.5.oracleGeneral"
}