{
  "cache_size": 999889024,
  "results": [
    {
      "hit": 86276913,
      "iteration": 0,
      "metrics": [
        {
          "admission_treshold": 1,
          "algorithm": "lru",
          "hit": 47459760,
          "inserted": 52540240,
          "layer": 0,
          "miss_ratio": 0.5254023999999999,
          "reinserted": 47459760,
          "req": 100000000
        },
        {
          "admission_treshold": 1,
          "algorithm": "lru",
          "hit": 38817153,
          "inserted": 13744382,
          "layer": 1,
          "miss_ratio": 0.26119193593329604,
          "reinserted": 38793359,
          "req": 52540240
        }
      ],
      "miss_ratio": 0.13723087,
      "req": 100000000
    }
  ],
  "trace": "zipf_1_17.oracleGeneral"
}