{
  "dram_cache_size": 5000,
  "flash_cache_size": 10000,
  "results": [
    {
      "hit": 19830772,
      "iteration": 0,
      "metrics": [
        {
          "admission_treshold": 0,
          "algorithm": "lru",
          "hit": 12740005,
          "inserted": 87259995,
          "layer": 0,
          "miss_ratio": 0.87259995,
          "reinserted": 12740005,
          "req": 100000000
        },
        {
          "admission_treshold": 2,
          "algorithm": "lru",
          "hit": 7090767,
          "inserted": 82607850,
          "layer": 1,
          "miss_ratio": 0.9187397730196982,
          "reinserted": 3652117,
          "req": 87259995
        }
      ],
      "miss_ratio": 0.80169228,
      "req": 100000000
    }
  ],
  "trace": "zipf0.75.oracleGeneral"
}