{
  "dram_cache_size": 999,
  "flash_cache_size": 99993,
  "results": [
    {
      "hit": 78771519,
      "iteration": 0,
      "metrics": [
        {
          "admission_treshold": 2,
          "algorithm": "offline-clock",
          "hit": 78771519,
          "inserted": 20228618,
          "layer": 0,
          "miss_ratio": 0.21228481,
          "reinserted": 10135721,
          "req": 100000000
        }
      ],
      "miss_ratio": 0.21228481,
      "req": 100000000
    },
    {
      "hit": 79178736,
      "iteration": 1,
      "metrics": [
        {
          "admission_treshold": 2,
          "algorithm": "offline-clock",
          "hit": 79178736,
          "inserted": 19821401,
          "layer": 0,
          "miss_ratio": 0.20821263999999995,
          "reinserted": 5762081,
          "req": 100000000
        }
      ],
      "miss_ratio": 0.20821263999999995,
      "req": 100000000
    }
  ],
  "trace": "zipf_1_1.oracleGeneral"
}