{
  "dram_cache_size": 49,
  "flash_cache_size": 4999,
  "results": [
    {
      "hit": 54427158,
      "iteration": 0,
      "metrics": [
        {
          "admission_treshold": 4,
          "algorithm": "offline-clock",
          "hit": 54427158,
          "inserted": 42578263,
          "layer": 0,
          "miss_ratio": 0.45572842,
          "reinserted": 10414983,
          "req": 100000000
        }
      ],
      "miss_ratio": 0.45572842,
      "req": 100000000
    },
    {
      "hit": 54566165,
      "iteration": 1,
      "metrics": [
        {
          "admission_treshold": 4,
          "algorithm": "offline-clock",
          "hit": 54566165,
          "inserted": 42439256,
          "layer": 0,
          "miss_ratio": 0.45433835,
          "reinserted": 6037341,
          "req": 100000000
        }
      ],
      "miss_ratio": 0.45433835,
      "req": 100000000
    }
  ],
  "trace": "zipf_1_3.oracleGeneral"
}