{
  "dram_cache_size": 25000,
  "flash_cache_size": 250002,
  "results": [
    {
      "hit": 60526290,
      "iteration": 0,
      "metrics": [
        {
          "admission_treshold": 0,
          "algorithm": "lru",
          "hit": 24416303,
          "inserted": 75583697,
          "layer": 0,
          "miss_ratio": 0.75583697,
          "reinserted": 24416303,
          "req": 100000000
        },
        {
          "admission_treshold": 16,
          "algorithm": "lru",
          "hit": 36109987,
          "inserted": 25566934,
          "layer": 1,
          "miss_ratio": 0.5222516437638662,
          "reinserted": 35368081,
          "req": 75583697
        }
      ],
      "miss_ratio": 0.39473709999999995,
      "req": 100000000
    }
  ],
  "trace": "zipf0.75.oracleGeneral"
}