{
  "dram_cache_size": 124988,
  "flash_cache_size": 249977,
  "results": [
    {
      "hit": 88148627,
      "iteration": 0,
      "metrics": [
        {
          "admission_treshold": 0,
          "algorithm": "lru",
          "hit": 79906646,
          "inserted": 20093354,
          "layer": 0,
          "miss_ratio": 0.20093353999999997,
          "reinserted": 79906646,
          "req": 100000000
        },
        {
          "admission_treshold": 16,
          "algorithm": "lru",
          "hit": 8241981,
          "inserted": 1854159,
          "layer": 1,
          "miss_ratio": 0.5898155678738353,
          "reinserted": 7826480,
          "req": 20093354
        }
      ],
      "miss_ratio": 0.11851372999999998,
      "req": 100000000
    }
  ],
  "trace": "zipf_1_0.oracleGeneral"
}