{
  "dram_cache_size": 99,
  "flash_cache_size": 9998,
  "results": [
    {
      "hit": 61691470,
      "iteration": 0,
      "metrics": [
        {
          "admission_treshold": 16,
          "algorithm": "offline-clock",
          "hit": 61691470,
          "inserted": 26248590,
          "layer": 0,
          "miss_ratio": 0.38308529999999996,
          "reinserted": 10072005,
          "req": 100000000
        }
      ],
      "miss_ratio": 0.38308529999999996,
      "req": 100000000
    },
    {
      "hit": 61996747,
      "iteration": 1,
      "metrics": [
        {
          "admission_treshold": 16,
          "algorithm": "offline-clock",
          "hit": 61996747,
          "inserted": 25943313,
          "layer": 0,
          "miss_ratio": 0.38003253000000004,
          "reinserted": 5745556,
          "req": 100000000
        }
      ],
      "miss_ratio": 0.38003253000000004,
      "req": 100000000
    }
  ],
  "trace": "zipf_1_3.oracleGeneral"
}