{
  "dram_cache_size": 4999,
  "flash_cache_size": 99983,
  "results": [
    {
      "hit": 79241025,
      "iteration": 0,
      "metrics": [
        {
          "admission_treshold": 0,
          "algorithm": "lru",
          "hit": 52946357,
          "inserted": 47053643,
          "layer": 0,
          "miss_ratio": 0.47053643,
          "reinserted": 52946357,
          "req": 100000000
        },
        {
          "admission_treshold": 4,
          "algorithm": "offline-clock",
          "hit": 26294668,
          "inserted": 17911165,
          "layer": 1,
          "miss_ratio": 0.44117678624798506,
          "reinserted": 9625128,
          "req": 47053643
        }
      ],
      "miss_ratio": 0.20758975000000002,
      "req": 100000000
    },
    {
      "hit": 79620803,
      "iteration": 1,
      "metrics": [
        {
          "admission_treshold": 0,
          "algorithm": "lru",
          "hit": 52946357,
          "inserted": 47053643,
          "layer": 0,
          "miss_ratio": 0.47053643,
          "reinserted": 52946357,
          "req": 100000000
        },
        {
          "admission_treshold": 4,
          "algorithm": "offline-clock",
          "hit": 26674446,
          "inserted": 17510103,
          "layer": 1,
          "miss_ratio": 0.4331056152230338,
          "reinserted": 5445605,
          "req": 47053643
        }
      ],
      "miss_ratio": 0.20379197000000004,
      "req": 100000000
    }
  ],
  "trace": "zipf_1_3.oracleGeneral"
}