{
  "dram_cache_size": 24995,
  "flash_cache_size": 99983,
  "results": [
    {
      "hit": 79734975,
      "iteration": 0,
      "metrics": [
        {
<<<<<<< HEAD
          "admission_treshold": 2,
=======
          "admission_treshold": 0,
>>>>>>> 160be2d8 (New results)
          "algorithm": "lru",
          "hit": 66030429,
          "inserted": 33969571,
          "layer": 0,
          "miss_ratio": 0.33969571,
          "reinserted": 66030429,
          "req": 100000000
        },
        {
          "admission_treshold": 2,
          "algorithm": "offline-clock",
          "hit": 13704546,
          "inserted": 20363565,
          "layer": 1,
          "miss_ratio": 0.5965640543414575,
          "reinserted": 8774148,
          "req": 33969571
        }
      ],
      "miss_ratio": 0.20265025000000003,
      "req": 100000000
    },
    {
      "hit": 79799079,
      "iteration": 1,
      "metrics": [
        {
<<<<<<< HEAD
          "admission_treshold": 2,
=======
          "admission_treshold": 0,
>>>>>>> 160be2d8 (New results)
          "algorithm": "lru",
          "hit": 66030429,
          "inserted": 33969571,
          "layer": 0,
          "miss_ratio": 0.33969571,
          "reinserted": 66030429,
          "req": 100000000
        },
        {
          "admission_treshold": 2,
          "algorithm": "offline-clock",
          "hit": 13768650,
          "inserted": 20167584,
          "layer": 1,
          "miss_ratio": 0.5946769536771601,
          "reinserted": 4834376,
          "req": 33969571
        }
      ],
      "miss_ratio": 0.20200921000000005,
      "req": 100000000
    }
  ],
  "trace": "zipf_1_3.oracleGeneral"
}