{
  "dram_cache_size": 4999,
  "flash_cache_size": 9999,
  "results": [
    {
      "hit": 61747539,
      "iteration": 0,
      "metrics": [
        {
<<<<<<< HEAD
          "admission_treshold": 2,
=======
          "admission_treshold": 0,
>>>>>>> 160be2d8 (New results)
          "algorithm": "lru",
          "hit": 52946822,
          "inserted": 47053178,
          "layer": 0,
          "miss_ratio": 0.47053177999999996,
          "reinserted": 52946822,
          "req": 100000000
        },
        {
          "admission_treshold": 2,
          "algorithm": "offline-clock",
          "hit": 8800717,
          "inserted": 40570890,
          "layer": 1,
          "miss_ratio": 0.8129623253077614,
          "reinserted": 5210464,
          "req": 47053178
        }
      ],
      "miss_ratio": 0.38252461000000004,
      "req": 100000000
    },
    {
      "hit": 61325493,
      "iteration": 1,
      "metrics": [
        {
<<<<<<< HEAD
          "admission_treshold": 2,
=======
          "admission_treshold": 0,
>>>>>>> 160be2d8 (New results)
          "algorithm": "lru",
          "hit": 52946822,
          "inserted": 47053178,
          "layer": 0,
          "miss_ratio": 0.47053177999999996,
          "reinserted": 52946822,
          "req": 100000000
        },
        {
          "admission_treshold": 2,
          "algorithm": "offline-clock",
          "hit": 8378671,
          "inserted": 40690551,
          "layer": 1,
          "miss_ratio": 0.8219318788626775,
          "reinserted": 2087346,
          "req": 47053178
        }
      ],
      "miss_ratio": 0.38674507,
      "req": 100000000
    }
  ],
  "trace": "zipf_1_1.oracleGeneral"
}