{
  "dram_cache_size": 49991,
  "flash_cache_size": 99983,
  "results": [
    {
      "hit": 79944135,
      "iteration": 0,
      "metrics": [
        {
          "admission_treshold": 0,
          "algorithm": "lru",
          "hit": 71882905,
          "inserted": 28117095,
          "layer": 0,
          "miss_ratio": 0.28117095000000003,
          "reinserted": 71882905,
          "req": 100000000
        },
        {
          "admission_treshold": 0,
          "algorithm": "fifo",
          "hit": 8061230,
          "inserted": 23262876,
          "layer": 1,
          "miss_ratio": 0.7132979064871389,
          "reinserted": 0,
          "req": 28117095
        }
      ],
      "miss_ratio": 0.20055864999999995,
      "req": 100000000
    }
  ],
  "trace": "zipf_1_2.oracleGeneral"
}