{
  "dram_cache_size": 500,
  "flash_cache_size": 10000,
  "results": [
    {
      "hit": 2994081,
      "iteration": 0,
      "metrics": [
        {
          "admission_treshold": 0,
          "algorithm": "lru",
          "hit": 175768,
          "inserted": 99824232,
          "layer": 0,
          "miss_ratio": 0.99824232,
          "reinserted": 175768,
          "req": 100000000
        },
        {
          "admission_treshold": 8,
          "algorithm": "fifo",
          "hit": 2818313,
          "inserted": 90131027,
          "layer": 1,
          "miss_ratio": 0.9717672458526904,
          "reinserted": 0,
          "req": 99824232
        }
      ],
      "miss_ratio": 0.97005919,
      "req": 100000000
    }
  ],
  "trace": "zipf0.5.oracleGeneral"
}