{
  "cache_size": 9998,
  "results": [
    {
      "hit": 55861130,
      "iteration": 0,
      "metrics": [
        {
          "admission_treshold": 4,
          "algorithm": "lru",
          "hit": 22638186,
          "inserted": 77361814,
          "layer": 0,
          "miss_ratio": 0.77361814,
          "reinserted": 22638186,
          "req": 100000000
        },
        {
          "admission_treshold": 4,
          "algorithm": "fifo",
          "hit": 33222944,
          "inserted": 41332607,
          "layer": 1,
          "miss_ratio": 0.5705511248740884,
          "reinserted": 0,
          "req": 77361814
        }
      ],
      "miss_ratio": 0.44138869999999997,
      "req": 100000000
    }
  ],
  "trace": "zipf_1_9.oracleGeneral"
}