{
  "dram_cache_size": 10000,
  "flash_cache_size": 100001,
  "results": [
    {
      "hit": 10776245,
      "iteration": 0,
      "metrics": [
        {
          "admission_treshold": 0,
          "algorithm": "lru",
          "hit": 1001494,
          "inserted": 98998506,
          "layer": 0,
          "miss_ratio": 0.98998506,
          "reinserted": 1001494,
          "req": 100000000
        },
        {
          "admission_treshold": 4,
          "algorithm": "lru",
          "hit": 9774751,
          "inserted": 87119049,
          "layer": 1,
          "miss_ratio": 0.9012636513928807,
          "reinserted": 8899403,
          "req": 98998506
        }
      ],
      "miss_ratio": 0.89223755,
      "req": 100000000
    }
  ],
  "trace": "zipf0.oracleGeneral"
}