{
  "dram_cache_size": 250002,
  "flash_cache_size": 500005,
  "results": [
    {
      "hit": 65481947,
      "iteration": 0,
      "metrics": [
        {
          "admission_treshold": 0,
          "algorithm": "lru",
          "hit": 27115904,
          "inserted": 72884096,
          "layer": 0,
          "miss_ratio": 0.72884096,
          "reinserted": 27115904,
          "req": 100000000
        },
        {
          "admission_treshold": 2,
          "algorithm": "fifo",
          "hit": 38366043,
          "inserted": 45036747,
          "layer": 1,
          "miss_ratio": 0.47360199130411107,
          "reinserted": 0,
          "req": 72884096
        }
      ],
      "miss_ratio": 0.34518053000000004,
      "req": 100000000
    }
  ],
  "trace": "zipf0.25.oracleGeneral"
}