{
  "dram_cache_size": 249,
  "flash_cache_size": 4999,
  "results": [
    {
      "hit": 54278084,
      "iteration": 0,
      "metrics": [
        {
          "admission_treshold": 0,
          "algorithm": "lru",
          "hit": 29627526,
          "inserted": 70372474,
          "layer": 0,
          "miss_ratio": 0.70372474,
          "reinserted": 29627526,
          "req": 100000000
        },
        {
          "admission_treshold": 2,
          "algorithm": "offline-clock",
          "hit": 24650558,
          "inserted": 44918476,
          "layer": 1,
          "miss_ratio": 0.6497130682090273,
          "reinserted": 10246744,
          "req": 70372474
        }
      ],
      "miss_ratio": 0.45721915999999996,
      "req": 100000000
    },
    {
      "hit": 54333015,
      "iteration": 1,
      "metrics": [
        {
          "admission_treshold": 0,
          "algorithm": "lru",
          "hit": 29627526,
          "inserted": 70372474,
          "layer": 0,
          "miss_ratio": 0.70372474,
          "reinserted": 29627526,
          "req": 100000000
        },
        {
          "admission_treshold": 2,
          "algorithm": "offline-clock",
          "hit": 24705489,
          "inserted": 44838152,
          "layer": 1,
          "miss_ratio": 0.6489324931222398,
          "reinserted": 5946910,
          "req": 70372474
        }
      ],
      "miss_ratio": 0.45666985000000004,
      "req": 100000000
    }
  ],
  "trace": "zipf_1_2.oracleGeneral"
}