{
  "cache_size": 39998640,
  "results": [
    {
      "hit": 62116323,
      "iteration": 0,
      "metrics": [
        {
          "admission_treshold": 32,
          "algorithm": "lru",
          "hit": 22636325,
          "inserted": 77363675,
          "layer": 0,
          "miss_ratio": 0.77363675,
          "reinserted": 22636325,
          "req": 100000000
        },
        {
          "admission_treshold": 32,
          "algorithm": "lru",
          "hit": 39479998,
          "inserted": 20682108,
          "layer": 1,
          "miss_ratio": 0.48968300691506705,
          "reinserted": 39457517,
          "req": 77363675
        }
      ],
      "miss_ratio": 0.37883677000000004,
      "req": 100000000
    }
  ],
  "trace": "zipf_1_7.oracleGeneral"
}