{
  "dram_cache_size": 499,
  "flash_cache_size": 9999,
  "results": [
    {
      "hit": 55890843,
      "iteration": 0,
      "metrics": [
        {
          "admission_treshold": 0,
          "algorithm": "lru",
          "hit": 34957352,
          "inserted": 65042648,
          "layer": 0,
          "miss_ratio": 0.6504264799999999,
          "reinserted": 34957352,
          "req": 100000000
        },
        {
          "admission_treshold": 1,
          "algorithm": "fifo",
          "hit": 20933491,
          "inserted": 44911042,
          "layer": 1,
          "miss_ratio": 0.6781574606249119,
          "reinserted": 0,
          "req": 65042648
        }
      ],
      "miss_ratio": 0.44109157,
      "req": 100000000
    }
  ],
  "trace": "zipf_1_0.oracleGeneral"
}