{
  "dram_cache_size": 2499,
  "flash_cache_size": 9998,
  "results": [
    {
      "hit": 62957986,
      "iteration": 0,
      "metrics": [
        {
          "admission_treshold": 0,
          "algorithm": "lru",
          "hit": 47456816,
          "inserted": 52543184,
          "layer": 0,
          "miss_ratio": 0.52543184,
          "reinserted": 47456816,
          "req": 100000000
        },
        {
          "admission_treshold": 32,
          "algorithm": "lru",
          "hit": 15501170,
          "inserted": 20754868,
          "layer": 1,
          "miss_ratio": 0.7049822865702238,
          "reinserted": 14633304,
          "req": 52543184
        }
      ],
      "miss_ratio": 0.37042014,
      "req": 100000000
    }
  ],
  "trace": "zipf_1_3.oracleGeneral"
}