{
  "dram_cache_size": 1250,
  "flash_cache_size": 5000,
  "results": [
    {
      "hit": 804197,
      "iteration": 0,
      "metrics": [
        {
          "admission_treshold": 0,
          "algorithm": "lru",
          "hit": 140247,
          "inserted": 99859753,
          "layer": 0,
          "miss_ratio": 0.99859753,
          "reinserted": 140247,
          "req": 100000000
        },
        {
          "admission_treshold": 32,
          "algorithm": "lru",
          "hit": 663950,
          "inserted": 68333629,
          "layer": 1,
          "miss_ratio": 0.9933511752227147,
          "reinserted": 563458,
          "req": 99859753
        }
      ],
      "miss_ratio": 0.99195803,
      "req": 100000000
    }
  ],
  "trace": "zipf0.25.oracleGeneral"
}