{
  "dram_cache_size": 999,
  "flash_cache_size": 9999,
  "results": [
    {
      "hit": 57880536,
      "iteration": 0,
      "metrics": [
        {
          "admission_treshold": 8,
          "algorithm": "lru",
          "hit": 40302497,
          "inserted": 59697503,
          "layer": 0,
          "miss_ratio": 0.5969750300000001,
          "reinserted": 40302497,
          "req": 100000000
        },
        {
          "admission_treshold": 8,
          "algorithm": "fifo",
          "hit": 17578039,
          "inserted": 36515186,
          "layer": 1,
          "miss_ratio": 0.7055481700800785,
          "reinserted": 0,
          "req": 59697503
        }
      ],
      "miss_ratio": 0.42119463999999995,
      "req": 100000000
    }
  ],
  "trace": "zipf_1_1.oracleGeneral"
}