{
  "cache_size": 9999,
  "results": [
    {
      "hit": 58723282,
      "iteration": 0,
      "metrics": [
        {
          "admission_treshold": 2,
          "algorithm": "lru",
          "hit": 22636325,
          "inserted": 77363675,
          "layer": 0,
          "miss_ratio": 0.77363675,
          "reinserted": 22636325,
          "req": 100000000
        },
        {
          "admission_treshold": 2,
          "algorithm": "lru",
          "hit": 36086957,
          "inserted": 40316461,
          "layer": 1,
          "miss_ratio": 0.5335413293124971,
          "reinserted": 36047308,
          "req": 77363675
        }
      ],
      "miss_ratio": 0.41276718,
      "req": 100000000
    }
  ],
  "trace": "zipf_1_7.oracleGeneral"
}