{
  "dram_cache_size": 2499,
  "flash_cache_size": 4999,
  "results": [
    {
      "hit": 56056540,
      "iteration": 0,
      "metrics": [
        {
          "admission_treshold": 0,
          "algorithm": "lru",
          "hit": 47460640,
          "inserted": 52539360,
          "layer": 0,
          "miss_ratio": 0.5253936,
          "reinserted": 47460640,
          "req": 100000000
        },
        {
          "admission_treshold": 0,
          "algorithm": "offline-clock",
          "hit": 8595900,
          "inserted": 47402081,
          "layer": 1,
          "miss_ratio": 0.8363912312597641,
          "reinserted": 4948408,
          "req": 52539360
        }
      ],
      "miss_ratio": 0.4394346,
      "req": 100000000
    },
    {
      "hit": 55587444,
      "iteration": 1,
      "metrics": [
        {
          "admission_treshold": 0,
          "algorithm": "lru",
          "hit": 47460640,
          "inserted": 52539360,
          "layer": 0,
          "miss_ratio": 0.5253936,
          "reinserted": 47460640,
          "req": 100000000
        },
        {
          "admission_treshold": 0,
          "algorithm": "offline-clock",
          "hit": 8126804,
          "inserted": 47547336,
          "layer": 1,
          "miss_ratio": 0.8453196993644384,
          "reinserted": 1886692,
          "req": 52539360
        }
      ],
      "miss_ratio": 0.44412556000000003,
      "req": 100000000
    }
  ],
  "trace": "zipf_1_2.oracleGeneral"
}