{
  "dram_cache_size": 50000,
  "flash_cache_size": 100001,
  "results": [
    {
      "hit": 15960215,
      "iteration": 0,
      "metrics": [
        {
          "admission_treshold": 0,
          "algorithm": "lru",
          "hit": 5575219,
          "inserted": 94424781,
          "layer": 0,
          "miss_ratio": 0.94424781,
          "reinserted": 5575219,
          "req": 100000000
        },
        {
          "admission_treshold": 0,
          "algorithm": "fifo",
          "hit": 10384996,
          "inserted": 88829224,
          "layer": 1,
          "miss_ratio": 0.8900183205084691,
          "reinserted": 0,
          "req": 94424781
        }
      ],
      "miss_ratio": 0.84039785,
      "req": 100000000
    }
  ],
  "trace": "zipf0.25.oracleGeneral"
}