{
  "dram_cache_size": 500,
  "flash_cache_size": 5000,
  "results": [
    {
      "hit": 459568,
      "iteration": 0,
      "metrics": [
        {
          "admission_treshold": 0,
          "algorithm": "lru",
          "hit": 49818,
          "inserted": 99950182,
          "layer": 0,
          "miss_ratio": 0.99950182,
          "reinserted": 49818,
          "req": 100000000
        },
        {
          "admission_treshold": 32,
          "algorithm": "lru",
          "hit": 409750,
          "inserted": 68589714,
          "layer": 1,
          "miss_ratio": 0.995900457690012,
          "reinserted": 375395,
          "req": 99950182
        }
      ],
      "miss_ratio": 0.99540432,
      "req": 100000000
    }
  ],
  "trace": "zipf0.oracleGeneral"
}