{
  "dram_cache_size": 999,
  "flash_cache_size": 9999,
  "results": [
    {
      "hit": 59188671,
      "iteration": 0,
      "metrics": [
        {
<<<<<<< HEAD
          "admission_treshold": 2,
=======
          "admission_treshold": 0,
>>>>>>> 160be2d8 (New results)
          "algorithm": "lru",
          "hit": 40302497,
          "inserted": 59697503,
          "layer": 0,
          "miss_ratio": 0.5969750300000001,
          "reinserted": 40302497,
          "req": 100000000
        },
        {
          "admission_treshold": 2,
          "algorithm": "lru",
          "hit": 18886174,
          "inserted": 40338012,
          "layer": 1,
          "miss_ratio": 0.6836354445176711,
          "reinserted": 18359650,
          "req": 59697503
        }
      ],
      "miss_ratio": 0.40811328999999996,
      "req": 100000000
    }
  ],
  "trace": "zipf_1_1.oracleGeneral"
}