{
  "dram_cache_size": 124977,
  "flash_cache_size": 499911,
  "results": [
    {
      "hit": 93407088,
      "iteration": 0,
      "metrics": [
        {
<<<<<<< HEAD
          "admission_treshold": 2,
=======
          "admission_treshold": 0,
>>>>>>> 160be2d8 (New results)
          "algorithm": "lru",
          "hit": 79891932,
          "inserted": 20108068,
          "layer": 0,
          "miss_ratio": 0.20108068,
          "reinserted": 79891932,
          "req": 100000000
        },
        {
          "admission_treshold": 2,
          "algorithm": "lru",
          "hit": 13515156,
          "inserted": 6281995,
          "layer": 1,
          "miss_ratio": 0.32787396581312533,
          "reinserted": 12826495,
          "req": 20108068
        }
      ],
      "miss_ratio": 0.06592911999999995,
      "req": 100000000
    }
  ],
  "trace": "zipf_1_4.oracleGeneral"
}