{
  "cache_size": 9999,
  "results": [
    {
      "hit": 59866577,
      "iteration": 0,
      "metrics": [
        {
          "admission_treshold": 8,
          "algorithm": "lru",
          "hit": 22648679,
          "inserted": 77351321,
          "layer": 0,
          "miss_ratio": 0.77351321,
          "reinserted": 22648679,
          "req": 100000000
        },
        {
          "admission_treshold": 8,
          "algorithm": "lru",
          "hit": 37217898,
          "inserted": 33380513,
          "layer": 1,
          "miss_ratio": 0.5188459935933092,
          "reinserted": 37184286,
          "req": 77351321
        }
      ],
      "miss_ratio": 0.40133423,
      "req": 100000000
    }
  ],
  "trace": "zipf_1_5.oracleGeneral"
}