{
  "dram_cache_size": 10000,
  "flash_cache_size": 100001,
  "results": [
    {
      "hit": 18951511,
      "iteration": 0,
      "metrics": [
        {
          "admission_treshold": 0,
          "algorithm": "lru",
          "hit": 2826844,
          "inserted": 97173156,
          "layer": 0,
          "miss_ratio": 0.97173156,
          "reinserted": 2826844,
          "req": 100000000
        },
        {
          "admission_treshold": 8,
          "algorithm": "fifo",
          "hit": 16124667,
          "inserted": 75380360,
          "layer": 1,
          "miss_ratio": 0.8340625367771322,
          "reinserted": 0,
          "req": 97173156
        }
      ],
      "miss_ratio": 0.81048489,
      "req": 100000000
    }
  ],
  "trace": "zipf0.5.oracleGeneral"
}