{
  "cache_size": 39993360,
  "results": [
    {
      "hit": 59416891,
      "iteration": 0,
      "metrics": [
        {
          "admission_treshold": 32,
          "algorithm": "lru",
          "hit": 22639416,
          "inserted": 77360584,
          "layer": 0,
          "miss_ratio": 0.77360584,
          "reinserted": 22639416,
          "req": 100000000
        },
        {
          "admission_treshold": 32,
          "algorithm": "fifo",
          "hit": 36777475,
          "inserted": 23478571,
          "layer": 1,
          "miss_ratio": 0.5245967248644348,
          "reinserted": 0,
          "req": 77360584
        }
      ],
      "miss_ratio": 0.40583108999999995,
      "req": 100000000
    }
  ],
  "trace": "zipf_1_2.oracleGeneral"
}