{
  "dram_cache_size": 1249,
  "flash_cache_size": 4999,
  "results": [
    {
      "hit": 52739012,
      "iteration": 0,
      "metrics": [
        {
<<<<<<< HEAD
          "admission_treshold": 1,
=======
          "admission_treshold": 0,
>>>>>>> 160be2d8 (New results)
          "algorithm": "lru",
          "hit": 42037752,
          "inserted": 57962248,
          "layer": 0,
          "miss_ratio": 0.57962248,
          "reinserted": 42037752,
          "req": 100000000
        },
        {
          "admission_treshold": 1,
          "algorithm": "fifo",
          "hit": 10701260,
          "inserted": 49820616,
          "layer": 1,
          "miss_ratio": 0.8153753456905259,
          "reinserted": 0,
          "req": 57962248
        }
      ],
      "miss_ratio": 0.47260988000000004,
      "req": 100000000
    }
  ],
  "trace": "zipf_1_2.oracleGeneral"
}