{
  "dram_cache_size": 50000,
  "flash_cache_size": 500005,
  "results": [
    {
      "hit": 60834235,
      "iteration": 0,
      "metrics": [
        {
          "admission_treshold": 0,
          "algorithm": "lru",
          "hit": 10740381,
          "inserted": 89259619,
          "layer": 0,
          "miss_ratio": 0.89259619,
          "reinserted": 10740381,
          "req": 100000000
        },
        {
          "admission_treshold": 4,
          "algorithm": "fifo",
          "hit": 50093854,
          "inserted": 38501139,
          "layer": 1,
          "miss_ratio": 0.4387848104079405,
          "reinserted": 0,
          "req": 89259619
        }
      ],
      "miss_ratio": 0.39165764999999997,
      "req": 100000000
    }
  ],
  "trace": "zipf0.5.oracleGeneral"
}