{
  "dram_cache_size": 2499,
  "flash_cache_size": 9998,
  "results": [
    {
      "hit": 59892782,
      "iteration": 0,
      "metrics": [
        {
          "admission_treshold": 0,
          "algorithm": "lru",
          "hit": 47460640,
          "inserted": 52539360,
          "layer": 0,
          "miss_ratio": 0.5253936,
          "reinserted": 47460640,
          "req": 100000000
        },
        {
          "admission_treshold": 0,
          "algorithm": "lru",
          "hit": 12432142,
          "inserted": 41844818,
          "layer": 1,
          "miss_ratio": 0.7633746966084094,
          "reinserted": 10692043,
          "req": 52539360
        }
      ],
      "miss_ratio": 0.40107218,
      "req": 100000000
    }
  ],
  "trace": "zipf_1_2.oracleGeneral"
}