{
  "dram_cache_size": 10000,
  "flash_cache_size": 100001,
  "results": [
    {
      "hit": 20274729,
      "iteration": 0,
      "metrics": [
        {
          "admission_treshold": 0,
          "algorithm": "lru",
          "hit": 2826844,
          "inserted": 97173156,
          "layer": 0,
          "miss_ratio": 0.97173156,
          "reinserted": 2826844,
          "req": 100000000
        },
        {
          "admission_treshold": 32,
          "algorithm": "fifo",
          "hit": 17447885,
          "inserted": 49918801,
          "layer": 1,
          "miss_ratio": 0.8204454221904658,
          "reinserted": 0,
          "req": 97173156
        }
      ],
      "miss_ratio": 0.79725271,
      "req": 100000000
    }
  ],
  "trace": "zipf0.5.oracleGeneral"
}