{
  "dram_cache_size": 4999,
  "flash_cache_size": 9999,
  "results": [
    {
      "hit": 60520800,
      "iteration": 0,
      "metrics": [
        {
          "admission_treshold": 0,
          "algorithm": "lru",
          "hit": 52944228,
          "inserted": 47055772,
          "layer": 0,
          "miss_ratio": 0.47055771999999996,
          "reinserted": 52944228,
          "req": 100000000
        },
        {
          "admission_treshold": 1,
          "algorithm": "fifo",
          "hit": 7576572,
          "inserted": 43062321,
          "layer": 1,
          "miss_ratio": 0.8389874041382214,
          "reinserted": 0,
          "req": 47055772
        }
      ],
      "miss_ratio": 0.39479200000000003,
      "req": 100000000
    }
  ],
  "trace": "zipf_1_0.oracleGeneral"
}