{
  "dram_cache_size": 4999,
  "flash_cache_size": 99991,
  "results": [
    {
      "hit": 78668472,
      "iteration": 0,
      "metrics": [
        {
          "admission_treshold": 4,
          "algorithm": "lru",
          "hit": 52944228,
          "inserted": 47055772,
          "layer": 0,
          "miss_ratio": 0.47055771999999996,
          "reinserted": 52944228,
          "req": 100000000
        },
        {
          "admission_treshold": 4,
          "algorithm": "lru",
          "hit": 25724244,
          "inserted": 18509245,
          "layer": 1,
          "miss_ratio": 0.45332436581850155,
          "reinserted": 25562032,
          "req": 47055772
        }
      ],
      "miss_ratio": 0.21331528,
      "req": 100000000
    }
  ],
  "trace": "zipf_1_0.oracleGeneral"
}