{
  "dram_cache_size": 10000,
  "flash_cache_size": 100001,
  "results": [
    {
      "hit": 40105917,
      "iteration": 0,
      "metrics": [
        {
          "admission_treshold": 0,
          "algorithm": "lru",
          "hit": 16952108,
          "inserted": 83047892,
          "layer": 0,
          "miss_ratio": 0.83047892,
          "reinserted": 16952108,
          "req": 100000000
        },
        {
          "admission_treshold": 0,
          "algorithm": "fifo",
          "hit": 23153809,
          "inserted": 61725496,
          "layer": 1,
          "miss_ratio": 0.7211993171361893,
          "reinserted": 0,
          "req": 83047892
        }
      ],
      "miss_ratio": 0.59894083,
      "req": 100000000
    }
  ],
  "trace": "zipf0.75.oracleGeneral"
}