{
  "dram_cache_size": 50000,
  "flash_cache_size": 100001,
  "results": [
    {
      "hit": 14481537,
      "iteration": 0,
      "metrics": [
        {
          "admission_treshold": 0,
          "algorithm": "lru",
          "hit": 5001526,
          "inserted": 94998474,
          "layer": 0,
          "miss_ratio": 0.94998474,
          "reinserted": 5001526,
          "req": 100000000
        },
        {
          "admission_treshold": 4,
          "algorithm": "fifo",
          "hit": 9480011,
          "inserted": 86964788,
          "layer": 1,
          "miss_ratio": 0.9002088075646352,
          "reinserted": 0,
          "req": 94998474
        }
      ],
      "miss_ratio": 0.85518463,
      "req": 100000000
    }
  ],
  "trace": "zipf0.oracleGeneral"
}