{
  "dram_cache_size": 250,
  "flash_cache_size": 5000,
  "results": [
    {
      "hit": 632614,
      "iteration": 0,
      "metrics": [
        {
          "admission_treshold": 0,
          "algorithm": "lru",
          "hit": 28056,
          "inserted": 99971944,
          "layer": 0,
          "miss_ratio": 0.99971944,
          "reinserted": 28056,
          "req": 100000000
        },
        {
          "admission_treshold": 16,
          "algorithm": "lru",
          "hit": 604558,
          "inserted": 84394981,
          "layer": 1,
          "miss_ratio": 0.9939527233760704,
          "reinserted": 580384,
          "req": 99971944
        }
      ],
      "miss_ratio": 0.99367386,
      "req": 100000000
    }
  ],
  "trace": "zipf0.25.oracleGeneral"
}