{
  "cache_size": 9999,
  "results": [
    {
      "hit": 59117133,
      "iteration": 0,
      "metrics": [
        {
          "admission_treshold": 4,
          "algorithm": "lru",
          "hit": 22650717,
          "inserted": 77349283,
          "layer": 0,
          "miss_ratio": 0.77349283,
          "reinserted": 22650717,
          "req": 100000000
        },
        {
          "admission_treshold": 4,
          "algorithm": "lru",
          "hit": 36466416,
          "inserted": 37926178,
          "layer": 1,
          "miss_ratio": 0.5285487520291559,
          "reinserted": 36428670,
          "req": 77349283
        }
      ],
      "miss_ratio": 0.40882867,
      "req": 100000000
    }
  ],
  "trace": "zipf_1_10.oracleGeneral"
}