{
  "dram_cache_size": 1000,
  "flash_cache_size": 10000,
  "results": [
    {
      "hit": 16151891,
      "iteration": 0,
      "metrics": [
        {
          "admission_treshold": 0,
          "algorithm": "lru",
          "hit": 6156641,
          "inserted": 93843359,
          "layer": 0,
          "miss_ratio": 0.93843359,
          "reinserted": 6156641,
          "req": 100000000
        },
        {
          "admission_treshold": 2,
          "algorithm": "fifo",
          "hit": 9995250,
          "inserted": 83830776,
          "layer": 1,
          "miss_ratio": 0.8934900657168505,
          "reinserted": 0,
          "req": 93843359
        }
      ],
      "miss_ratio": 0.83848109,
      "req": 100000000
    }
  ],
  "trace": "zipf0.75.oracleGeneral"
}