{
  "dram_cache_size": 50000,
  "flash_cache_size": 100001,
  "results": [
    {
      "hit": 48159003,
      "iteration": 0,
      "metrics": [
        {
          "admission_treshold": 0,
          "algorithm": "lru",
          "hit": 31987040,
          "inserted": 68012960,
          "layer": 0,
          "miss_ratio": 0.6801296,
          "reinserted": 31987040,
          "req": 100000000
        },
        {
          "admission_treshold": 8,
          "algorithm": "lru",
          "hit": 16171963,
          "inserted": 51152540,
          "layer": 1,
          "miss_ratio": 0.7622223323319556,
          "reinserted": 10160090,
          "req": 68012960
        }
      ],
      "miss_ratio": 0.51840997,
      "req": 100000000
    }
  ],
  "trace": "zipf0.75.oracleGeneral"
}