{
  "dram_cache_size": 5000,
  "flash_cache_size": 500005,
  "results": [
    {
      "hit": 73719781,
      "iteration": 0,
      "metrics": [
        {
          "admission_treshold": 0,
          "algorithm": "lru",
          "hit": 12740005,
          "inserted": 87259995,
          "layer": 0,
          "miss_ratio": 0.87259995,
          "reinserted": 12740005,
          "req": 100000000
        },
        {
          "admission_treshold": 2,
          "algorithm": "fifo",
          "hit": 60979776,
          "inserted": 25462504,
          "layer": 1,
          "miss_ratio": 0.3011714474657029,
          "reinserted": 0,
          "req": 87259995
        }
      ],
      "miss_ratio": 0.26280219000000005,
      "req": 100000000
    }
  ],
  "trace": "zipf0.75.oracleGeneral"
}