{
  "cache_size": 999910976,
  "results": [
    {
      "hit": 82623704,
      "iteration": 0,
      "metrics": [
        {
          "admission_treshold": 32,
          "algorithm": "lru",
          "hit": 47462662,
          "inserted": 52537338,
          "layer": 0,
          "miss_ratio": 0.52537338,
          "reinserted": 47462662,
          "req": 100000000
        },
        {
          "admission_treshold": 32,
          "algorithm": "lru",
          "hit": 35161042,
          "inserted": 224114,
          "layer": 1,
          "miss_ratio": 0.3307418430678768,
          "reinserted": 35159024,
          "req": 52537338
        }
      ],
      "miss_ratio": 0.17376296000000002,
      "req": 100000000
    }
  ],
  "trace": "zipf_1_0.oracleGeneral"
}