{
  "dram_cache_size": 124979,
  "flash_cache_size": 499917,
  "results": [
    {
      "hit": 93611890,
      "iteration": 0,
      "metrics": [
        {
<<<<<<< HEAD
          "admission_treshold": 1,
=======
          "admission_treshold": 0,
>>>>>>> 160be2d8 (New results)
          "algorithm": "lru",
          "hit": 79903648,
          "inserted": 20096352,
          "layer": 0,
          "miss_ratio": 0.20096351999999995,
          "reinserted": 79903648,
          "req": 100000000
        },
        {
          "admission_treshold": 1,
          "algorithm": "lru",
          "hit": 13708242,
          "inserted": 7029252,
          "layer": 1,
          "miss_ratio": 0.3178741096891615,
          "reinserted": 12942121,
          "req": 20096352
        }
      ],
      "miss_ratio": 0.06388110000000002,
      "req": 100000000
    }
  ],
  "trace": "zipf_1_2.oracleGeneral"
}