{
  "dram_cache_size": 9999,
  "flash_cache_size": 99991,
  "results": [
    {
      "hit": 79422382,
      "iteration": 0,
      "metrics": [
        {
          "admission_treshold": 0,
          "algorithm": "lru",
          "hit": 58513424,
          "inserted": 41486576,
          "layer": 0,
          "miss_ratio": 0.41486576,
          "reinserted": 58513424,
          "req": 100000000
        },
        {
          "admission_treshold": 4,
          "algorithm": "offline-clock",
          "hit": 20908958,
          "inserted": 17910930,
          "layer": 1,
          "miss_ratio": 0.49600666008204675,
          "reinserted": 9436016,
          "req": 41486576
        }
      ],
      "miss_ratio": 0.20577617999999998,
      "req": 100000000
    },
    {
      "hit": 79740637,
      "iteration": 1,
      "metrics": [
        {
          "admission_treshold": 0,
          "algorithm": "lru",
          "hit": 58513424,
          "inserted": 41486576,
          "layer": 0,
          "miss_ratio": 0.41486576,
          "reinserted": 58513424,
          "req": 100000000
        },
        {
          "admission_treshold": 4,
          "algorithm": "offline-clock",
          "hit": 21227213,
          "inserted": 17548989,
          "layer": 1,
          "miss_ratio": 0.48833538347440386,
          "reinserted": 5333759,
          "req": 41486576
        }
      ],
      "miss_ratio": 0.20259362999999997,
      "req": 100000000
    }
  ],
  "trace": "zipf_1_0.oracleGeneral"
}