{
  "cache_size": 19999540,
  "results": [
    {
      "hit": 54149927,
      "iteration": 0,
      "metrics": [
        {
          "admission_treshold": 8,
          "algorithm": "lru",
          "hit": 17359950,
          "inserted": 82640050,
          "layer": 0,
          "miss_ratio": 0.8264005,
          "reinserted": 17359950,
          "req": 100000000
        },
        {
          "admission_treshold": 8,
          "algorithm": "lru",
          "hit": 36789977,
          "inserted": 39095748,
          "layer": 1,
          "miss_ratio": 0.554816617366519,
          "reinserted": 36756061,
          "req": 82640050
        }
      ],
      "miss_ratio": 0.45850073,
      "req": 100000000
    }
  ],
  "trace": "zipf_1_16.oracleGeneral"
}