{
  "dram_cache_size": 49991,
  "flash_cache_size": 499911,
  "results": [
    {
      "hit": 92866926,
      "iteration": 0,
      "metrics": [
        {
          "admission_treshold": 0,
          "algorithm": "lru",
          "hit": 71867511,
          "inserted": 28132489,
          "layer": 0,
          "miss_ratio": 0.28132489000000005,
          "reinserted": 71867511,
          "req": 100000000
        },
        {
          "admission_treshold": 2,
          "algorithm": "lru",
          "hit": 20999415,
          "inserted": 6349281,
          "layer": 1,
          "miss_ratio": 0.2535528939511893,
          "reinserted": 20783255,
          "req": 28132489
        }
      ],
      "miss_ratio": 0.07133073999999995,
      "req": 100000000
    }
  ],
  "trace": "zipf_1_4.oracleGeneral"
}