{
  "cache_size": 399977600,
  "results": [
    {
      "hit": 78546544,
      "iteration": 0,
      "metrics": [
        {
          "admission_treshold": 16,
          "algorithm": "lru",
          "hit": 40294667,
          "inserted": 59705333,
          "layer": 0,
          "miss_ratio": 0.59705333,
          "reinserted": 40294667,
          "req": 100000000
        },
        {
          "admission_treshold": 16,
          "algorithm": "fifo",
          "hit": 38251877,
          "inserted": 9466286,
          "layer": 1,
          "miss_ratio": 0.35932227360661395,
          "reinserted": 0,
          "req": 59705333
        }
      ],
      "miss_ratio": 0.21453456000000004,
      "req": 100000000
    }
  ],
  "trace": "zipf_1_8.oracleGeneral"
}