{
  "dram_cache_size": 12499,
  "flash_cache_size": 249983,
  "results": [
    {
      "hit": 86924410,
      "iteration": 0,
      "metrics": [
        {
          "admission_treshold": 8,
          "algorithm": "lru",
          "hit": 60326677,
          "inserted": 39673323,
          "layer": 0,
          "miss_ratio": 0.39673323000000005,
          "reinserted": 60326677,
          "req": 100000000
        },
        {
          "admission_treshold": 8,
          "algorithm": "offline-clock",
          "hit": 26597733,
          "inserted": 6432280,
          "layer": 1,
          "miss_ratio": 0.32958141671167807,
          "reinserted": 6933624,
          "req": 39673323
        }
      ],
      "miss_ratio": 0.13075590000000004,
      "req": 100000000
    },
    {
      "hit": 87388134,
      "iteration": 1,
      "metrics": [
        {
          "admission_treshold": 8,
          "algorithm": "lru",
          "hit": 60326677,
          "inserted": 39673323,
          "layer": 0,
          "miss_ratio": 0.39673323000000005,
          "reinserted": 60326677,
          "req": 100000000
        },
        {
          "admission_treshold": 8,
          "algorithm": "offline-clock",
          "hit": 27061457,
          "inserted": 5952693,
          "layer": 1,
          "miss_ratio": 0.3178928571221523,
          "reinserted": 3782521,
          "req": 39673323
        }
      ],
      "miss_ratio": 0.12611866000000005,
      "req": 100000000
    }
  ],
  "trace": "zipf_1_1.oracleGeneral"
}