{
  "dram_cache_size": 250002,
  "flash_cache_size": 500005,
  "results": [
    {
      "hit": 82114161,
      "iteration": 0,
      "metrics": [
        {
          "admission_treshold": 0,
          "algorithm": "lru",
          "hit": 59431965,
          "inserted": 40568035,
          "layer": 0,
          "miss_ratio": 0.40568035,
          "reinserted": 59431965,
          "req": 100000000
        },
        {
          "admission_treshold": 8,
          "algorithm": "lru",
          "hit": 22682196,
          "inserted": 17718233,
          "layer": 1,
          "miss_ratio": 0.440885021914421,
          "reinserted": 17349162,
          "req": 40568035
        }
      ],
      "miss_ratio": 0.17885839000000003,
      "req": 100000000
    }
  ],
  "trace": "zipf0.75.oracleGeneral"
}