{
  "dram_cache_size": 49991,
  "flash_cache_size": 499917,
  "results": [
    {
      "hit": 88186333,
      "iteration": 0,
      "metrics": [
        {
          "admission_treshold": 0,
          "algorithm": "lru",
          "hit": 71882905,
          "inserted": 28117095,
          "layer": 0,
          "miss_ratio": 0.28117095000000003,
          "reinserted": 71882905,
          "req": 100000000
        },
        {
          "admission_treshold": 16,
          "algorithm": "fifo",
          "hit": 16303428,
          "inserted": 461125,
          "layer": 1,
          "miss_ratio": 0.4201595861876911,
          "reinserted": 0,
          "req": 28117095
        }
      ],
      "miss_ratio": 0.11813667000000005,
      "req": 100000000
    }
  ],
  "trace": "zipf_1_2.oracleGeneral"
}