{
  "dram_cache_size": 249,
  "flash_cache_size": 4999,
  "results": [
    {
      "hit": 55303741,
      "iteration": 0,
      "metrics": [
        {
<<<<<<< HEAD
          "admission_treshold": 16,
=======
          "admission_treshold": 0,
>>>>>>> 160be2d8 (New results)
          "algorithm": "lru",
          "hit": 29627526,
          "inserted": 70372474,
          "layer": 0,
          "miss_ratio": 0.70372474,
          "reinserted": 29627526,
          "req": 100000000
        },
        {
          "admission_treshold": 16,
          "algorithm": "lru",
          "hit": 25676215,
          "inserted": 32821564,
          "layer": 1,
          "miss_ratio": 0.6351383781107369,
          "reinserted": 25493219,
          "req": 70372474
        }
      ],
      "miss_ratio": 0.44696259000000005,
      "req": 100000000
    }
  ],
  "trace": "zipf_1_2.oracleGeneral"
}