{
  "cache_size": 499917,
  "results": [
    {
      "hit": 92882454,
      "iteration": 0,
      "metrics": [
        {
          "admission_treshold": 1,
          "algorithm": "lru",
          "hit": 52949056,
          "inserted": 47050944,
          "layer": 0,
          "miss_ratio": 0.47050943999999995,
          "reinserted": 52949056,
          "req": 100000000
        },
        {
          "admission_treshold": 1,
          "algorithm": "lru",
          "hit": 39933398,
          "inserted": 7129407,
          "layer": 1,
          "miss_ratio": 0.1512731816815408,
          "reinserted": 39916538,
          "req": 47050944
        }
      ],
      "miss_ratio": 0.07117545999999997,
      "req": 100000000
    }
  ],
  "trace": "zipf_1_2.oracleGeneral"
}