{
  "dram_cache_size": 1000,
  "flash_cache_size": 10000,
  "results": [
    {
      "hit": 17527706,
      "iteration": 0,
      "metrics": [
        {
          "admission_treshold": 0,
          "algorithm": "lru",
          "hit": 6156641,
          "inserted": 93843359,
          "layer": 0,
          "miss_ratio": 0.93843359,
          "reinserted": 6156641,
          "req": 100000000
        },
        {
          "admission_treshold": 16,
          "algorithm": "fifo",
          "hit": 11371065,
          "inserted": 68344310,
          "layer": 1,
          "miss_ratio": 0.8788293053320907,
          "reinserted": 0,
          "req": 93843359
        }
      ],
      "miss_ratio": 0.82472294,
      "req": 100000000
    }
  ],
  "trace": "zipf0.75.oracleGeneral"
}