{
  "dram_cache_size": 24995,
  "flash_cache_size": 99983,
  "results": [
    {
      "hit": 77907811,
      "iteration": 0,
      "metrics": [
        {
          "admission_treshold": 0,
          "algorithm": "lru",
          "hit": 66030429,
          "inserted": 33969571,
          "layer": 0,
          "miss_ratio": 0.33969571,
          "reinserted": 66030429,
          "req": 100000000
        },
        {
          "admission_treshold": 2,
          "algorithm": "fifo",
          "hit": 11877382,
          "inserted": 23215532,
          "layer": 1,
          "miss_ratio": 0.6503523108961252,
          "reinserted": 0,
          "req": 33969571
        }
      ],
      "miss_ratio": 0.22092188999999995,
      "req": 100000000
    }
  ],
  "trace": "zipf_1_3.oracleGeneral"
}