{
  "dram_cache_size": 4999,
  "flash_cache_size": 9998,
  "results": [
    {
      "hit": 61377523,
      "iteration": 0,
      "metrics": [
        {
          "admission_treshold": 0,
          "algorithm": "lru",
          "hit": 52949056,
          "inserted": 47050944,
          "layer": 0,
          "miss_ratio": 0.47050943999999995,
          "reinserted": 52949056,
          "req": 100000000
        },
        {
          "admission_treshold": 8,
          "algorithm": "fifo",
          "hit": 8428467,
          "inserted": 35086365,
          "layer": 1,
          "miss_ratio": 0.8208650818993133,
          "reinserted": 0,
          "req": 47050944
        }
      ],
      "miss_ratio": 0.38622477,
      "req": 100000000
    }
  ],
  "trace": "zipf_1_2.oracleGeneral"
}