{
  "dram_cache_size": 9999,
  "flash_cache_size": 99993,
  "results": [
    {
      "hit": 76378425,
      "iteration": 0,
      "metrics": [
        {
          "admission_treshold": 2,
          "algorithm": "lru",
          "hit": 58516114,
          "inserted": 41483886,
          "layer": 0,
          "miss_ratio": 0.41483886000000003,
          "reinserted": 58516114,
          "req": 100000000
        },
        {
          "admission_treshold": 2,
          "algorithm": "fifo",
          "hit": 17862311,
          "inserted": 23712544,
          "layer": 1,
          "miss_ratio": 0.5694156762459525,
          "reinserted": 0,
          "req": 41483886
        }
      ],
      "miss_ratio": 0.23621574999999995,
      "req": 100000000
    }
  ],
  "trace": "zipf_1_1.oracleGeneral"
}