{
  "dram_cache_size": 124979,
  "flash_cache_size": 499917,
  "results": [
    {
      "hit": 93405492,
      "iteration": 0,
      "metrics": [
        {
          "admission_treshold": 0,
          "algorithm": "lru",
          "hit": 79903648,
          "inserted": 20096352,
          "layer": 0,
          "miss_ratio": 0.20096351999999995,
          "reinserted": 79903648,
          "req": 100000000
        },
        {
          "admission_treshold": 2,
          "algorithm": "lru",
          "hit": 13501844,
          "inserted": 6282043,
          "layer": 1,
          "miss_ratio": 0.3281445309078981,
          "reinserted": 12814406,
          "req": 20096352
        }
      ],
      "miss_ratio": 0.06594507999999999,
      "req": 100000000
    }
  ],
  "trace": "zipf_1_2.oracleGeneral"
}