{
  "dram_cache_size": 12498,
  "flash_cache_size": 249977,
  "results": [
    {
      "hit": 86168927,
      "iteration": 0,
      "metrics": [
        {
<<<<<<< HEAD
          "admission_treshold": 16,
=======
          "admission_treshold": 0,
>>>>>>> 160be2d8 (New results)
          "algorithm": "lru",
          "hit": 60324050,
          "inserted": 39675950,
          "layer": 0,
          "miss_ratio": 0.39675950000000004,
          "reinserted": 60324050,
          "req": 100000000
        },
        {
          "admission_treshold": 16,
          "algorithm": "lru",
          "hit": 25844877,
          "inserted": 1966648,
          "layer": 1,
          "miss_ratio": 0.34860092827014855,
          "reinserted": 25816558,
          "req": 39675950
        }
      ],
      "miss_ratio": 0.13831073000000005,
      "req": 100000000
    }
  ],
  "trace": "zipf_1_0.oracleGeneral"
}