{
  "dram_cache_size": 5000,
  "flash_cache_size": 500005,
  "results": [
    {
      "hit": 49025771,
      "iteration": 0,
      "metrics": [
        {
          "admission_treshold": 0,
          "algorithm": "lru",
          "hit": 500336,
          "inserted": 99499664,
          "layer": 0,
          "miss_ratio": 0.99499664,
          "reinserted": 500336,
          "req": 100000000
        },
        {
          "admission_treshold": 4,
          "algorithm": "lru",
          "hit": 48525435,
          "inserted": 48225878,
          "layer": 1,
          "miss_ratio": 0.5123055390418203,
          "reinserted": 48283763,
          "req": 99499664
        }
      ],
      "miss_ratio": 0.5097422899999999,
      "req": 100000000
    }
  ],
  "trace": "zipf0.oracleGeneral"
}