{
  "dram_cache_size": 12497,
  "flash_cache_size": 249958,
  "results": [
    {
      "hit": 86408121,
      "iteration": 0,
      "metrics": [
        {
          "admission_treshold": 0,
          "algorithm": "lru",
          "hit": 60323432,
          "inserted": 39676568,
          "layer": 0,
          "miss_ratio": 0.39676568,
          "reinserted": 60323432,
          "req": 100000000
        },
        {
          "admission_treshold": 0,
          "algorithm": "lru",
          "hit": 26084689,
          "inserted": 13729735,
          "layer": 1,
          "miss_ratio": 0.3425669024599104,
          "reinserted": 25934336,
          "req": 39676568
        }
      ],
      "miss_ratio": 0.13591878999999996,
      "req": 100000000
    }
  ],
  "trace": "zipf_1_3.oracleGeneral"
}