{
  "dram_cache_size": 4999,
  "flash_cache_size": 99983,
  "results": [
    {
      "hit": 80312297,
      "iteration": 0,
      "metrics": [
        {
<<<<<<< HEAD
          "admission_treshold": 32,
=======
          "admission_treshold": 0,
>>>>>>> 160be2d8 (New results)
          "algorithm": "lru",
          "hit": 52946357,
          "inserted": 47053643,
          "layer": 0,
          "miss_ratio": 0.47053643,
          "reinserted": 52946357,
          "req": 100000000
        },
        {
          "admission_treshold": 32,
          "algorithm": "offline-clock",
          "hit": 27365940,
          "inserted": 2626608,
          "layer": 1,
          "miss_ratio": 0.4184097499103311,
          "reinserted": 4514425,
          "req": 47053643
        }
      ],
      "miss_ratio": 0.19687703,
      "req": 100000000
    },
    {
      "hit": 80658379,
      "iteration": 1,
      "metrics": [
        {
<<<<<<< HEAD
          "admission_treshold": 32,
=======
          "admission_treshold": 0,
>>>>>>> 160be2d8 (New results)
          "algorithm": "lru",
          "hit": 52946357,
          "inserted": 47053643,
          "layer": 0,
          "miss_ratio": 0.47053643,
          "reinserted": 52946357,
          "req": 100000000
        },
        {
          "admission_treshold": 32,
          "algorithm": "offline-clock",
          "hit": 27712022,
          "inserted": 2271869,
          "layer": 1,
          "miss_ratio": 0.41105469772021686,
          "reinserted": 2311458,
          "req": 47053643
        }
      ],
      "miss_ratio": 0.19341620999999998,
      "req": 100000000
    }
  ],
  "trace": "zipf_1_3.oracleGeneral"
}