{
  "dram_cache_size": 125001,
  "flash_cache_size": 500005,
  "results": [
    {
      "hit": 58025379,
      "iteration": 0,
      "metrics": [
        {
          "admission_treshold": 0,
          "algorithm": "lru",
          "hit": 13784746,
          "inserted": 86215254,
          "layer": 0,
          "miss_ratio": 0.86215254,
          "reinserted": 13784746,
          "req": 100000000
        },
        {
          "admission_treshold": 4,
          "algorithm": "lru",
          "hit": 44240633,
          "inserted": 45347245,
          "layer": 1,
          "miss_ratio": 0.48685840443038075,
          "reinserted": 38117898,
          "req": 86215254
        }
      ],
      "miss_ratio": 0.41974621,
      "req": 100000000
    }
  ],
  "trace": "zipf0.25.oracleGeneral"
}