{
  "dram_cache_size": 124988,
  "flash_cache_size": 249977,
  "results": [
    {
      "hit": 88793994,
      "iteration": 0,
      "metrics": [
        {
<<<<<<< HEAD
          "admission_treshold": 2,
=======
          "admission_treshold": 0,
>>>>>>> 160be2d8 (New results)
          "algorithm": "lru",
          "hit": 79906646,
          "inserted": 20093354,
          "layer": 0,
          "miss_ratio": 0.20093353999999997,
          "reinserted": 79906646,
          "req": 100000000
        },
        {
          "admission_treshold": 2,
          "algorithm": "lru",
          "hit": 8887348,
          "inserted": 12856794,
          "layer": 1,
          "miss_ratio": 0.5576971370732831,
          "reinserted": 6236567,
          "req": 20093354
        }
      ],
      "miss_ratio": 0.11206006000000002,
      "req": 100000000
    }
  ],
  "trace": "zipf_1_0.oracleGeneral"
}