{
  "dram_cache_size": 124991,
  "flash_cache_size": 249983,
  "results": [
    {
      "hit": 88742808,
      "iteration": 0,
      "metrics": [
        {
<<<<<<< HEAD
          "admission_treshold": 8,
=======
          "admission_treshold": 0,
>>>>>>> 160be2d8 (New results)
          "algorithm": "lru",
          "hit": 79910991,
          "inserted": 20089009,
          "layer": 0,
          "miss_ratio": 0.20089009000000002,
          "reinserted": 79910991,
          "req": 100000000
        },
        {
          "admission_treshold": 8,
          "algorithm": "lru",
          "hit": 8831817,
          "inserted": 6634809,
          "layer": 1,
          "miss_ratio": 0.560365720379736,
          "reinserted": 7412719,
          "req": 20089009
        }
      ],
      "miss_ratio": 0.11257192000000005,
      "req": 100000000
    }
  ],
  "trace": "zipf_1_1.oracleGeneral"
}