{
  "dram_cache_size": 49991,
  "flash_cache_size": 99983,
  "results": [
    {
      "hit": 80869773,
      "iteration": 0,
      "metrics": [
        {
          "admission_treshold": 0,
          "algorithm": "lru",
          "hit": 71882905,
          "inserted": 28117095,
          "layer": 0,
          "miss_ratio": 0.28117095000000003,
          "reinserted": 71882905,
          "req": 100000000
        },
        {
          "admission_treshold": 8,
          "algorithm": "fifo",
          "hit": 8986868,
          "inserted": 15018662,
          "layer": 1,
          "miss_ratio": 0.680377080206899,
          "reinserted": 0,
          "req": 28117095
        }
      ],
      "miss_ratio": 0.19130227,
      "req": 100000000
    }
  ],
  "trace": "zipf_1_2.oracleGeneral"
}