{
  "cache_size": 39998640,
  "results": [
    {
      "hit": 59854370,
      "iteration": 0,
      "metrics": [
        {
          "admission_treshold": 8,
          "algorithm": "lru",
          "hit": 22636325,
          "inserted": 77363675,
          "layer": 0,
          "miss_ratio": 0.77363675,
          "reinserted": 22636325,
          "req": 100000000
        },
        {
          "admission_treshold": 8,
          "algorithm": "lru",
          "hit": 37218045,
          "inserted": 33390130,
          "layer": 1,
          "miss_ratio": 0.518920927683438,
          "reinserted": 37184033,
          "req": 77363675
        }
      ],
      "miss_ratio": 0.4014563,
      "req": 100000000
    }
  ],
  "trace": "zipf_1_7.oracleGeneral"
}