{
  "cache_size": 19997780,
  "results": [
    {
      "hit": 49775887,
      "iteration": 0,
      "metrics": [
        {
          "admission_treshold": 2,
          "algorithm": "lru",
          "hit": 17361364,
          "inserted": 82638636,
          "layer": 0,
          "miss_ratio": 0.82638636,
          "reinserted": 17361364,
          "req": 100000000
        },
        {
          "admission_treshold": 2,
          "algorithm": "fifo",
          "hit": 32414523,
          "inserted": 49428967,
          "layer": 1,
          "miss_ratio": 0.6077558322719654,
          "reinserted": 0,
          "req": 82638636
        }
      ],
      "miss_ratio": 0.50224113,
      "req": 100000000
    }
  ],
  "trace": "zipf_1_17.oracleGeneral"
}