{
  "dram_cache_size": 499,
  "flash_cache_size": 4999,
  "results": [
    {
      "hit": 53088751,
      "iteration": 0,
      "metrics": [
        {
<<<<<<< HEAD
          "admission_treshold": 16,
=======
          "admission_treshold": 0,
>>>>>>> 160be2d8 (New results)
          "algorithm": "lru",
          "hit": 34942302,
          "inserted": 65057698,
          "layer": 0,
          "miss_ratio": 0.6505769800000001,
          "reinserted": 34942302,
          "req": 100000000
        },
        {
          "admission_treshold": 16,
          "algorithm": "fifo",
          "hit": 18146449,
          "inserted": 35960116,
          "layer": 1,
          "miss_ratio": 0.7210714556792341,
          "reinserted": 0,
          "req": 65057698
        }
      ],
      "miss_ratio": 0.46911249,
      "req": 100000000
    }
  ],
  "trace": "zipf_1_3.oracleGeneral"
}