{
  "dram_cache_size": 2500,
  "flash_cache_size": 5000,
  "results": [
    {
      "hit": 2850991,
      "iteration": 0,
      "metrics": [
        {
          "admission_treshold": 0,
          "algorithm": "lru",
          "hit": 822760,
          "inserted": 99177240,
          "layer": 0,
          "miss_ratio": 0.9917724,
          "reinserted": 822760,
          "req": 100000000
        },
        {
          "admission_treshold": 32,
          "algorithm": "fifo",
          "hit": 2028231,
          "inserted": 66766597,
          "layer": 1,
          "miss_ratio": 0.9795494308976536,
          "reinserted": 0,
          "req": 99177240
        }
      ],
      "miss_ratio": 0.97149009,
      "req": 100000000
    }
  ],
  "trace": "zipf0.5.oracleGeneral"
}