{
  "cache_size": 99983,
  "results": [
    {
      "hit": 80180669,
      "iteration": 0,
      "metrics": [
        {
          "admission_treshold": 16,
          "algorithm": "lru",
          "hit": 40298607,
          "inserted": 59701393,
          "layer": 0,
          "miss_ratio": 0.59701393,
          "reinserted": 40298607,
          "req": 100000000
        },
        {
          "admission_treshold": 16,
          "algorithm": "lru",
          "hit": 39882062,
          "inserted": 7785143,
          "layer": 1,
          "miss_ratio": 0.3319743477342313,
          "reinserted": 39870004,
          "req": 59701393
        }
      ],
      "miss_ratio": 0.19819330999999996,
      "req": 100000000
    }
  ],
  "trace": "zipf_1_3.oracleGeneral"
}