{
  "cache_size": 19998880,
  "results": [
    {
      "hit": 50157374,
      "iteration": 0,
      "metrics": [
        {
          "admission_treshold": 4,
          "algorithm": "lru",
          "hit": 17362552,
          "inserted": 82637448,
          "layer": 0,
          "miss_ratio": 0.82637448,
          "reinserted": 17362552,
          "req": 100000000
        },
        {
          "admission_treshold": 4,
          "algorithm": "fifo",
          "hit": 32794822,
          "inserted": 47044698,
          "layer": 1,
          "miss_ratio": 0.6031481756309802,
          "reinserted": 0,
          "req": 82637448
        }
      ],
      "miss_ratio": 0.49842626,
      "req": 100000000
    }
  ],
  "trace": "zipf_1_13.oracleGeneral"
}