{
  "cache_size": 249977,
  "results": [
    {
      "hit": 86329272,
      "iteration": 0,
      "metrics": [
        {
          "admission_treshold": 2,
          "algorithm": "lru",
          "hit": 47462770,
          "inserted": 52537230,
          "layer": 0,
          "miss_ratio": 0.5253723,
          "reinserted": 47462770,
          "req": 100000000
        },
        {
          "admission_treshold": 2,
          "algorithm": "lru",
          "hit": 38866502,
          "inserted": 12692956,
          "layer": 1,
          "miss_ratio": 0.26021029277714114,
          "reinserted": 38844381,
          "req": 52537230
        }
      ],
      "miss_ratio": 0.13670728,
      "req": 100000000
    }
  ],
  "trace": "zipf_1_18.oracleGeneral"
}