{
  "dram_cache_size": 50000,
  "flash_cache_size": 100001,
  "results": [
    {
      "hit": 14874219,
      "iteration": 0,
      "metrics": [
        {
          "admission_treshold": 0,
          "algorithm": "lru",
          "hit": 5575219,
          "inserted": 94424781,
          "layer": 0,
          "miss_ratio": 0.94424781,
          "reinserted": 5575219,
          "req": 100000000
        },
        {
          "admission_treshold": 32,
          "algorithm": "fifo",
          "hit": 9299000,
          "inserted": 58897809,
          "layer": 1,
          "miss_ratio": 0.9015194962432584,
          "reinserted": 0,
          "req": 94424781
        }
      ],
      "miss_ratio": 0.85125781,
      "req": 100000000
    }
  ],
  "trace": "zipf0.25.oracleGeneral"
}