{
  "dram_cache_size": 249,
  "flash_cache_size": 4999,
  "results": [
    {
      "hit": 50453138,
      "iteration": 0,
      "metrics": [
        {
          "admission_treshold": 2,
          "algorithm": "lru",
          "hit": 29626367,
          "inserted": 70373633,
          "layer": 0,
          "miss_ratio": 0.70373633,
          "reinserted": 29626367,
          "req": 100000000
        },
        {
          "admission_treshold": 2,
          "algorithm": "fifo",
          "hit": 20826771,
          "inserted": 49361564,
          "layer": 1,
          "miss_ratio": 0.7040543437625282,
          "reinserted": 0,
          "req": 70373633
        }
      ],
      "miss_ratio": 0.49546862,
      "req": 100000000
    }
  ],
  "trace": "zipf_1_1.oracleGeneral"
}