{
  "dram_cache_size": 24997,
  "flash_cache_size": 499955,
  "results": [
    {
      "hit": 91329672,
      "iteration": 0,
      "metrics": [
        {
          "admission_treshold": 2,
          "algorithm": "lru",
          "hit": 66029706,
          "inserted": 33970294,
          "layer": 0,
          "miss_ratio": 0.33970294,
          "reinserted": 66029706,
          "req": 100000000
        },
        {
          "admission_treshold": 2,
          "algorithm": "fifo",
          "hit": 25299966,
          "inserted": 7980848,
          "layer": 1,
          "miss_ratio": 0.2552326453224102,
          "reinserted": 0,
          "req": 33970294
        }
      ],
      "miss_ratio": 0.08670328000000005,
      "req": 100000000
    }
  ],
  "trace": "zipf_1_0.oracleGeneral"
}