{
  "cache_size": 499906,
  "results": [
    {
      "hit": 92881205,
      "iteration": 0,
      "metrics": [
        {
          "admission_treshold": 0,
          "algorithm": "lru",
          "hit": 52952547,
          "inserted": 47047453,
          "layer": 0,
          "miss_ratio": 0.47047452999999995,
          "reinserted": 52952547,
          "req": 100000000
        },
        {
          "admission_treshold": 0,
          "algorithm": "lru",
          "hit": 39928658,
          "inserted": 7130490,
          "layer": 1,
          "miss_ratio": 0.1513109540701385,
          "reinserted": 39911964,
          "req": 47047453
        }
      ],
      "miss_ratio": 0.07118795,
      "req": 100000000
    }
  ],
  "trace": "zipf_1_9.oracleGeneral"
}