{
  "cache_size": 499906,
  "results": [
    {
      "hit": 90895235,
      "iteration": 0,
      "metrics": [
        {
          "admission_treshold": 8,
          "algorithm": "lru",
          "hit": 52952547,
          "inserted": 47047453,
          "layer": 0,
          "miss_ratio": 0.47047452999999995,
          "reinserted": 52952547,
          "req": 100000000
        },
        {
          "admission_treshold": 8,
          "algorithm": "lru",
          "hit": 37942688,
          "inserted": 2353778,
          "layer": 1,
          "miss_ratio": 0.19352301600683885,
          "reinserted": 37934781,
          "req": 47047453
        }
      ],
      "miss_ratio": 0.09104765000000004,
      "req": 100000000
    }
  ],
  "trace": "zipf_1_9.oracleGeneral"
}