{
  "dram_cache_size": 5000,
  "flash_cache_size": 100001,
  "results": [
    {
      "hit": 39171367,
      "iteration": 0,
      "metrics": [
        {
          "admission_treshold": 0,
          "algorithm": "lru",
          "hit": 12740005,
          "inserted": 87259995,
          "layer": 0,
          "miss_ratio": 0.87259995,
          "reinserted": 12740005,
          "req": 100000000
        },
        {
          "admission_treshold": 1,
          "algorithm": "fifo",
          "hit": 26431362,
          "inserted": 61816800,
          "layer": 1,
          "miss_ratio": 0.6970964529622079,
          "reinserted": 0,
          "req": 87259995
        }
      ],
      "miss_ratio": 0.60828633,
      "req": 100000000
    }
  ],
  "trace": "zipf0.75.oracleGeneral"
}