{
  "dram_cache_size": 5000,
  "flash_cache_size": 100001,
  "results": [
    {
      "hit": 19485017,
      "iteration": 0,
      "metrics": [
        {
          "admission_treshold": 0,
          "algorithm": "lru",
          "hit": 1543695,
          "inserted": 98456305,
          "layer": 0,
          "miss_ratio": 0.98456305,
          "reinserted": 1543695,
          "req": 100000000
        },
        {
          "admission_treshold": 8,
          "algorithm": "lru",
          "hit": 17941322,
          "inserted": 74093951,
          "layer": 1,
          "miss_ratio": 0.8177737626858941,
          "reinserted": 17392371,
          "req": 98456305
        }
      ],
      "miss_ratio": 0.80514983,
      "req": 100000000
    }
  ],
  "trace": "zipf0.5.oracleGeneral"
}