{
  "dram_cache_size": 12500,
  "flash_cache_size": 250002,
  "results": [
    {
      "hit": 27339299,
      "iteration": 0,
      "metrics": [
        {
          "admission_treshold": 0,
          "algorithm": "lru",
          "hit": 1401887,
          "inserted": 98598113,
          "layer": 0,
          "miss_ratio": 0.98598113,
          "reinserted": 1401887,
          "req": 100000000
        },
        {
          "admission_treshold": 4,
          "algorithm": "fifo",
          "hit": 25937412,
          "inserted": 70631225,
          "layer": 1,
          "miss_ratio": 0.7369380487028185,
          "reinserted": 0,
          "req": 98598113
        }
      ],
      "miss_ratio": 0.7266070099999999,
      "req": 100000000
    }
  ],
  "trace": "zipf0.25.oracleGeneral"
}