{
  "dram_cache_size": 50000,
  "flash_cache_size": 100001,
  "results": [
    {
      "hit": 15817885,
      "iteration": 0,
      "metrics": [
        {
          "admission_treshold": 0,
          "algorithm": "lru",
          "hit": 5575219,
          "inserted": 94424781,
          "layer": 0,
          "miss_ratio": 0.94424781,
          "reinserted": 5575219,
          "req": 100000000
        },
        {
          "admission_treshold": 8,
          "algorithm": "lru",
          "hit": 10242666,
          "inserted": 82116655,
          "layer": 1,
          "miss_ratio": 0.8915256578672923,
          "reinserted": 5608482,
          "req": 94424781
        }
      ],
      "miss_ratio": 0.84182115,
      "req": 100000000
    }
  ],
  "trace": "zipf0.25.oracleGeneral"
}