{
  "dram_cache_size": 2499,
  "flash_cache_size": 249983,
  "results": [
    {
      "hit": 85968362,
      "iteration": 0,
      "metrics": [
        {
          "admission_treshold": 16,
          "algorithm": "lru",
          "hit": 85968362,
          "inserted": 1971639,
          "layer": 0,
          "miss_ratio": 0.14031638000000002,
          "reinserted": 85968362,
          "req": 100000000
        }
      ],
      "miss_ratio": 0.14031638000000002,
      "req": 100000000
    }
  ],
  "trace": "zipf_1_1.oracleGeneral"
}