{
  "cache_size": 39996000,
  "results": [
    {
      "hit": 59862875,
      "iteration": 0,
      "metrics": [
        {
          "admission_treshold": 8,
          "algorithm": "lru",
          "hit": 22650717,
          "inserted": 77349283,
          "layer": 0,
          "miss_ratio": 0.77349283,
          "reinserted": 22650717,
          "req": 100000000
        },
        {
          "admission_treshold": 8,
          "algorithm": "lru",
          "hit": 37212158,
          "inserted": 33382577,
          "layer": 1,
          "miss_ratio": 0.5189075249734376,
          "reinserted": 37178205,
          "req": 77349283
        }
      ],
      "miss_ratio": 0.40137124999999996,
      "req": 100000000
    }
  ],
  "trace": "zipf_1_10.oracleGeneral"
}