{
  "dram_cache_size": 49991,
  "flash_cache_size": 499917,
  "results": [
    {
      "hit": 83877724,
      "iteration": 0,
      "metrics": [
        {
          "admission_treshold": 32,
          "algorithm": "lru",
          "hit": 71882905,
          "inserted": 28117095,
          "layer": 0,
          "miss_ratio": 0.28117095000000003,
          "reinserted": 71882905,
          "req": 100000000
        },
        {
          "admission_treshold": 32,
          "algorithm": "lru",
          "hit": 11994819,
          "inserted": 222704,
          "layer": 1,
          "miss_ratio": 0.5733976429641825,
          "reinserted": 11960865,
          "req": 28117095
        }
      ],
      "miss_ratio": 0.16122276000000002,
      "req": 100000000
    }
  ],
  "trace": "zipf_1_2.oracleGeneral"
}