{
  "dram_cache_size": 49991,
  "flash_cache_size": 99982,
  "results": [
    {
      "hit": 79936535,
      "iteration": 0,
      "metrics": [
        {
          "admission_treshold": 0,
          "algorithm": "lru",
          "hit": 71867511,
          "inserted": 28132489,
          "layer": 0,
          "miss_ratio": 0.28132489000000005,
          "reinserted": 71867511,
          "req": 100000000
        },
        {
          "admission_treshold": 1,
          "algorithm": "fifo",
          "hit": 8069024,
          "inserted": 23274700,
          "layer": 1,
          "miss_ratio": 0.7131777426448118,
          "reinserted": 0,
          "req": 28132489
        }
      ],
      "miss_ratio": 0.20063465000000003,
      "req": 100000000
    }
  ],
  "trace": "zipf_1_4.oracleGeneral"
}