{
  "cache_size": 249983,
  "results": [
    {
      "hit": 83835925,
      "iteration": 0,
      "metrics": [
        {
          "admission_treshold": 0,
          "algorithm": "lru",
          "hit": 47459567,
          "inserted": 52540433,
          "layer": 0,
          "miss_ratio": 0.52540433,
          "reinserted": 47459567,
          "req": 100000000
        },
        {
          "admission_treshold": 0,
          "algorithm": "fifo",
          "hit": 36376358,
          "inserted": 16277829,
          "layer": 1,
          "miss_ratio": 0.3076502053190159,
          "reinserted": 0,
          "req": 52540433
        }
      ],
      "miss_ratio": 0.16164075,
      "req": 100000000
    }
  ],
  "trace": "zipf_1_1.oracleGeneral"
}