{
  "dram_cache_size": 124979,
  "flash_cache_size": 499917,
  "results": [
    {
      "hit": 92831675,
      "iteration": 0,
      "metrics": [
        {
          "admission_treshold": 0,
          "algorithm": "lru",
          "hit": 79903648,
          "inserted": 20096352,
          "layer": 0,
          "miss_ratio": 0.20096351999999995,
          "reinserted": 79903648,
          "req": 100000000
        },
        {
          "admission_treshold": 1,
          "algorithm": "fifo",
          "hit": 12928027,
          "inserted": 8377255,
          "layer": 1,
          "miss_ratio": 0.35669782256998683,
          "reinserted": 0,
          "req": 20096352
        }
      ],
      "miss_ratio": 0.07168324999999998,
      "req": 100000000
    }
  ],
  "trace": "zipf_1_2.oracleGeneral"
}