{
  "dram_cache_size": 24998,
  "flash_cache_size": 99993,
  "results": [
    {
      "hit": 80495192,
      "iteration": 0,
      "metrics": [
        {
          "admission_treshold": 32,
          "algorithm": "lru",
          "hit": 66035778,
          "inserted": 33964222,
          "layer": 0,
          "miss_ratio": 0.33964222,
          "reinserted": 66035778,
          "req": 100000000
        },
        {
          "admission_treshold": 32,
          "algorithm": "fifo",
          "hit": 14459414,
          "inserted": 3366806,
          "layer": 1,
          "miss_ratio": 0.5742751298704855,
          "reinserted": 0,
          "req": 33964222
        }
      ],
      "miss_ratio": 0.19504807999999996,
      "req": 100000000
    }
  ],
  "trace": "zipf_1_1.oracleGeneral"
}