{
  "cache_size": 39998640,
  "results": [
    {
      "hit": 59849758,
      "iteration": 0,
      "metrics": [
        {
          "admission_treshold": 8,
          "algorithm": "lru",
          "hit": 22634925,
          "inserted": 77365075,
          "layer": 0,
          "miss_ratio": 0.77365075,
          "reinserted": 22634925,
          "req": 100000000
        },
        {
          "admission_treshold": 8,
          "algorithm": "lru",
          "hit": 37214833,
          "inserted": 33395417,
          "layer": 1,
          "miss_ratio": 0.5189711507421146,
          "reinserted": 37180932,
          "req": 77365075
        }
      ],
      "miss_ratio": 0.40150242,
      "req": 100000000
    }
  ],
  "trace": "zipf_1_6.oracleGeneral"
}