{
  "dram_cache_size": 249,
  "flash_cache_size": 4999,
  "results": [
    {
      "hit": 56359284,
      "iteration": 0,
      "metrics": [
        {
          "admission_treshold": 32,
          "algorithm": "lru",
          "hit": 29627526,
          "inserted": 70372474,
          "layer": 0,
          "miss_ratio": 0.70372474,
          "reinserted": 29627526,
          "req": 100000000
        },
        {
          "admission_treshold": 32,
          "algorithm": "lru",
          "hit": 26731758,
          "inserted": 26575956,
          "layer": 1,
          "miss_ratio": 0.6201390049183151,
          "reinserted": 26580318,
          "req": 70372474
        }
      ],
      "miss_ratio": 0.43640716,
      "req": 100000000
    }
  ],
  "trace": "zipf_1_2.oracleGeneral"
}