{
  "dram_cache_size": 62500,
  "flash_cache_size": 250002,
  "results": [
    {
      "hit": 29393144,
      "iteration": 0,
      "metrics": [
        {
          "admission_treshold": 0,
          "algorithm": "lru",
          "hit": 6252236,
          "inserted": 93747764,
          "layer": 0,
          "miss_ratio": 0.93747764,
          "reinserted": 6252236,
          "req": 100000000
        },
        {
          "admission_treshold": 4,
          "algorithm": "lru",
          "hit": 23140908,
          "inserted": 72404404,
          "layer": 1,
          "miss_ratio": 0.75315776064803,
          "reinserted": 18468758,
          "req": 93747764
        }
      ],
      "miss_ratio": 0.7060685600000001,
      "req": 100000000
    }
  ],
  "trace": "zipf0.oracleGeneral"
}