{
  "cache_size": 99990,
  "results": [
    {
      "hit": 77007521,
      "iteration": 0,
      "metrics": [
        {
          "admission_treshold": 8,
          "algorithm": "lru",
          "hit": 40300694,
          "inserted": 59699306,
          "layer": 0,
          "miss_ratio": 0.59699306,
          "reinserted": 40300694,
          "req": 100000000
        },
        {
          "admission_treshold": 8,
          "algorithm": "fifo",
          "hit": 36706827,
          "inserted": 16313227,
          "layer": 1,
          "miss_ratio": 0.3851381287413961,
          "reinserted": 0,
          "req": 59699306
        }
      ],
      "miss_ratio": 0.22992479,
      "req": 100000000
    }
  ],
  "trace": "zipf_1_12.oracleGeneral"
}