{
  "dram_cache_size": 124991,
  "flash_cache_size": 249983,
  "results": [
    {
      "hit": 88794095,
      "iteration": 0,
      "metrics": [
        {
<<<<<<< HEAD
          "admission_treshold": 2,
=======
          "admission_treshold": 0,
>>>>>>> 160be2d8 (New results)
          "algorithm": "lru",
          "hit": 79910991,
          "inserted": 20089009,
          "layer": 0,
          "miss_ratio": 0.20089009000000002,
          "reinserted": 79910991,
          "req": 100000000
        },
        {
          "admission_treshold": 2,
          "algorithm": "lru",
          "hit": 8883104,
          "inserted": 12856433,
          "layer": 1,
          "miss_ratio": 0.5578127323254223,
          "reinserted": 6232761,
          "req": 20089009
        }
      ],
      "miss_ratio": 0.11205905000000005,
      "req": 100000000
    }
  ],
  "trace": "zipf_1_1.oracleGeneral"
}