{
  "dram_cache_size": 25000,
  "flash_cache_size": 500005,
  "results": [
    {
      "hit": 51099970,
      "iteration": 0,
      "metrics": [
        {
          "admission_treshold": 0,
          "algorithm": "lru",
          "hit": 2502719,
          "inserted": 97497281,
          "layer": 0,
          "miss_ratio": 0.97497281,
          "reinserted": 2502719,
          "req": 100000000
        },
        {
          "admission_treshold": 1,
          "algorithm": "fifo",
          "hit": 48597251,
          "inserted": 50128378,
          "layer": 1,
          "miss_ratio": 0.5015527561225015,
          "reinserted": 0,
          "req": 97497281
        }
      ],
      "miss_ratio": 0.48900030000000005,
      "req": 100000000
    }
  ],
  "trace": "zipf0.oracleGeneral"
}