{
  "dram_cache_size": 9999,
  "flash_cache_size": 99993,
  "results": [
    {
      "hit": 76874819,
      "iteration": 0,
      "metrics": [
        {
<<<<<<< HEAD
          "admission_treshold": 4,
=======
          "admission_treshold": 0,
>>>>>>> 160be2d8 (New results)
          "algorithm": "lru",
          "hit": 58516114,
          "inserted": 41483886,
          "layer": 0,
          "miss_ratio": 0.41483886000000003,
          "reinserted": 58516114,
          "req": 100000000
        },
        {
          "admission_treshold": 4,
          "algorithm": "fifo",
          "hit": 18358705,
          "inserted": 21141695,
          "layer": 1,
          "miss_ratio": 0.5574497287934886,
          "reinserted": 0,
          "req": 41483886
        }
      ],
      "miss_ratio": 0.23125180999999995,
      "req": 100000000
    }
  ],
  "trace": "zipf_1_1.oracleGeneral"
}