{
  "cache_size": 4999,
  "results": [
    {
      "hit": 55148994,
      "iteration": 0,
      "metrics": [
        {
          "admission_treshold": 16,
          "algorithm": "lru",
          "hit": 17373685,
          "inserted": 82626315,
          "layer": 0,
          "miss_ratio": 0.82626315,
          "reinserted": 17373685,
          "req": 100000000
        },
        {
          "admission_treshold": 16,
          "algorithm": "lru",
          "hit": 37775309,
          "inserted": 32817622,
          "layer": 1,
          "miss_ratio": 0.542817454705562,
          "reinserted": 37745820,
          "req": 82626315
        }
      ],
      "miss_ratio": 0.44851006000000004,
      "req": 100000000
    }
  ],
  "trace": "zipf_1_15.oracleGeneral"
}