{
  "dram_cache_size": 12500,
  "flash_cache_size": 250002,
  "results": [
    {
      "hit": 25568233,
      "iteration": 0,
      "metrics": [
        {
          "admission_treshold": 0,
          "algorithm": "lru",
          "hit": 1401887,
          "inserted": 98598113,
          "layer": 0,
          "miss_ratio": 0.98598113,
          "reinserted": 1401887,
          "req": 100000000
        },
        {
          "admission_treshold": 16,
          "algorithm": "fifo",
          "hit": 24166346,
          "inserted": 60418238,
          "layer": 1,
          "miss_ratio": 0.7549005222848433,
          "reinserted": 0,
          "req": 98598113
        }
      ],
      "miss_ratio": 0.74431767,
      "req": 100000000
    }
  ],
  "trace": "zipf0.25.oracleGeneral"
}