{
  "dram_cache_size": 10000,
  "flash_cache_size": 100001,
  "results": [
    {
      "hit": 19778854,
      "iteration": 0,
      "metrics": [
        {
          "admission_treshold": 0,
          "algorithm": "lru",
          "hit": 2826844,
          "inserted": 97173156,
          "layer": 0,
          "miss_ratio": 0.97173156,
          "reinserted": 2826844,
          "req": 100000000
        },
        {
          "admission_treshold": 0,
          "algorithm": "lru",
          "hit": 16952010,
          "inserted": 81415297,
          "layer": 1,
          "miss_ratio": 0.8255484261517656,
          "reinserted": 15747859,
          "req": 97173156
        }
      ],
      "miss_ratio": 0.80221146,
      "req": 100000000
    }
  ],
  "trace": "zipf0.5.oracleGeneral"
}