{
  "dram_cache_size": 125001,
  "flash_cache_size": 500005,
  "results": [
    {
      "hit": 58933115,
      "iteration": 0,
      "metrics": [
        {
          "admission_treshold": 0,
          "algorithm": "lru",
          "hit": 13784746,
          "inserted": 86215254,
          "layer": 0,
          "miss_ratio": 0.86215254,
          "reinserted": 13784746,
          "req": 100000000
        },
        {
          "admission_treshold": 1,
          "algorithm": "lru",
          "hit": 45148369,
          "inserted": 47331400,
          "layer": 1,
          "miss_ratio": 0.4763296875515788,
          "reinserted": 38758853,
          "req": 86215254
        }
      ],
      "miss_ratio": 0.41066885,
      "req": 100000000
    }
  ],
  "trace": "zipf0.25.oracleGeneral"
}