{
  "dram_cache_size": 125001,
  "flash_cache_size": 250002,
  "results": [
    {
      "hit": 46288791,
      "iteration": 0,
      "metrics": [
        {
          "admission_treshold": 0,
          "algorithm": "lru",
          "hit": 22108853,
          "inserted": 77891147,
          "layer": 0,
          "miss_ratio": 0.7789114699999999,
          "reinserted": 22108853,
          "req": 100000000
        },
        {
          "admission_treshold": 2,
          "algorithm": "fifo",
          "hit": 24179938,
          "inserted": 62255337,
          "layer": 1,
          "miss_ratio": 0.6895675704968114,
          "reinserted": 0,
          "req": 77891147
        }
      ],
      "miss_ratio": 0.5371120899999999,
      "req": 100000000
    }
  ],
  "trace": "zipf0.5.oracleGeneral"
}