{
  "cache_size": 9999,
  "results": [
    {
      "hit": 58555722,
      "iteration": 0,
      "metrics": [
        {
          "admission_treshold": 1,
          "algorithm": "lru",
          "hit": 22637679,
          "inserted": 77362321,
          "layer": 0,
          "miss_ratio": 0.77362321,
          "reinserted": 22637679,
          "req": 100000000
        },
        {
          "admission_treshold": 1,
          "algorithm": "lru",
          "hit": 35918043,
          "inserted": 41484936,
          "layer": 1,
          "miss_ratio": 0.5357165796512232,
          "reinserted": 35877286,
          "req": 77362321
        }
      ],
      "miss_ratio": 0.41444278,
      "req": 100000000
    }
  ],
  "trace": "zipf_1_1.oracleGeneral"
}