{
  "cache_size": 4999,
  "results": [
    {
      "hit": 53245620,
      "iteration": 0,
      "metrics": [
        {
          "admission_treshold": 32,
          "algorithm": "lru",
          "hit": 17356775,
          "inserted": 82643225,
          "layer": 0,
          "miss_ratio": 0.82643225,
          "reinserted": 17356775,
          "req": 100000000
        },
        {
          "admission_treshold": 32,
          "algorithm": "fifo",
          "hit": 35888845,
          "inserted": 29660594,
          "layer": 1,
          "miss_ratio": 0.5657376028101517,
          "reinserted": 0,
          "req": 82643225
        }
      ],
      "miss_ratio": 0.46754379999999995,
      "req": 100000000
    }
  ],
  "trace": "zipf_1_8.oracleGeneral"
}