{
  "dram_cache_size": 5000,
  "flash_cache_size": 500005,
  "results": [
    {
      "hit": 36571397,
      "iteration": 0,
      "metrics": [
        {
          "admission_treshold": 0,
          "algorithm": "lru",
          "hit": 500336,
          "inserted": 99499664,
          "layer": 0,
          "miss_ratio": 0.99499664,
          "reinserted": 500336,
          "req": 100000000
        },
        {
          "admission_treshold": 32,
          "algorithm": "lru",
          "hit": 36071061,
          "inserted": 32743198,
          "layer": 1,
          "miss_ratio": 0.6374755496661777,
          "reinserted": 35906573,
          "req": 99499664
        }
      ],
      "miss_ratio": 0.63428603,
      "req": 100000000
    }
  ],
  "trace": "zipf0.oracleGeneral"
}