{
  "dram_cache_size": 2500,
  "flash_cache_size": 10000,
  "results": [
    {
      "hit": 1174928,
      "iteration": 0,
      "metrics": [
        {
          "admission_treshold": 0,
          "algorithm": "lru",
          "hit": 250389,
          "inserted": 99749611,
          "layer": 0,
          "miss_ratio": 0.99749611,
          "reinserted": 250389,
          "req": 100000000
        },
        {
          "admission_treshold": 16,
          "algorithm": "lru",
          "hit": 924539,
          "inserted": 84070444,
          "layer": 1,
          "miss_ratio": 0.9907314024512838,
          "reinserted": 714340,
          "req": 99749611
        }
      ],
      "miss_ratio": 0.98825072,
      "req": 100000000
    }
  ],
  "trace": "zipf0.oracleGeneral"
}