{
  "dram_cache_size": 1000,
  "flash_cache_size": 100001,
  "results": [
    {
      "hit": 11147761,
      "iteration": 0,
      "metrics": [
        {
          "admission_treshold": 0,
          "algorithm": "lru",
          "hit": 112080,
          "inserted": 99887920,
          "layer": 0,
          "miss_ratio": 0.9988792,
          "reinserted": 112080,
          "req": 100000000
        },
        {
          "admission_treshold": 2,
          "algorithm": "lru",
          "hit": 11035681,
          "inserted": 87948434,
          "layer": 1,
          "miss_ratio": 0.8895193633023893,
          "reinserted": 10939461,
          "req": 99887920
        }
      ],
      "miss_ratio": 0.88852239,
      "req": 100000000
    }
  ],
  "trace": "zipf0.25.oracleGeneral"
}