{
  "dram_cache_size": 999,
  "flash_cache_size": 9998,
  "results": [
    {
      "hit": 57874825,
      "iteration": 0,
      "metrics": [
        {
          "admission_treshold": 8,
          "algorithm": "lru",
          "hit": 40298607,
          "inserted": 59701393,
          "layer": 0,
          "miss_ratio": 0.59701393,
          "reinserted": 40298607,
          "req": 100000000
        },
        {
          "admission_treshold": 8,
          "algorithm": "fifo",
          "hit": 17576218,
          "inserted": 36522030,
          "layer": 1,
          "miss_ratio": 0.7055978576580282,
          "reinserted": 0,
          "req": 59701393
        }
      ],
      "miss_ratio": 0.42125175000000004,
      "req": 100000000
    }
  ],
  "trace": "zipf_1_3.oracleGeneral"
}