{
  "dram_cache_size": 2500,
  "flash_cache_size": 5000,
  "results": [
    {
      "hit": 842131,
      "iteration": 0,
      "metrics": [
        {
          "admission_treshold": 0,
          "algorithm": "lru",
          "hit": 280747,
          "inserted": 99719253,
          "layer": 0,
          "miss_ratio": 0.99719253,
          "reinserted": 280747,
          "req": 100000000
        },
        {
          "admission_treshold": 2,
          "algorithm": "fifo",
          "hit": 561384,
          "inserted": 98434233,
          "layer": 1,
          "miss_ratio": 0.9943703549403845,
          "reinserted": 0,
          "req": 99719253
        }
      ],
      "miss_ratio": 0.99157869,
      "req": 100000000
    }
  ],
  "trace": "zipf0.25.oracleGeneral"
}