{
  "cache_size": 499950,
  "results": [
    {
      "hit": 92095461,
      "iteration": 0,
      "metrics": [
        {
          "admission_treshold": 4,
          "algorithm": "lru",
          "hit": 52948488,
          "inserted": 47051512,
          "layer": 0,
          "miss_ratio": 0.47051511999999995,
          "reinserted": 52948488,
          "req": 100000000
        },
        {
          "admission_treshold": 4,
          "algorithm": "lru",
          "hit": 39146973,
          "inserted": 4932562,
          "layer": 1,
          "miss_ratio": 0.16799755553020268,
          "reinserted": 39134398,
          "req": 47051512
        }
      ],
      "miss_ratio": 0.07904539,
      "req": 100000000
    }
  ],
  "trace": "zipf_1_10.oracleGeneral"
}