{
  "dram_cache_size": 25000,
  "flash_cache_size": 100001,
  "results": [
    {
      "hit": 45397195,
      "iteration": 0,
      "metrics": [
        {
          "admission_treshold": 0,
          "algorithm": "lru",
          "hit": 24416303,
          "inserted": 75583697,
          "layer": 0,
          "miss_ratio": 0.75583697,
          "reinserted": 24416303,
          "req": 100000000
        },
        {
          "admission_treshold": 2,
          "algorithm": "offline-clock",
          "hit": 20980892,
          "inserted": 56277132,
          "layer": 1,
          "miss_ratio": 0.7224151128781118,
          "reinserted": 14680151,
          "req": 75583697
        }
      ],
      "miss_ratio": 0.54602805,
      "req": 100000000
    },
    {
      "hit": 45507873,
      "iteration": 1,
      "metrics": [
        {
          "admission_treshold": 0,
          "algorithm": "lru",
          "hit": 24416303,
          "inserted": 75583697,
          "layer": 0,
          "miss_ratio": 0.75583697,
          "reinserted": 24416303,
          "req": 100000000
        },
        {
          "admission_treshold": 2,
          "algorithm": "offline-clock",
          "hit": 21091570,
          "inserted": 55918078,
          "layer": 1,
          "miss_ratio": 0.7209508023932727,
          "reinserted": 6805329,
          "req": 75583697
        }
      ],
      "miss_ratio": 0.54492127,
      "req": 100000000
    }
  ],
  "trace": "zipf0.75.oracleGeneral"
}