{
  "dram_cache_size": 1250,
  "flash_cache_size": 5000,
  "results": [
    {
      "hit": 613621,
      "iteration": 0,
      "metrics": [
        {
          "admission_treshold": 0,
          "algorithm": "lru",
          "hit": 125024,
          "inserted": 99874976,
          "layer": 0,
          "miss_ratio": 0.99874976,
          "reinserted": 125024,
          "req": 100000000
        },
        {
          "admission_treshold": 8,
          "algorithm": "lru",
          "hit": 488597,
          "inserted": 92509657,
          "layer": 1,
          "miss_ratio": 0.9951079137180469,
          "reinserted": 373009,
          "req": 99874976
        }
      ],
      "miss_ratio": 0.99386379,
      "req": 100000000
    }
  ],
  "trace": "zipf0.oracleGeneral"
}