{
  "cache_size": 4999,
  "results": [
    {
      "hit": 53256840,
      "iteration": 0,
      "metrics": [
        {
          "admission_treshold": 32,
          "algorithm": "lru",
          "hit": 17360782,
          "inserted": 82639218,
          "layer": 0,
          "miss_ratio": 0.82639218,
          "reinserted": 17360782,
          "req": 100000000
        },
        {
          "admission_treshold": 32,
          "algorithm": "fifo",
          "hit": 35896058,
          "inserted": 29656180,
          "layer": 1,
          "miss_ratio": 0.5656292633359623,
          "reinserted": 0,
          "req": 82639218
        }
      ],
      "miss_ratio": 0.46743159999999995,
      "req": 100000000
    }
  ],
  "trace": "zipf_1_18.oracleGeneral"
}