{
  "dram_cache_size": 62489,
  "flash_cache_size": 249958,
  "results": [
    {
      "hit": 86154690,
      "iteration": 0,
      "metrics": [
        {
          "admission_treshold": 0,
          "algorithm": "lru",
          "hit": 73802524,
          "inserted": 26197476,
          "layer": 0,
          "miss_ratio": 0.26197476,
          "reinserted": 73802524,
          "req": 100000000
        },
        {
          "admission_treshold": 0,
          "algorithm": "fifo",
          "hit": 12352166,
          "inserted": 15654436,
          "layer": 1,
          "miss_ratio": 0.5284978598701646,
          "reinserted": 0,
          "req": 26197476
        }
      ],
      "miss_ratio": 0.1384531,
      "req": 100000000
    }
  ],
  "trace": "zipf_1_2.oracleGeneral"
}