{
  "dram_cache_size": 4999,
  "flash_cache_size": 499911,
  "results": [
    {
      "hit": 90858511,
      "iteration": 0,
      "metrics": [
        {
          "admission_treshold": 8,
          "algorithm": "lru",
          "hit": 90858511,
          "inserted": 2353031,
          "layer": 0,
          "miss_ratio": 0.09141489000000003,
          "reinserted": 90858511,
          "req": 100000000
        }
      ],
      "miss_ratio": 0.09141489000000003,
      "req": 100000000
    }
  ],
  "trace": "zipf_1_4.oracleGeneral"
}