{
  "dram_cache_size": 50000,
  "flash_cache_size": 500005,
  "results": [
    {
      "hit": 75544367,
      "iteration": 0,
      "metrics": [
        {
          "admission_treshold": 0,
          "algorithm": "lru",
          "hit": 31987040,
          "inserted": 68012960,
          "layer": 0,
          "miss_ratio": 0.6801296,
          "reinserted": 31987040,
          "req": 100000000
        },
        {
          "admission_treshold": 1,
          "algorithm": "fifo",
          "hit": 43557327,
          "inserted": 26124773,
          "layer": 1,
          "miss_ratio": 0.35957313135614155,
          "reinserted": 0,
          "req": 68012960
        }
      ],
      "miss_ratio": 0.24455633,
      "req": 100000000
    }
  ],
  "trace": "zipf0.75.oracleGeneral"
}