{
  "dram_cache_size": 249,
  "flash_cache_size": 4999,
  "results": [
    {
      "hit": 56346998,
      "iteration": 0,
      "metrics": [
        {
          "admission_treshold": 32,
          "algorithm": "lru",
          "hit": 29625351,
          "inserted": 70374649,
          "layer": 0,
          "miss_ratio": 0.70374649,
          "reinserted": 29625351,
          "req": 100000000
        },
        {
          "admission_treshold": 32,
          "algorithm": "lru",
          "hit": 26721647,
          "inserted": 26581533,
          "layer": 1,
          "miss_ratio": 0.620294418804135,
          "reinserted": 26570196,
          "req": 70374649
        }
      ],
      "miss_ratio": 0.43653001999999996,
      "req": 100000000
    }
  ],
  "trace": "zipf_1_4.oracleGeneral"
}