{
  "dram_cache_size": 99,
  "flash_cache_size": 9999,
  "results": [
    {
      "hit": 59295850,
      "iteration": 0,
      "metrics": [
        {
          "admission_treshold": 32,
          "algorithm": "fifo",
          "hit": 59295850,
          "inserted": 23481638,
          "layer": 0,
          "miss_ratio": 0.40704149999999995,
          "reinserted": 0,
          "req": 100000000
        }
      ],
      "miss_ratio": 0.40704149999999995,
      "req": 100000000
    }
  ],
  "trace": "zipf_1_1.oracleGeneral"
}