{
  "dram_cache_size": 10000,
  "flash_cache_size": 100001,
  "results": [
    {
      "hit": 40483579,
      "iteration": 0,
      "metrics": [
        {
          "admission_treshold": 0,
          "algorithm": "lru",
          "hit": 16952108,
          "inserted": 83047892,
          "layer": 0,
          "miss_ratio": 0.83047892,
          "reinserted": 16952108,
          "req": 100000000
        },
        {
          "admission_treshold": 4,
          "algorithm": "fifo",
          "hit": 23531471,
          "inserted": 58293835,
          "layer": 1,
          "miss_ratio": 0.716651796532054,
          "reinserted": 0,
          "req": 83047892
        }
      ],
      "miss_ratio": 0.5951642100000001,
      "req": 100000000
    }
  ],
  "trace": "zipf0.75.oracleGeneral"
}