{
  "dram_cache_size": 5000,
  "flash_cache_size": 10000,
  "results": [
    {
      "hit": 1423861,
      "iteration": 0,
      "metrics": [
        {
          "admission_treshold": 0,
          "algorithm": "lru",
          "hit": 500336,
          "inserted": 99499664,
          "layer": 0,
          "miss_ratio": 0.99499664,
          "reinserted": 500336,
          "req": 100000000
        },
        {
          "admission_treshold": 16,
          "algorithm": "lru",
          "hit": 923525,
          "inserted": 84067993,
          "layer": 1,
          "miss_ratio": 0.9907183103653496,
          "reinserted": 501962,
          "req": 99499664
        }
      ],
      "miss_ratio": 0.98576139,
      "req": 100000000
    }
  ],
  "trace": "zipf0.oracleGeneral"
}