{
  "dram_cache_size": 10000,
  "flash_cache_size": 100001,
  "results": [
    {
      "hit": 20447030,
      "iteration": 0,
      "metrics": [
        {
          "admission_treshold": 0,
          "algorithm": "lru",
          "hit": 2826844,
          "inserted": 97173156,
          "layer": 0,
          "miss_ratio": 0.97173156,
          "reinserted": 2826844,
          "req": 100000000
        },
        {
          "admission_treshold": 16,
          "algorithm": "lru",
          "hit": 17620186,
          "inserted": 65682581,
          "layer": 1,
          "miss_ratio": 0.8186722884661686,
          "reinserted": 16629874,
          "req": 97173156
        }
      ],
      "miss_ratio": 0.7955297,
      "req": 100000000
    }
  ],
  "trace": "zipf0.5.oracleGeneral"
}