{
  "cache_size": 99996,
  "results": [
    {
      "hit": 79290053,
      "iteration": 0,
      "metrics": [
        {
          "admission_treshold": 8,
          "algorithm": "lru",
          "hit": 40295096,
          "inserted": 59704904,
          "layer": 0,
          "miss_ratio": 0.5970490399999999,
          "reinserted": 40295096,
          "req": 100000000
        },
        {
          "admission_treshold": 8,
          "algorithm": "lru",
          "hit": 38994957,
          "inserted": 13946720,
          "layer": 1,
          "miss_ratio": 0.34687179130210144,
          "reinserted": 38974881,
          "req": 59704904
        }
      ],
      "miss_ratio": 0.20709946999999995,
      "req": 100000000
    }
  ],
  "trace": "zipf_1_6.oracleGeneral"
}