{
  "dram_cache_size": 250002,
  "flash_cache_size": 500005,
  "results": [
    {
      "hit": 83636143,
      "iteration": 0,
      "metrics": [
        {
          "admission_treshold": 0,
          "algorithm": "lru",
          "hit": 59431965,
          "inserted": 40568035,
          "layer": 0,
          "miss_ratio": 0.40568035,
          "reinserted": 59431965,
          "req": 100000000
        },
        {
          "admission_treshold": 2,
          "algorithm": "lru",
          "hit": 24204178,
          "inserted": 21954383,
          "layer": 1,
          "miss_ratio": 0.4033682430021568,
          "reinserted": 17613679,
          "req": 40568035
        }
      ],
      "miss_ratio": 0.16363857000000004,
      "req": 100000000
    }
  ],
  "trace": "zipf0.75.oracleGeneral"
}