{
  "dram_cache_size": 249,
  "flash_cache_size": 4999,
  "results": [
    {
      "hit": 57076328,
      "iteration": 0,
      "metrics": [
        {
          "admission_treshold": 32,
          "algorithm": "lru",
          "hit": 29626367,
          "inserted": 70373633,
          "layer": 0,
          "miss_ratio": 0.70373633,
          "reinserted": 29626367,
          "req": 100000000
        },
        {
          "admission_treshold": 32,
          "algorithm": "offline-clock",
          "hit": 27449961,
          "inserted": 25833024,
          "layer": 1,
          "miss_ratio": 0.6099396914750728,
          "reinserted": 9932594,
          "req": 70373633
        }
      ],
      "miss_ratio": 0.42923672,
      "req": 100000000
    },
    {
      "hit": 57343366,
      "iteration": 1,
      "metrics": [
        {
          "admission_treshold": 32,
          "algorithm": "lru",
          "hit": 29626367,
          "inserted": 70373633,
          "layer": 0,
          "miss_ratio": 0.70373633,
          "reinserted": 29626367,
          "req": 100000000
        },
        {
          "admission_treshold": 32,
          "algorithm": "offline-clock",
          "hit": 27716999,
          "inserted": 25547833,
          "layer": 1,
          "miss_ratio": 0.6061451168792152,
          "reinserted": 5662908,
          "req": 70373633
        }
      ],
      "miss_ratio": 0.42656634000000004,
      "req": 100000000
    }
  ],
  "trace": "zipf_1_1.oracleGeneral"
}