{
  "dram_cache_size": 124991,
  "flash_cache_size": 249983,
  "results": [
    {
      "hit": 88901700,
      "iteration": 0,
      "metrics": [
        {
          "admission_treshold": 4,
          "algorithm": "lru",
          "hit": 79910991,
          "inserted": 20089009,
          "layer": 0,
          "miss_ratio": 0.20089009000000002,
          "reinserted": 79910991,
          "req": 100000000
        },
        {
          "admission_treshold": 4,
          "algorithm": "offline-clock",
          "hit": 8990709,
          "inserted": 10332999,
          "layer": 1,
          "miss_ratio": 0.5524563207672415,
          "reinserted": 5672899,
          "req": 20089009
        }
      ],
      "miss_ratio": 0.11098300000000005,
      "req": 100000000
    },
    {
      "hit": 88939189,
      "iteration": 1,
      "metrics": [
        {
          "admission_treshold": 4,
          "algorithm": "lru",
          "hit": 79910991,
          "inserted": 20089009,
          "layer": 0,
          "miss_ratio": 0.20089009000000002,
          "reinserted": 79910991,
          "req": 100000000
        },
        {
          "admission_treshold": 4,
          "algorithm": "offline-clock",
          "hit": 9028198,
          "inserted": 10026544,
          "layer": 1,
          "miss_ratio": 0.5505901759514369,
          "reinserted": 2923976,
          "req": 20089009
        }
      ],
      "miss_ratio": 0.11060811000000004,
      "req": 100000000
    }
  ],
  "trace": "zipf_1_1.oracleGeneral"
}