{
  "dram_cache_size": 4999,
  "flash_cache_size": 9998,
  "results": [
    {
      "hit": 62119309,
      "iteration": 0,
      "metrics": [
        {
          "admission_treshold": 0,
          "algorithm": "lru",
          "hit": 52946357,
          "inserted": 47053643,
          "layer": 0,
          "miss_ratio": 0.47053643,
          "reinserted": 52946357,
          "req": 100000000
        },
        {
          "admission_treshold": 16,
          "algorithm": "fifo",
          "hit": 9172952,
          "inserted": 28785819,
          "layer": 1,
          "miss_ratio": 0.8050533090498434,
          "reinserted": 0,
          "req": 47053643
        }
      ],
      "miss_ratio": 0.37880691,
      "req": 100000000
    }
  ],
  "trace": "zipf_1_3.oracleGeneral"
}