{
  "cache_size": 39999080,
  "results": [
    {
      "hit": 59100697,
      "iteration": 0,
      "metrics": [
        {
          "admission_treshold": 4,
          "algorithm": "lru",
          "hit": 22636288,
          "inserted": 77363712,
          "layer": 0,
          "miss_ratio": 0.7736371200000001,
          "reinserted": 22636288,
          "req": 100000000
        },
        {
          "admission_treshold": 4,
          "algorithm": "lru",
          "hit": 36464409,
          "inserted": 37942440,
          "layer": 1,
          "miss_ratio": 0.52866262415123,
          "reinserted": 36426810,
          "req": 77363712
        }
      ],
      "miss_ratio": 0.40899303,
      "req": 100000000
    }
  ],
  "trace": "zipf_1_16.oracleGeneral"
}