{
  "dram_cache_size": 24995,
  "flash_cache_size": 499917,
  "results": [
    {
      "hit": 87833669,
      "iteration": 0,
      "metrics": [
        {
<<<<<<< HEAD
          "admission_treshold": 16,
=======
          "admission_treshold": 0,
>>>>>>> 160be2d8 (New results)
          "algorithm": "lru",
          "hit": 66034220,
          "inserted": 33965780,
          "layer": 0,
          "miss_ratio": 0.3396578,
          "reinserted": 66034220,
          "req": 100000000
        },
        {
          "admission_treshold": 16,
          "algorithm": "lru",
          "hit": 21799449,
          "inserted": 462210,
          "layer": 1,
          "miss_ratio": 0.35819377620652315,
          "reinserted": 21778195,
          "req": 33965780
        }
      ],
      "miss_ratio": 0.12166330999999997,
      "req": 100000000
    }
  ],
  "trace": "zipf_1_2.oracleGeneral"
}