{
  "dram_cache_size": 999,
  "flash_cache_size": 99991,
  "results": [
    {
      "hit": 80148296,
      "iteration": 0,
      "metrics": [
        {
          "admission_treshold": 32,
          "algorithm": "offline-clock",
          "hit": 80148296,
          "inserted": 2628838,
          "layer": 0,
          "miss_ratio": 0.19851704000000003,
          "reinserted": 4537504,
          "req": 100000000
        }
      ],
      "miss_ratio": 0.19851704000000003,
      "req": 100000000
    },
    {
      "hit": 80508400,
      "iteration": 1,
      "metrics": [
        {
          "admission_treshold": 32,
          "algorithm": "offline-clock",
          "hit": 80508400,
          "inserted": 2268734,
          "layer": 0,
          "miss_ratio": 0.19491599999999998,
          "reinserted": 2319684,
          "req": 100000000
        }
      ],
      "miss_ratio": 0.19491599999999998,
      "req": 100000000
    }
  ],
  "trace": "zipf_1_0.oracleGeneral"
}