{
  "dram_cache_size": 62494,
  "flash_cache_size": 249977,
  "results": [
    {
      "hit": 86401282,
      "iteration": 0,
      "metrics": [
        {
          "admission_treshold": 0,
          "algorithm": "lru",
          "hit": 73802340,
          "inserted": 26197660,
          "layer": 0,
          "miss_ratio": 0.2619766,
          "reinserted": 73802340,
          "req": 100000000
        },
        {
          "admission_treshold": 4,
          "algorithm": "fifo",
          "hit": 12598942,
          "inserted": 12247699,
          "layer": 1,
          "miss_ratio": 0.5190813988730292,
          "reinserted": 0,
          "req": 26197660
        }
      ],
      "miss_ratio": 0.13598717999999999,
      "req": 100000000
    }
  ],
  "trace": "zipf_1_0.oracleGeneral"
}