{
  "dram_cache_size": 49991,
  "flash_cache_size": 99983,
  "results": [
    {
      "hit": 82059779,
      "iteration": 0,
      "metrics": [
        {
<<<<<<< HEAD
          "admission_treshold": 16,
=======
          "admission_treshold": 0,
>>>>>>> 160be2d8 (New results)
          "algorithm": "lru",
          "hit": 71882905,
          "inserted": 28117095,
          "layer": 0,
          "miss_ratio": 0.28117095000000003,
          "reinserted": 71882905,
          "req": 100000000
        },
        {
          "admission_treshold": 16,
          "algorithm": "lru",
          "hit": 10176874,
          "inserted": 7836428,
          "layer": 1,
          "miss_ratio": 0.638053860116061,
          "reinserted": 8887097,
          "req": 28117095
        }
      ],
      "miss_ratio": 0.17940221,
      "req": 100000000
    }
  ],
  "trace": "zipf_1_2.oracleGeneral"
}