{
  "cache_size": 399973216,
  "results": [
    {
      "hit": 77017372,
      "iteration": 0,
      "metrics": [
        {
          "admission_treshold": 8,
          "algorithm": "lru",
          "hit": 40302497,
          "inserted": 59697503,
          "layer": 0,
          "miss_ratio": 0.5969750300000001,
          "reinserted": 40302497,
          "req": 100000000
        },
        {
          "admission_treshold": 8,
          "algorithm": "fifo",
          "hit": 36714875,
          "inserted": 16303762,
          "layer": 1,
          "miss_ratio": 0.38498474550937245,
          "reinserted": 0,
          "req": 59697503
        }
      ],
      "miss_ratio": 0.22982628000000005,
      "req": 100000000
    }
  ],
  "trace": "zipf_1_1.oracleGeneral"
}