{
  "dram_cache_size": 2500,
  "flash_cache_size": 10000,
  "results": [
    {
      "hit": 3351304,
      "iteration": 0,
      "metrics": [
        {
          "admission_treshold": 0,
          "algorithm": "lru",
          "hit": 822760,
          "inserted": 99177240,
          "layer": 0,
          "miss_ratio": 0.9917724,
          "reinserted": 822760,
          "req": 100000000
        },
        {
          "admission_treshold": 4,
          "algorithm": "fifo",
          "hit": 2528544,
          "inserted": 94258627,
          "layer": 1,
          "miss_ratio": 0.9745047956567454,
          "reinserted": 0,
          "req": 99177240
        }
      ],
      "miss_ratio": 0.96648696,
      "req": 100000000
    }
  ],
  "trace": "zipf0.5.oracleGeneral"
}