{
  "dram_cache_size": 1249,
  "flash_cache_size": 4999,
  "results": [
    {
      "hit": 53135910,
      "iteration": 0,
      "metrics": [
        {
          "admission_treshold": 0,
          "algorithm": "lru",
          "hit": 42042708,
          "inserted": 57957292,
          "layer": 0,
          "miss_ratio": 0.5795729199999999,
          "reinserted": 42042708,
          "req": 100000000
        },
        {
          "admission_treshold": 4,
          "algorithm": "fifo",
          "hit": 11093202,
          "inserted": 46321472,
          "layer": 1,
          "miss_ratio": 0.8085969579116982,
          "reinserted": 0,
          "req": 57957292
        }
      ],
      "miss_ratio": 0.4686409,
      "req": 100000000
    }
  ],
  "trace": "zipf_1_0.oracleGeneral"
}