{
  "cache_size": 249977,
  "results": [
    {
      "hit": 86008488,
      "iteration": 0,
      "metrics": [
        {
          "admission_treshold": 16,
          "algorithm": "lru",
          "hit": 47462770,
          "inserted": 52537230,
          "layer": 0,
          "miss_ratio": 0.5253723,
          "reinserted": 47462770,
          "req": 100000000
        },
        {
          "admission_treshold": 16,
          "algorithm": "lru",
          "hit": 38545718,
          "inserted": 1970521,
          "layer": 1,
          "miss_ratio": 0.26631613429181555,
          "reinserted": 38540826,
          "req": 52537230
        }
      ],
      "miss_ratio": 0.13991511999999995,
      "req": 100000000
    }
  ],
  "trace": "zipf_1_18.oracleGeneral"
}