{
  "dram_cache_size": 1249,
  "flash_cache_size": 4999,
  "results": [
    {
      "hit": 52736478,
      "iteration": 0,
      "metrics": [
        {
          "admission_treshold": 0,
          "algorithm": "lru",
          "hit": 42036169,
          "inserted": 57963831,
          "layer": 0,
          "miss_ratio": 0.57963831,
          "reinserted": 42036169,
          "req": 100000000
        },
        {
          "admission_treshold": 0,
          "algorithm": "fifo",
          "hit": 10700309,
          "inserted": 49822131,
          "layer": 1,
          "miss_ratio": 0.8153967945976518,
          "reinserted": 0,
          "req": 57963831
        }
      ],
      "miss_ratio": 0.47263522,
      "req": 100000000
    }
  ],
  "trace": "zipf_1_1.oracleGeneral"
}