{
  "dram_cache_size": 499,
  "flash_cache_size": 9998,
  "results": [
    {
      "hit": 59815367,
      "iteration": 0,
      "metrics": [
        {
          "admission_treshold": 32,
          "algorithm": "lru",
          "hit": 34945775,
          "inserted": 65054225,
          "layer": 0,
          "miss_ratio": 0.65054225,
          "reinserted": 34945775,
          "req": 100000000
        },
        {
          "admission_treshold": 32,
          "algorithm": "fifo",
          "hit": 24869592,
          "inserted": 23448190,
          "layer": 1,
          "miss_ratio": 0.6177098105465095,
          "reinserted": 0,
          "req": 65054225
        }
      ],
      "miss_ratio": 0.40184633000000003,
      "req": 100000000
    }
  ],
  "trace": "zipf_1_4.oracleGeneral"
}