{
  "dram_cache_size": 2499,
  "flash_cache_size": 249958,
  "results": [
    {
      "hit": 86395019,
      "iteration": 0,
      "metrics": [
        {
          "admission_treshold": 4,
          "algorithm": "lru",
          "hit": 86395019,
          "inserted": 10610348,
          "layer": 0,
          "miss_ratio": 0.13604981000000005,
          "reinserted": 86395019,
          "req": 100000000
        }
      ],
      "miss_ratio": 0.13604981000000005,
      "req": 100000000
    }
  ],
  "trace": "zipf_1_2.oracleGeneral"
}