{
  "dram_cache_size": 4999,
  "flash_cache_size": 9998,
  "results": [
    {
      "hit": 61475838,
      "iteration": 0,
      "metrics": [
        {
<<<<<<< HEAD
          "admission_treshold": 2,
=======
          "admission_treshold": 0,
>>>>>>> 160be2d8 (New results)
          "algorithm": "lru",
          "hit": 52939492,
          "inserted": 47060508,
          "layer": 0,
          "miss_ratio": 0.47060508,
          "reinserted": 52939492,
          "req": 100000000
        },
        {
          "admission_treshold": 2,
          "algorithm": "lru",
          "hit": 8536346,
          "inserted": 41181061,
          "layer": 1,
          "miss_ratio": 0.8186091403858199,
          "reinserted": 4879538,
          "req": 47060508
        }
      ],
      "miss_ratio": 0.38524161999999995,
      "req": 100000000
    }
  ],
  "trace": "zipf_1_4.oracleGeneral"
}