{
  "dram_cache_size": 1250,
  "flash_cache_size": 5000,
  "results": [
    {
      "hit": 703285,
      "iteration": 0,
      "metrics": [
        {
          "admission_treshold": 0,
          "algorithm": "lru",
          "hit": 140247,
          "inserted": 99859753,
          "layer": 0,
          "miss_ratio": 0.99859753,
          "reinserted": 140247,
          "req": 100000000
        },
        {
          "admission_treshold": 2,
          "algorithm": "lru",
          "hit": 563038,
          "inserted": 98435515,
          "layer": 1,
          "miss_ratio": 0.994361712470889,
          "reinserted": 424204,
          "req": 99859753
        }
      ],
      "miss_ratio": 0.99296715,
      "req": 100000000
    }
  ],
  "trace": "zipf0.25.oracleGeneral"
}