{
  "dram_cache_size": 25000,
  "flash_cache_size": 250002,
  "results": [
    {
      "hit": 37280945,
      "iteration": 0,
      "metrics": [
        {
          "admission_treshold": 0,
          "algorithm": "lru",
          "hit": 6110471,
          "inserted": 93889529,
          "layer": 0,
          "miss_ratio": 0.93889529,
          "reinserted": 6110471,
          "req": 100000000
        },
        {
          "admission_treshold": 0,
          "algorithm": "fifo",
          "hit": 31170474,
          "inserted": 64891472,
          "layer": 1,
          "miss_ratio": 0.6680090492306123,
          "reinserted": 0,
          "req": 93889529
        }
      ],
      "miss_ratio": 0.62719055,
      "req": 100000000
    }
  ],
  "trace": "zipf0.5.oracleGeneral"
}