{
  "dram_cache_size": 100,
  "flash_cache_size": 10000,
  "results": [
    {
      "hit": 2977562,
      "iteration": 0,
      "metrics": [
        {
          "admission_treshold": 0,
          "algorithm": "lru",
          "hit": 35793,
          "inserted": 99964207,
          "layer": 0,
          "miss_ratio": 0.99964207,
          "reinserted": 35793,
          "req": 100000000
        },
        {
          "admission_treshold": 1,
          "algorithm": "offline-clock",
          "hit": 2941769,
          "inserted": 97044830,
          "layer": 1,
          "miss_ratio": 0.9705717767560543,
          "reinserted": 2524533,
          "req": 99964207
        }
      ],
      "miss_ratio": 0.97022438,
      "req": 100000000
    },
    {
      "hit": 3012199,
      "iteration": 1,
      "metrics": [
        {
          "admission_treshold": 0,
          "algorithm": "lru",
          "hit": 35793,
          "inserted": 99964207,
          "layer": 0,
          "miss_ratio": 0.99964207,
          "reinserted": 35793,
          "req": 100000000
        },
        {
          "admission_treshold": 1,
          "algorithm": "offline-clock",
          "hit": 2976406,
          "inserted": 97009354,
          "layer": 1,
          "miss_ratio": 0.9702252827354495,
          "reinserted": 451707,
          "req": 99964207
        }
      ],
      "miss_ratio": 0.96987801,
      "req": 100000000
    }
  ],
  "trace": "zipf0.5.oracleGeneral"
}