{
  "cache_size": 999944000,
  "results": [
    {
      "hit": 86323496,
      "iteration": 0,
      "metrics": [
        {
          "admission_treshold": 2,
          "algorithm": "lru",
          "hit": 47462490,
          "inserted": 52537510,
          "layer": 0,
          "miss_ratio": 0.5253751,
          "reinserted": 47462490,
          "req": 100000000
        },
        {
          "admission_treshold": 2,
          "algorithm": "lru",
          "hit": 38861006,
          "inserted": 12698837,
          "layer": 1,
          "miss_ratio": 0.2603188464774977,
          "reinserted": 38838780,
          "req": 52537510
        }
      ],
      "miss_ratio": 0.13676504,
      "req": 100000000
    }
  ],
  "trace": "zipf_1_13.oracleGeneral"
}