{
  "cache_size": 249955,
  "results": [
    {
      "hit": 86787704,
      "iteration": 0,
      "metrics": [
        {
          "admission_treshold": 8,
          "algorithm": "lru",
          "hit": 47457005,
          "inserted": 52542995,
          "layer": 0,
          "miss_ratio": 0.5254299499999999,
          "reinserted": 47457005,
          "req": 100000000
        },
        {
          "admission_treshold": 8,
          "algorithm": "offline-clock",
          "hit": 39330699,
          "inserted": 6449973,
          "layer": 1,
          "miss_ratio": 0.2514568497665578,
          "reinserted": 6989644,
          "req": 52542995
        }
      ],
      "miss_ratio": 0.13212296,
      "req": 100000000
    },
    {
      "hit": 87278913,
      "iteration": 1,
      "metrics": [
        {
          "admission_treshold": 8,
          "algorithm": "lru",
          "hit": 47457005,
          "inserted": 52542995,
          "layer": 0,
          "miss_ratio": 0.5254299499999999,
          "reinserted": 47457005,
          "req": 100000000
        },
        {
          "admission_treshold": 8,
          "algorithm": "offline-clock",
          "hit": 39821908,
          "inserted": 5956331,
          "layer": 1,
          "miss_ratio": 0.24210814400663683,
          "reinserted": 3825656,
          "req": 52542995
        }
      ],
      "miss_ratio": 0.12721086999999998,
      "req": 100000000
    }
  ],
  "trace": "zipf_1_4.oracleGeneral"
}