{
  "dram_cache_size": 10000,
  "flash_cache_size": 100001,
  "results": [
    {
      "hit": 8641874,
      "iteration": 0,
      "metrics": [
        {
          "admission_treshold": 0,
          "algorithm": "lru",
          "hit": 1001494,
          "inserted": 98998506,
          "layer": 0,
          "miss_ratio": 0.98998506,
          "reinserted": 1001494,
          "req": 100000000
        },
        {
          "admission_treshold": 32,
          "algorithm": "offline-clock",
          "hit": 7640380,
          "inserted": 61273695,
          "layer": 1,
          "miss_ratio": 0.9228232797775756,
          "reinserted": 6550416,
          "req": 98998506
        }
      ],
      "miss_ratio": 0.91358126,
      "req": 100000000
    },
    {
      "hit": 9175792,
      "iteration": 1,
      "metrics": [
        {
          "admission_treshold": 0,
          "algorithm": "lru",
          "hit": 1001494,
          "inserted": 98998506,
          "layer": 0,
          "miss_ratio": 0.98998506,
          "reinserted": 1001494,
          "req": 100000000
        },
        {
          "admission_treshold": 32,
          "algorithm": "offline-clock",
          "hit": 8174298,
          "inserted": 60732167,
          "layer": 1,
          "miss_ratio": 0.9174300872782868,
          "reinserted": 1195034,
          "req": 98998506
        }
      ],
      "miss_ratio": 0.90824208,
      "req": 100000000
    }
  ],
  "trace": "zipf0.oracleGeneral"
}