{
  "cache_size": 19998220,
  "results": [
    {
      "hit": 50153985,
      "iteration": 0,
      "metrics": [
        {
          "admission_treshold": 4,
          "algorithm": "lru",
          "hit": 17368533,
          "inserted": 82631467,
          "layer": 0,
          "miss_ratio": 0.82631467,
          "reinserted": 17368533,
          "req": 100000000
        },
        {
          "admission_treshold": 4,
          "algorithm": "fifo",
          "hit": 32785452,
          "inserted": 47047649,
          "layer": 1,
          "miss_ratio": 0.603232845908448,
          "reinserted": 0,
          "req": 82631467
        }
      ],
      "miss_ratio": 0.49846015,
      "req": 100000000
    }
  ],
  "trace": "zipf_1_0.oracleGeneral"
}