{
  "cache_size": 399964384,
  "results": [
    {
      "hit": 78521026,
      "iteration": 0,
      "metrics": [
        {
          "admission_treshold": 4,
          "algorithm": "lru",
          "hit": 40312301,
          "inserted": 59687699,
          "layer": 0,
          "miss_ratio": 0.5968769899999999,
          "reinserted": 40312301,
          "req": 100000000
        },
        {
          "admission_treshold": 4,
          "algorithm": "lru",
          "hit": 38208725,
          "inserted": 18512511,
          "layer": 1,
          "miss_ratio": 0.35985595624987987,
          "reinserted": 38182823,
          "req": 59687699
        }
      ],
      "miss_ratio": 0.21478973999999995,
      "req": 100000000
    }
  ],
  "trace": "zipf_1_0.oracleGeneral"
}