{
  "dram_cache_size": 499,
  "flash_cache_size": 4999,
  "results": [
    {
      "hit": 54197355,
      "iteration": 0,
      "metrics": [
        {
          "admission_treshold": 0,
          "algorithm": "lru",
          "hit": 34945775,
          "inserted": 65054225,
          "layer": 0,
          "miss_ratio": 0.65054225,
          "reinserted": 34945775,
          "req": 100000000
        },
        {
          "admission_treshold": 32,
          "algorithm": "fifo",
          "hit": 19251580,
          "inserted": 29540703,
          "layer": 1,
          "miss_ratio": 0.7040687211322554,
          "reinserted": 0,
          "req": 65054225
        }
      ],
      "miss_ratio": 0.45802645,
      "req": 100000000
    }
  ],
  "trace": "zipf_1_4.oracleGeneral"
}