{
  "dram_cache_size": 100,
  "flash_cache_size": 10000,
  "results": [
    {
      "hit": 2850111,
      "iteration": 0,
      "metrics": [
        {
          "admission_treshold": 0,
          "algorithm": "lru",
          "hit": 35793,
          "inserted": 99964207,
          "layer": 0,
          "miss_ratio": 0.99964207,
          "reinserted": 35793,
          "req": 100000000
        },
        {
          "admission_treshold": 1,
          "algorithm": "lru",
          "hit": 2814318,
          "inserted": 97173085,
          "layer": 1,
          "miss_ratio": 0.9718467431047595,
          "reinserted": 2791022,
          "req": 99964207
        }
      ],
      "miss_ratio": 0.97149889,
      "req": 100000000
    }
  ],
  "trace": "zipf0.5.oracleGeneral"
}