{
  "dram_cache_size": 62500,
  "flash_cache_size": 250002,
  "results": [
    {
      "hit": 39750131,
      "iteration": 0,
      "metrics": [
        {
          "admission_treshold": 0,
          "algorithm": "lru",
          "hit": 12836862,
          "inserted": 87163138,
          "layer": 0,
          "miss_ratio": 0.87163138,
          "reinserted": 12836862,
          "req": 100000000
        },
        {
          "admission_treshold": 16,
          "algorithm": "fifo",
          "hit": 26913269,
          "inserted": 50274264,
          "layer": 1,
          "miss_ratio": 0.6912310683445104,
          "reinserted": 0,
          "req": 87163138
        }
      ],
      "miss_ratio": 0.60249869,
      "req": 100000000
    }
  ],
  "trace": "zipf0.5.oracleGeneral"
}