{
  "dram_cache_size": 24995,
  "flash_cache_size": 249955,
  "results": [
    {
      "hit": 84865468,
      "iteration": 0,
      "metrics": [
        {
<<<<<<< HEAD
          "admission_treshold": 2,
=======
          "admission_treshold": 0,
>>>>>>> 160be2d8 (New results)
          "algorithm": "lru",
          "hit": 66019692,
          "inserted": 33980308,
          "layer": 0,
          "miss_ratio": 0.33980308000000004,
          "reinserted": 66019692,
          "req": 100000000
        },
        {
          "admission_treshold": 2,
          "algorithm": "fifo",
          "hit": 18845776,
          "inserted": 15005435,
          "layer": 1,
          "miss_ratio": 0.44539125425231574,
          "reinserted": 0,
          "req": 33980308
        }
      ],
      "miss_ratio": 0.15134532,
      "req": 100000000
    }
  ],
  "trace": "zipf_1_4.oracleGeneral"
}