{
  "dram_cache_size": 250002,
  "flash_cache_size": 500005,
  "results": [
    {
      "hit": 80032038,
      "iteration": 0,
      "metrics": [
        {
          "admission_treshold": 0,
          "algorithm": "lru",
          "hit": 59431965,
          "inserted": 40568035,
          "layer": 0,
          "miss_ratio": 0.40568035,
          "reinserted": 59431965,
          "req": 100000000
        },
        {
          "admission_treshold": 16,
          "algorithm": "lru",
          "hit": 20600073,
          "inserted": 12141810,
          "layer": 1,
          "miss_ratio": 0.4922092479953737,
          "reinserted": 16927054,
          "req": 40568035
        }
      ],
      "miss_ratio": 0.19967961999999995,
      "req": 100000000
    }
  ],
  "trace": "zipf0.75.oracleGeneral"
}