{
  "cache_size": 999966016,
  "results": [
    {
      "hit": 83821398,
      "iteration": 0,
      "metrics": [
        {
          "admission_treshold": 1,
          "algorithm": "lru",
          "hit": 47450160,
          "inserted": 52549840,
          "layer": 0,
          "miss_ratio": 0.5254984,
          "reinserted": 47450160,
          "req": 100000000
        },
        {
          "admission_treshold": 1,
          "algorithm": "fifo",
          "hit": 36371238,
          "inserted": 16292717,
          "layer": 1,
          "miss_ratio": 0.3078715748706371,
          "reinserted": 0,
          "req": 52549840
        }
      ],
      "miss_ratio": 0.16178601999999997,
      "req": 100000000
    }
  ],
  "trace": "zipf_1_6.oracleGeneral"
}