{
  "cache_size": 999910976,
  "results": [
    {
      "hit": 86426678,
      "iteration": 0,
      "metrics": [
        {
          "admission_treshold": 4,
          "algorithm": "lru",
          "hit": 47462770,
          "inserted": 52537230,
          "layer": 0,
          "miss_ratio": 0.5253723,
          "reinserted": 47462770,
          "req": 100000000
        },
        {
          "admission_treshold": 4,
          "algorithm": "lru",
          "hit": 38963908,
          "inserted": 10602705,
          "layer": 1,
          "miss_ratio": 0.2583562551737121,
          "reinserted": 38944882,
          "req": 52537230
        }
      ],
      "miss_ratio": 0.13573322,
      "req": 100000000
    }
  ],
  "trace": "zipf_1_18.oracleGeneral"
}