{
  "cache_size": 999867008,
  "results": [
    {
      "hit": 85061585,
      "iteration": 0,
      "metrics": [
        {
          "admission_treshold": 8,
          "algorithm": "lru",
          "hit": 47451728,
          "inserted": 52548272,
          "layer": 0,
          "miss_ratio": 0.5254827200000001,
          "reinserted": 47451728,
          "req": 100000000
        },
        {
          "admission_treshold": 8,
          "algorithm": "fifo",
          "hit": 37609857,
          "inserted": 8224891,
          "layer": 1,
          "miss_ratio": 0.28427985224709196,
          "reinserted": 0,
          "req": 52548272
        }
      ],
      "miss_ratio": 0.14938415000000005,
      "req": 100000000
    }
  ],
  "trace": "zipf_1_14.oracleGeneral"
}