{
  "dram_cache_size": 499,
  "flash_cache_size": 4999,
  "results": [
    {
      "hit": 55375430,
      "iteration": 0,
      "metrics": [
        {
          "admission_treshold": 0,
          "algorithm": "lru",
          "hit": 34945775,
          "inserted": 65054225,
          "layer": 0,
          "miss_ratio": 0.65054225,
          "reinserted": 34945775,
          "req": 100000000
        },
        {
          "admission_treshold": 8,
          "algorithm": "offline-clock",
          "hit": 20429655,
          "inserted": 38217937,
          "layer": 1,
          "miss_ratio": 0.6859595975511199,
          "reinserted": 9961670,
          "req": 65054225
        }
      ],
      "miss_ratio": 0.44624569999999997,
      "req": 100000000
    },
    {
      "hit": 55429068,
      "iteration": 1,
      "metrics": [
        {
          "admission_treshold": 0,
          "algorithm": "lru",
          "hit": 34945775,
          "inserted": 65054225,
          "layer": 0,
          "miss_ratio": 0.65054225,
          "reinserted": 34945775,
          "req": 100000000
        },
        {
          "admission_treshold": 8,
          "algorithm": "offline-clock",
          "hit": 20483293,
          "inserted": 38115949,
          "layer": 1,
          "miss_ratio": 0.6851350853845388,
          "reinserted": 5723502,
          "req": 65054225
        }
      ],
      "miss_ratio": 0.44570931999999996,
      "req": 100000000
    }
  ],
  "trace": "zipf_1_4.oracleGeneral"
}