{
  "cache_size": 499983,
  "results": [
    {
      "hit": 90802315,
      "iteration": 0,
      "metrics": [
        {
          "admission_treshold": 4,
          "algorithm": "lru",
          "hit": 52935945,
          "inserted": 47064055,
          "layer": 0,
          "miss_ratio": 0.47064055000000005,
          "reinserted": 52935945,
          "req": 100000000
        },
        {
          "admission_treshold": 4,
          "algorithm": "fifo",
          "hit": 37866370,
          "inserted": 6266729,
          "layer": 1,
          "miss_ratio": 0.19542908064339126,
          "reinserted": 0,
          "req": 47064055
        }
      ],
      "miss_ratio": 0.09197685,
      "req": 100000000
    }
  ],
  "trace": "zipf_1_6.oracleGeneral"
}