{
  "dram_cache_size": 4999,
  "flash_cache_size": 9998,
  "results": [
    {
      "hit": 61762577,
      "iteration": 0,
      "metrics": [
        {
<<<<<<< HEAD
          "admission_treshold": 4,
=======
          "admission_treshold": 0,
>>>>>>> 160be2d8 (New results)
          "algorithm": "lru",
          "hit": 52949056,
          "inserted": 47050944,
          "layer": 0,
          "miss_ratio": 0.47050943999999995,
          "reinserted": 52949056,
          "req": 100000000
        },
        {
          "admission_treshold": 4,
          "algorithm": "lru",
          "hit": 8813521,
          "inserted": 38740187,
          "layer": 1,
          "miss_ratio": 0.8126813141092344,
          "reinserted": 5326089,
          "req": 47050944
        }
      ],
      "miss_ratio": 0.38237423000000004,
      "req": 100000000
    }
  ],
  "trace": "zipf_1_2.oracleGeneral"
}