{
  "cache_size": 39997320,
  "results": [
    {
      "hit": 55229980,
      "iteration": 0,
      "metrics": [
        {
          "admission_treshold": 1,
          "algorithm": "lru",
          "hit": 22648679,
          "inserted": 77351321,
          "layer": 0,
          "miss_ratio": 0.77351321,
          "reinserted": 22648679,
          "req": 100000000
        },
        {
          "admission_treshold": 1,
          "algorithm": "fifo",
          "hit": 32581301,
          "inserted": 44972101,
          "layer": 1,
          "miss_ratio": 0.5787880468130596,
          "reinserted": 0,
          "req": 77351321
        }
      ],
      "miss_ratio": 0.4477002,
      "req": 100000000
    }
  ],
  "trace": "zipf_1_5.oracleGeneral"
}