{
  "cache_size": 499933,
  "results": [
    {
      "hit": 90802663,
      "iteration": 0,
      "metrics": [
        {
          "admission_treshold": 4,
          "algorithm": "lru",
          "hit": 52936274,
          "inserted": 47063726,
          "layer": 0,
          "miss_ratio": 0.47063725999999995,
          "reinserted": 52936274,
          "req": 100000000
        },
        {
          "admission_treshold": 4,
          "algorithm": "fifo",
          "hit": 37866389,
          "inserted": 6266304,
          "layer": 1,
          "miss_ratio": 0.1954230525649414,
          "reinserted": 0,
          "req": 47063726
        }
      ],
      "miss_ratio": 0.09197337000000005,
      "req": 100000000
    }
  ],
  "trace": "zipf_1_14.oracleGeneral"
}