{
  "dram_cache_size": 1249,
  "flash_cache_size": 4999,
  "results": [
    {
      "hit": 53673476,
      "iteration": 0,
      "metrics": [
        {
          "admission_treshold": 0,
          "algorithm": "lru",
          "hit": 42034049,
          "inserted": 57965951,
          "layer": 0,
          "miss_ratio": 0.5796595099999999,
          "reinserted": 42034049,
          "req": 100000000
        },
        {
          "admission_treshold": 8,
          "algorithm": "fifo",
          "hit": 11639427,
          "inserted": 41847119,
          "layer": 1,
          "miss_ratio": 0.7992023455286708,
          "reinserted": 0,
          "req": 57965951
        }
      ],
      "miss_ratio": 0.46326524,
      "req": 100000000
    }
  ],
  "trace": "zipf_1_3.oracleGeneral"
}