{
  "dram_cache_size": 50,
  "flash_cache_size": 5000,
  "results": [
    {
      "hit": 13020316,
      "iteration": 0,
      "metrics": [
        {
          "admission_treshold": 0,
          "algorithm": "lru",
          "hit": 777410,
          "inserted": 99222590,
          "layer": 0,
          "miss_ratio": 0.9922259,
          "reinserted": 777410,
          "req": 100000000
        },
        {
          "admission_treshold": 4,
          "algorithm": "lru",
          "hit": 12242906,
          "inserted": 84024514,
          "layer": 1,
          "miss_ratio": 0.876611707071948,
          "reinserted": 12198180,
          "req": 99222590
        }
      ],
      "miss_ratio": 0.86979684,
      "req": 100000000
    }
  ],
  "trace": "zipf0.75.oracleGeneral"
}