{
  "dram_cache_size": 1249,
  "flash_cache_size": 4999,
  "results": [
    {
      "hit": 57683365,
      "iteration": 0,
      "metrics": [
        {
          "admission_treshold": 0,
          "algorithm": "lru",
          "hit": 42037752,
          "inserted": 57962248,
          "layer": 0,
          "miss_ratio": 0.57962248,
          "reinserted": 42037752,
          "req": 100000000
        },
        {
          "admission_treshold": 32,
          "algorithm": "offline-clock",
          "hit": 15645613,
          "inserted": 25932831,
          "layer": 1,
          "miss_ratio": 0.7300723567519327,
          "reinserted": 9104802,
          "req": 57962248
        }
      ],
      "miss_ratio": 0.42316635,
      "req": 100000000
    },
    {
      "hit": 57741030,
      "iteration": 1,
      "metrics": [
        {
          "admission_treshold": 0,
          "algorithm": "lru",
          "hit": 42037752,
          "inserted": 57962248,
          "layer": 0,
          "miss_ratio": 0.57962248,
          "reinserted": 42037752,
          "req": 100000000
        },
        {
          "admission_treshold": 32,
          "algorithm": "offline-clock",
          "hit": 15703278,
          "inserted": 25778691,
          "layer": 1,
          "miss_ratio": 0.7290774850554451,
          "reinserted": 5084081,
          "req": 57962248
        }
      ],
      "miss_ratio": 0.42258969999999996,
      "req": 100000000
    }
  ],
  "trace": "zipf_1_2.oracleGeneral"
}