{
  "cache_size": 99990,
  "results": [
    {
      "hit": 80177973,
      "iteration": 0,
      "metrics": [
        {
          "admission_treshold": 16,
          "algorithm": "lru",
          "hit": 40307900,
          "inserted": 59692100,
          "layer": 0,
          "miss_ratio": 0.596921,
          "reinserted": 40307900,
          "req": 100000000
        },
        {
          "admission_treshold": 16,
          "algorithm": "lru",
          "hit": 39870073,
          "inserted": 7787814,
          "layer": 1,
          "miss_ratio": 0.33207119535080853,
          "reinserted": 39858137,
          "req": 59692100
        }
      ],
      "miss_ratio": 0.19822026999999998,
      "req": 100000000
    }
  ],
  "trace": "zipf_1_10.oracleGeneral"
}