{
  "dram_cache_size": 49,
  "flash_cache_size": 4999,
  "results": [
    {
      "hit": 55968130,
      "iteration": 0,
      "metrics": [
        {
          "admission_treshold": 16,
          "algorithm": "offline-clock",
          "hit": 55968130,
          "inserted": 31970544,
          "layer": 0,
          "miss_ratio": 0.44031869999999995,
          "reinserted": 10249617,
          "req": 100000000
        }
      ],
      "miss_ratio": 0.44031869999999995,
      "req": 100000000
    },
    {
      "hit": 56207446,
      "iteration": 1,
      "metrics": [
        {
          "admission_treshold": 16,
          "algorithm": "offline-clock",
          "hit": 56207446,
          "inserted": 31731228,
          "layer": 0,
          "miss_ratio": 0.43792553999999995,
          "reinserted": 5886720,
          "req": 100000000
        }
      ],
      "miss_ratio": 0.43792553999999995,
      "req": 100000000
    }
  ],
  "trace": "zipf_1_0.oracleGeneral"
}