{
  "dram_cache_size": 5000,
  "flash_cache_size": 100001,
  "results": [
    {
      "hit": 44248940,
      "iteration": 0,
      "metrics": [
        {
          "admission_treshold": 0,
          "algorithm": "lru",
          "hit": 12740005,
          "inserted": 87259995,
          "layer": 0,
          "miss_ratio": 0.87259995,
          "reinserted": 12740005,
          "req": 100000000
        },
        {
          "admission_treshold": 16,
          "algorithm": "lru",
          "hit": 31508935,
          "inserted": 41201818,
          "layer": 1,
          "miss_ratio": 0.6389074397723722,
          "reinserted": 31129550,
          "req": 87259995
        }
      ],
      "miss_ratio": 0.5575106000000001,
      "req": 100000000
    }
  ],
  "trace": "zipf0.75.oracleGeneral"
}