{
  "cache_size": 4999,
  "results": [
    {
      "hit": 56221801,
      "iteration": 0,
      "metrics": [
        {
          "admission_treshold": 32,
          "algorithm": "lru",
          "hit": 17360782,
          "inserted": 82639218,
          "layer": 0,
          "miss_ratio": 0.82639218,
          "reinserted": 17360782,
          "req": 100000000
        },
        {
          "admission_treshold": 32,
          "algorithm": "lru",
          "hit": 38861019,
          "inserted": 26582556,
          "layer": 1,
          "miss_ratio": 0.5297508865584861,
          "reinserted": 38836562,
          "req": 82639218
        }
      ],
      "miss_ratio": 0.43778198999999995,
      "req": 100000000
    }
  ],
  "trace": "zipf_1_18.oracleGeneral"
}