{
  "dram_cache_size": 249977,
  "flash_cache_size": 499955,
  "results": [
    {
      "hit": 93910632,
      "iteration": 0,
      "metrics": [
        {
<<<<<<< HEAD
          "admission_treshold": 4,
=======
          "admission_treshold": 0,
>>>>>>> 160be2d8 (New results)
          "algorithm": "lru",
          "hit": 86263134,
          "inserted": 13736866,
          "layer": 0,
          "miss_ratio": 0.13736866000000003,
          "reinserted": 86263134,
          "req": 100000000
        },
        {
          "admission_treshold": 4,
          "algorithm": "fifo",
          "hit": 7647498,
          "inserted": 5044903,
          "layer": 1,
          "miss_ratio": 0.44328655458967137,
          "reinserted": 0,
          "req": 13736866
        }
      ],
      "miss_ratio": 0.06089367999999995,
      "req": 100000000
    }
  ],
  "trace": "zipf_1_0.oracleGeneral"
}