{
  "cache_size": 4999,
  "results": [
    {
      "hit": 56218896,
      "iteration": 0,
      "metrics": [
        {
          "admission_treshold": 32,
          "algorithm": "lru",
          "hit": 17362552,
          "inserted": 82637448,
          "layer": 0,
          "miss_ratio": 0.82637448,
          "reinserted": 17362552,
          "req": 100000000
        },
        {
          "admission_treshold": 32,
          "algorithm": "lru",
          "hit": 38856344,
          "inserted": 26580768,
          "layer": 1,
          "miss_ratio": 0.5297973867731249,
          "reinserted": 38831888,
          "req": 82637448
        }
      ],
      "miss_ratio": 0.43781104000000004,
      "req": 100000000
    }
  ],
  "trace": "zipf_1_13.oracleGeneral"
}