{
  "dram_cache_size": 62500,
  "flash_cache_size": 250002,
  "results": [
    {
      "hit": 39802279,
      "iteration": 0,
      "metrics": [
        {
          "admission_treshold": 0,
          "algorithm": "lru",
          "hit": 12836862,
          "inserted": 87163138,
          "layer": 0,
          "miss_ratio": 0.87163138,
          "reinserted": 12836862,
          "req": 100000000
        },
        {
          "admission_treshold": 32,
          "algorithm": "lru",
          "hit": 26965417,
          "inserted": 33739103,
          "layer": 1,
          "miss_ratio": 0.6906327879108712,
          "reinserted": 24296552,
          "req": 87163138
        }
      ],
      "miss_ratio": 0.60197721,
      "req": 100000000
    }
  ],
  "trace": "zipf0.5.oracleGeneral"
}