{
  "cache_size": 249977,
  "results": [
    {
      "hit": 86327745,
      "iteration": 0,
      "metrics": [
        {
          "admission_treshold": 2,
          "algorithm": "lru",
          "hit": 47462662,
          "inserted": 52537338,
          "layer": 0,
          "miss_ratio": 0.52537338,
          "reinserted": 47462662,
          "req": 100000000
        },
        {
          "admission_treshold": 2,
          "algorithm": "lru",
          "hit": 38865083,
          "inserted": 12694595,
          "layer": 1,
          "miss_ratio": 0.2602388229110504,
          "reinserted": 38842893,
          "req": 52537338
        }
      ],
      "miss_ratio": 0.13672255,
      "req": 100000000
    }
  ],
  "trace": "zipf_1_0.oracleGeneral"
}