{
  "dram_cache_size": 999,
  "flash_cache_size": 9998,
  "results": [
    {
      "hit": 59850267,
      "iteration": 0,
      "metrics": [
        {
          "admission_treshold": 0,
          "algorithm": "lru",
          "hit": 40304112,
          "inserted": 59695888,
          "layer": 0,
          "miss_ratio": 0.5969588800000001,
          "reinserted": 40304112,
          "req": 100000000
        },
        {
          "admission_treshold": 1,
          "algorithm": "offline-clock",
          "hit": 19546155,
          "inserted": 40582501,
          "layer": 1,
          "miss_ratio": 0.6725711660407833,
          "reinserted": 9980596,
          "req": 59695888
        }
      ],
      "miss_ratio": 0.40149733,
      "req": 100000000
    },
    {
      "hit": 59857874,
      "iteration": 1,
      "metrics": [
        {
          "admission_treshold": 0,
          "algorithm": "lru",
          "hit": 40304112,
          "inserted": 59695888,
          "layer": 0,
          "miss_ratio": 0.5969588800000001,
          "reinserted": 40304112,
          "req": 100000000
        },
        {
          "admission_treshold": 1,
          "algorithm": "offline-clock",
          "hit": 19553762,
          "inserted": 40520876,
          "layer": 1,
          "miss_ratio": 0.6724437368282385,
          "reinserted": 5739730,
          "req": 59695888
        }
      ],
      "miss_ratio": 0.40142126,
      "req": 100000000
    }
  ],
  "trace": "zipf_1_2.oracleGeneral"
}