{
  "cache_size": 4999,
  "results": [
    {
      "hit": 53144440,
      "iteration": 0,
      "metrics": [
        {
          "admission_treshold": 2,
          "algorithm": "lru",
          "hit": 17368533,
          "inserted": 82631467,
          "layer": 0,
          "miss_ratio": 0.82631467,
          "reinserted": 17368533,
          "req": 100000000
        },
        {
          "admission_treshold": 2,
          "algorithm": "lru",
          "hit": 35775907,
          "inserted": 45895203,
          "layer": 1,
          "miss_ratio": 0.5670425771334787,
          "reinserted": 35736378,
          "req": 82631467
        }
      ],
      "miss_ratio": 0.46855559999999996,
      "req": 100000000
    }
  ],
  "trace": "zipf_1_0.oracleGeneral"
}