{
  "dram_cache_size": 249955,
  "flash_cache_size": 499911,
  "results": [
    {
      "hit": 94201350,
      "iteration": 0,
      "metrics": [
        {
<<<<<<< HEAD
          "admission_treshold": 4,
=======
          "admission_treshold": 0,
>>>>>>> 160be2d8 (New results)
          "algorithm": "lru",
          "hit": 86253381,
          "inserted": 13746619,
          "layer": 0,
          "miss_ratio": 0.13746619000000004,
          "reinserted": 86253381,
          "req": 100000000
        },
        {
          "admission_treshold": 4,
          "algorithm": "offline-clock",
          "hit": 7947969,
          "inserted": 4536349,
          "layer": 1,
          "miss_ratio": 0.42182372261863077,
          "reinserted": 4791042,
          "req": 13746619
        }
      ],
      "miss_ratio": 0.05798650000000005,
      "req": 100000000
    },
    {
      "hit": 94330408,
      "iteration": 1,
      "metrics": [
        {
<<<<<<< HEAD
          "admission_treshold": 4,
=======
          "admission_treshold": 0,
>>>>>>> 160be2d8 (New results)
          "algorithm": "lru",
          "hit": 86253381,
          "inserted": 13746619,
          "layer": 0,
          "miss_ratio": 0.13746619000000004,
          "reinserted": 86253381,
          "req": 100000000
        },
        {
          "admission_treshold": 4,
          "algorithm": "offline-clock",
          "hit": 8077027,
          "inserted": 4121722,
          "layer": 1,
          "miss_ratio": 0.412435377746339,
          "reinserted": 2648440,
          "req": 13746619
        }
      ],
      "miss_ratio": 0.05669592000000001,
      "req": 100000000
    }
  ],
  "trace": "zipf_1_4.oracleGeneral"
}