{
  "dram_cache_size": 4999,
  "flash_cache_size": 99982,
  "results": [
    {
      "hit": 79419056,
      "iteration": 0,
      "metrics": [
        {
          "admission_treshold": 0,
          "algorithm": "lru",
          "hit": 52939492,
          "inserted": 47060508,
          "layer": 0,
          "miss_ratio": 0.47060508,
          "reinserted": 52939492,
          "req": 100000000
        },
        {
          "admission_treshold": 8,
          "algorithm": "lru",
          "hit": 26479564,
          "inserted": 13947126,
          "layer": 1,
          "miss_ratio": 0.43732940579391966,
          "reinserted": 26354395,
          "req": 47060508
        }
      ],
      "miss_ratio": 0.20580944,
      "req": 100000000
    }
  ],
  "trace": "zipf_1_4.oracleGeneral"
}