{
  "cache_size": 499917,
  "results": [
    {
      "hit": 87549806,
      "iteration": 0,
      "metrics": [
        {
          "admission_treshold": 16,
          "algorithm": "lru",
          "hit": 52946357,
          "inserted": 47053643,
          "layer": 0,
          "miss_ratio": 0.47053643,
          "reinserted": 52946357,
          "req": 100000000
        },
        {
          "admission_treshold": 16,
          "algorithm": "offline-clock",
          "hit": 34603449,
          "inserted": 462505,
          "layer": 1,
          "miss_ratio": 0.26459575085397746,
          "reinserted": 0,
          "req": 47053643
        }
      ],
      "miss_ratio": 0.12450194000000003,
      "req": 100000000
    },
    {
      "hit": 87549806,
      "iteration": 1,
      "metrics": [
        {
          "admission_treshold": 16,
          "algorithm": "lru",
          "hit": 52946357,
          "inserted": 47053643,
          "layer": 0,
          "miss_ratio": 0.47053643,
          "reinserted": 52946357,
          "req": 100000000
        },
        {
          "admission_treshold": 16,
          "algorithm": "offline-clock",
          "hit": 34603449,
          "inserted": 462505,
          "layer": 1,
          "miss_ratio": 0.26459575085397746,
          "reinserted": 0,
          "req": 47053643
        }
      ],
      "miss_ratio": 0.12450194000000003,
      "req": 100000000
    }
  ],
  "trace": "zipf_1_3.oracleGeneral"
}