{
  "dram_cache_size": 249,
  "flash_cache_size": 4999,
  "results": [
    {
      "hit": 51494003,
      "iteration": 0,
      "metrics": [
        {
<<<<<<< HEAD
          "admission_treshold": 8,
=======
          "admission_treshold": 0,
>>>>>>> 160be2d8 (New results)
          "algorithm": "lru",
          "hit": 29638781,
          "inserted": 70361219,
          "layer": 0,
          "miss_ratio": 0.7036121900000001,
          "reinserted": 29638781,
          "req": 100000000
        },
        {
          "admission_treshold": 8,
          "algorithm": "fifo",
          "hit": 21855222,
          "inserted": 42443893,
          "layer": 1,
          "miss_ratio": 0.6893853985105062,
          "reinserted": 0,
          "req": 70361219
        }
      ],
      "miss_ratio": 0.48505997,
      "req": 100000000
    }
  ],
  "trace": "zipf_1_0.oracleGeneral"
}