{
  "dram_cache_size": 249958,
  "flash_cache_size": 499917,
  "results": [
    {
      "hit": 94617132,
      "iteration": 0,
      "metrics": [
        {
<<<<<<< HEAD
          "admission_treshold": 2,
=======
          "admission_treshold": 0,
>>>>>>> 160be2d8 (New results)
          "algorithm": "lru",
          "hit": 86257138,
          "inserted": 13742862,
          "layer": 0,
          "miss_ratio": 0.13742862,
          "reinserted": 86257138,
          "req": 100000000
        },
        {
          "admission_treshold": 2,
          "algorithm": "lru",
          "hit": 8359994,
          "inserted": 6150160,
          "layer": 1,
          "miss_ratio": 0.39168464327153985,
          "reinserted": 6592644,
          "req": 13742862
        }
      ],
      "miss_ratio": 0.05382867999999996,
      "req": 100000000
    }
  ],
  "trace": "zipf_1_2.oracleGeneral"
}