{
  "cache_size": 9998,
  "results": [
    {
      "hit": 59849343,
      "iteration": 0,
      "metrics": [
        {
          "admission_treshold": 8,
          "algorithm": "lru",
          "hit": 22638175,
          "inserted": 77361825,
          "layer": 0,
          "miss_ratio": 0.77361825,
          "reinserted": 22638175,
          "req": 100000000
        },
        {
          "admission_treshold": 8,
          "algorithm": "lru",
          "hit": 37211168,
          "inserted": 33395660,
          "layer": 1,
          "miss_ratio": 0.5189983173225295,
          "reinserted": 37177274,
          "req": 77361825
        }
      ],
      "miss_ratio": 0.40150657,
      "req": 100000000
    }
  ],
  "trace": "zipf_1_14.oracleGeneral"
}