{
  "dram_cache_size": 1000,
  "flash_cache_size": 10000,
  "results": [
    {
      "hit": 20598742,
      "iteration": 0,
      "metrics": [
        {
          "admission_treshold": 0,
          "algorithm": "lru",
          "hit": 6156641,
          "inserted": 93843359,
          "layer": 0,
          "miss_ratio": 0.93843359,
          "reinserted": 6156641,
          "req": 100000000
        },
        {
          "admission_treshold": 32,
          "algorithm": "lru",
          "hit": 14442101,
          "inserted": 49944156,
          "layer": 1,
          "miss_ratio": 0.8461041766418442,
          "reinserted": 14031714,
          "req": 93843359
        }
      ],
      "miss_ratio": 0.79401258,
      "req": 100000000
    }
  ],
  "trace": "zipf0.75.oracleGeneral"
}