{
  "dram_cache_size": 4999,
  "flash_cache_size": 99983,
  "results": [
    {
      "hit": 80237549,
      "iteration": 0,
      "metrics": [
        {
          "admission_treshold": 32,
          "algorithm": "lru",
          "hit": 52949056,
          "inserted": 47050944,
          "layer": 0,
          "miss_ratio": 0.47050943999999995,
          "reinserted": 52949056,
          "req": 100000000
        },
        {
          "admission_treshold": 32,
          "algorithm": "lru",
          "hit": 27288493,
          "inserted": 2703961,
          "layer": 1,
          "miss_ratio": 0.420022412302716,
          "reinserted": 27260161,
          "req": 47050944
        }
      ],
      "miss_ratio": 0.19762451000000003,
      "req": 100000000
    }
  ],
  "trace": "zipf_1_2.oracleGeneral"
}