{
  "dram_cache_size": 5000,
  "flash_cache_size": 500005,
  "results": [
    {
      "hit": 59456299,
      "iteration": 0,
      "metrics": [
        {
          "admission_treshold": 0,
          "algorithm": "lru",
          "hit": 1543695,
          "inserted": 98456305,
          "layer": 0,
          "miss_ratio": 0.98456305,
          "reinserted": 1543695,
          "req": 100000000
        },
        {
          "admission_treshold": 0,
          "algorithm": "fifo",
          "hit": 57912604,
          "inserted": 40779789,
          "layer": 1,
          "miss_ratio": 0.4117938510895772,
          "reinserted": 0,
          "req": 98456305
        }
      ],
      "miss_ratio": 0.40543701,
      "req": 100000000
    }
  ],
  "trace": "zipf0.5.oracleGeneral"
}