{
  "dram_cache_size": 999,
  "flash_cache_size": 9998,
  "results": [
    {
      "hit": 60254216,
      "iteration": 0,
      "metrics": [
        {
          "admission_treshold": 0,
          "algorithm": "lru",
          "hit": 40298607,
          "inserted": 59701393,
          "layer": 0,
          "miss_ratio": 0.59701393,
          "reinserted": 40298607,
          "req": 100000000
        },
        {
          "admission_treshold": 8,
          "algorithm": "lru",
          "hit": 19955609,
          "inserted": 33406408,
          "layer": 1,
          "miss_ratio": 0.6657429919600033,
          "reinserted": 19512560,
          "req": 59701393
        }
      ],
      "miss_ratio": 0.39745783999999995,
      "req": 100000000
    }
  ],
  "trace": "zipf_1_3.oracleGeneral"
}