{
  "cache_size": 9999,
  "results": [
    {
      "hit": 58730359,
      "iteration": 0,
      "metrics": [
        {
          "admission_treshold": 2,
          "algorithm": "lru",
          "hit": 22642847,
          "inserted": 77357153,
          "layer": 0,
          "miss_ratio": 0.77357153,
          "reinserted": 22642847,
          "req": 100000000
        },
        {
          "admission_treshold": 2,
          "algorithm": "lru",
          "hit": 36087512,
          "inserted": 40309703,
          "layer": 1,
          "miss_ratio": 0.5334948275565415,
          "reinserted": 36047595,
          "req": 77357153
        }
      ],
      "miss_ratio": 0.41269641,
      "req": 100000000
    }
  ],
  "trace": "zipf_1_13.oracleGeneral"
}