{
  "cache_size": 4999,
  "results": [
    {
      "hit": 53245028,
      "iteration": 0,
      "metrics": [
        {
          "admission_treshold": 32,
          "algorithm": "lru",
          "hit": 17362510,
          "inserted": 82637490,
          "layer": 0,
          "miss_ratio": 0.8263749,
          "reinserted": 17362510,
          "req": 100000000
        },
        {
          "admission_treshold": 32,
          "algorithm": "fifo",
          "hit": 35882518,
          "inserted": 29662471,
          "layer": 1,
          "miss_ratio": 0.5657840285323283,
          "reinserted": 0,
          "req": 82637490
        }
      ],
      "miss_ratio": 0.46754971999999995,
      "req": 100000000
    }
  ],
  "trace": "zipf_1_14.oracleGeneral"
}