{
  "dram_cache_size": 12500,
  "flash_cache_size": 250002,
  "results": [
    {
      "hit": 25491482,
      "iteration": 0,
      "metrics": [
        {
          "admission_treshold": 0,
          "algorithm": "lru",
          "hit": 1251542,
          "inserted": 98748458,
          "layer": 0,
          "miss_ratio": 0.9874845800000001,
          "reinserted": 1251542,
          "req": 100000000
        },
        {
          "admission_treshold": 4,
          "algorithm": "lru",
          "hit": 24239940,
          "inserted": 72444439,
          "layer": 1,
          "miss_ratio": 0.7545284200792279,
          "reinserted": 23328970,
          "req": 98748458
        }
      ],
      "miss_ratio": 0.74508518,
      "req": 100000000
    }
  ],
  "trace": "zipf0.oracleGeneral"
}