{
  "dram_cache_size": 24997,
  "flash_cache_size": 249977,
  "results": [
    {
      "hit": 86644536,
      "iteration": 0,
      "metrics": [
        {
          "admission_treshold": 0,
          "algorithm": "lru",
          "hit": 66029706,
          "inserted": 33970294,
          "layer": 0,
          "miss_ratio": 0.33970294,
          "reinserted": 66029706,
          "req": 100000000
        },
        {
          "admission_treshold": 2,
          "algorithm": "lru",
          "hit": 20614830,
          "inserted": 12677471,
          "layer": 1,
          "miss_ratio": 0.39315126327726224,
          "reinserted": 20292750,
          "req": 33970294
        }
      ],
      "miss_ratio": 0.13355463999999995,
      "req": 100000000
    }
  ],
  "trace": "zipf_1_0.oracleGeneral"
}