{
  "cache_size": 1999667968,
  "results": [
    {
      "hit": 92634619,
      "iteration": 0,
      "metrics": [
        {
          "admission_treshold": 2,
          "algorithm": "lru",
          "hit": 52949056,
          "inserted": 47050944,
          "layer": 0,
          "miss_ratio": 0.47050943999999995,
          "reinserted": 52949056,
          "req": 100000000
        },
        {
          "admission_treshold": 2,
          "algorithm": "lru",
          "hit": 39685563,
          "inserted": 6381082,
          "layer": 1,
          "miss_ratio": 0.1565405574009312,
          "reinserted": 39670006,
          "req": 47050944
        }
      ],
      "miss_ratio": 0.07365381000000004,
      "req": 100000000
    }
  ],
  "trace": "zipf_1_2.oracleGeneral"
}