{
  "dram_cache_size": 62489,
  "flash_cache_size": 249958,
  "results": [
    {
      "hit": 87342933,
      "iteration": 0,
      "metrics": [
        {
<<<<<<< HEAD
          "admission_treshold": 2,
=======
          "admission_treshold": 0,
>>>>>>> 160be2d8 (New results)
          "algorithm": "lru",
          "hit": 73797075,
          "inserted": 26202925,
          "layer": 0,
          "miss_ratio": 0.26202925,
          "reinserted": 73797075,
          "req": 100000000
        },
        {
          "admission_treshold": 2,
          "algorithm": "lru",
          "hit": 13545858,
          "inserted": 12716333,
          "layer": 1,
          "miss_ratio": 0.483040233103747,
          "reinserted": 12486545,
          "req": 26202925
        }
      ],
      "miss_ratio": 0.12657067,
      "req": 100000000
    }
  ],
  "trace": "zipf_1_3.oracleGeneral"
}