{
  "cache_size": 249972,
  "results": [
    {
      "hit": 85400669,
      "iteration": 0,
      "metrics": [
        {
          "admission_treshold": 16,
          "algorithm": "lru",
          "hit": 47459760,
          "inserted": 52540240,
          "layer": 0,
          "miss_ratio": 0.5254023999999999,
          "reinserted": 47459760,
          "req": 100000000
        },
        {
          "admission_treshold": 16,
          "algorithm": "fifo",
          "hit": 37940909,
          "inserted": 2592075,
          "layer": 1,
          "miss_ratio": 0.2778695148708875,
          "reinserted": 0,
          "req": 52540240
        }
      ],
      "miss_ratio": 0.14599331000000004,
      "req": 100000000
    }
  ],
  "trace": "zipf_1_17.oracleGeneral"
}