{
  "dram_cache_size": 499,
  "flash_cache_size": 4999,
  "results": [
    {
      "hit": 52118146,
      "iteration": 0,
      "metrics": [
        {
          "admission_treshold": 8,
          "algorithm": "lru",
          "hit": 34945775,
          "inserted": 65054225,
          "layer": 0,
          "miss_ratio": 0.65054225,
          "reinserted": 34945775,
          "req": 100000000
        },
        {
          "admission_treshold": 8,
          "algorithm": "fifo",
          "hit": 17172371,
          "inserted": 42335422,
          "layer": 1,
          "miss_ratio": 0.7360298889119039,
          "reinserted": 0,
          "req": 65054225
        }
      ],
      "miss_ratio": 0.47881854,
      "req": 100000000
    }
  ],
  "trace": "zipf_1_4.oracleGeneral"
}