{
  "dram_cache_size": 62494,
  "flash_cache_size": 249977,
  "results": [
    {
      "hit": 87519694,
      "iteration": 0,
      "metrics": [
        {
          "admission_treshold": 0,
          "algorithm": "lru",
          "hit": 73802340,
          "inserted": 26197660,
          "layer": 0,
          "miss_ratio": 0.2619766,
          "reinserted": 73802340,
          "req": 100000000
        },
        {
          "admission_treshold": 8,
          "algorithm": "lru",
          "hit": 13717354,
          "inserted": 6625013,
          "layer": 1,
          "miss_ratio": 0.4763901050704529,
          "reinserted": 13158838,
          "req": 26197660
        }
      ],
      "miss_ratio": 0.12480305999999997,
      "req": 100000000
    }
  ],
  "trace": "zipf_1_0.oracleGeneral"
}