{
  "cache_size": 499917,
  "results": [
    {
      "hit": 90897095,
      "iteration": 0,
      "metrics": [
        {
          "admission_treshold": 8,
          "algorithm": "lru",
          "hit": 52949056,
          "inserted": 47050944,
          "layer": 0,
          "miss_ratio": 0.47050943999999995,
          "reinserted": 52949056,
          "req": 100000000
        },
        {
          "admission_treshold": 8,
          "algorithm": "lru",
          "hit": 37948039,
          "inserted": 2351311,
          "layer": 1,
          "miss_ratio": 0.19346912572041064,
          "reinserted": 37940255,
          "req": 47050944
        }
      ],
      "miss_ratio": 0.09102904999999994,
      "req": 100000000
    }
  ],
  "trace": "zipf_1_2.oracleGeneral"
}