{
  "dram_cache_size": 999,
  "flash_cache_size": 9999,
  "results": [
    {
      "hit": 56757959,
      "iteration": 0,
      "metrics": [
        {
          "admission_treshold": 2,
          "algorithm": "lru",
          "hit": 40312301,
          "inserted": 59687699,
          "layer": 0,
          "miss_ratio": 0.5968769899999999,
          "reinserted": 40312301,
          "req": 100000000
        },
        {
          "admission_treshold": 2,
          "algorithm": "fifo",
          "hit": 16445658,
          "inserted": 43583606,
          "layer": 1,
          "miss_ratio": 0.7244715699293417,
          "reinserted": 0,
          "req": 59687699
        }
      ],
      "miss_ratio": 0.43242041,
      "req": 100000000
    }
  ],
  "trace": "zipf_1_0.oracleGeneral"
}