{
  "dram_cache_size": 125001,
  "flash_cache_size": 250002,
  "results": [
    {
      "hit": 47359022,
      "iteration": 0,
      "metrics": [
        {
          "admission_treshold": 0,
          "algorithm": "lru",
          "hit": 22108853,
          "inserted": 77891147,
          "layer": 0,
          "miss_ratio": 0.7789114699999999,
          "reinserted": 22108853,
          "req": 100000000
        },
        {
          "admission_treshold": 2,
          "algorithm": "offline-clock",
          "hit": 25250169,
          "inserted": 61671564,
          "layer": 1,
          "miss_ratio": 0.675827485246815,
          "reinserted": 14810994,
          "req": 77891147
        }
      ],
      "miss_ratio": 0.52640978,
      "req": 100000000
    },
    {
      "hit": 47661928,
      "iteration": 1,
      "metrics": [
        {
          "admission_treshold": 0,
          "algorithm": "lru",
          "hit": 22108853,
          "inserted": 77891147,
          "layer": 0,
          "miss_ratio": 0.7789114699999999,
          "reinserted": 22108853,
          "req": 100000000
        },
        {
          "admission_treshold": 2,
          "algorithm": "offline-clock",
          "hit": 25553075,
          "inserted": 60483614,
          "layer": 1,
          "miss_ratio": 0.6719386479184855,
          "reinserted": 5778275,
          "req": 77891147
        }
      ],
      "miss_ratio": 0.52338072,
      "req": 100000000
    }
  ],
  "trace": "zipf0.5.oracleGeneral"
}