{
  "cache_size": 1999932032,
  "results": [
    {
      "hit": 91161741,
      "iteration": 0,
      "metrics": [
        {
          "admission_treshold": 1,
          "algorithm": "lru",
          "hit": 52938983,
          "inserted": 47061017,
          "layer": 0,
          "miss_ratio": 0.47061017000000005,
          "reinserted": 52938983,
          "req": 100000000
        },
        {
          "admission_treshold": 1,
          "algorithm": "fifo",
          "hit": 38222758,
          "inserted": 8907254,
          "layer": 1,
          "miss_ratio": 0.18780424995915412,
          "reinserted": 0,
          "req": 47061017
        }
      ],
      "miss_ratio": 0.08838259000000004,
      "req": 100000000
    }
  ],
  "trace": "zipf_1_7.oracleGeneral"
}