{
  "dram_cache_size": 1249,
  "flash_cache_size": 4999,
  "results": [
    {
      "hit": 56181975,
      "iteration": 0,
      "metrics": [
        {
          "admission_treshold": 0,
          "algorithm": "lru",
          "hit": 42036169,
          "inserted": 57963831,
          "layer": 0,
          "miss_ratio": 0.57963831,
          "reinserted": 42036169,
          "req": 100000000
        },
        {
          "admission_treshold": 16,
          "algorithm": "lru",
          "hit": 14145806,
          "inserted": 33013095,
          "layer": 1,
          "miss_ratio": 0.7559546055539359,
          "reinserted": 12907818,
          "req": 57963831
        }
      ],
      "miss_ratio": 0.43818025000000005,
      "req": 100000000
    }
  ],
  "trace": "zipf_1_1.oracleGeneral"
}