{
  "dram_cache_size": 2499,
  "flash_cache_size": 4999,
  "results": [
    {
      "hit": 56160287,
      "iteration": 0,
      "metrics": [
        {
          "admission_treshold": 0,
          "algorithm": "lru",
          "hit": 47460640,
          "inserted": 52539360,
          "layer": 0,
          "miss_ratio": 0.5253936,
          "reinserted": 47460640,
          "req": 100000000
        },
        {
          "admission_treshold": 4,
          "algorithm": "lru",
          "hit": 8699647,
          "inserted": 44429291,
          "layer": 1,
          "miss_ratio": 0.8344165783519251,
          "reinserted": 5120391,
          "req": 52539360
        }
      ],
      "miss_ratio": 0.43839713,
      "req": 100000000
    }
  ],
  "trace": "zipf_1_2.oracleGeneral"
}