{
  "cache_size": 249955,
  "results": [
    {
      "hit": 86042821,
      "iteration": 0,
      "metrics": [
        {
          "admission_treshold": 16,
          "algorithm": "lru",
          "hit": 47457005,
          "inserted": 52542995,
          "layer": 0,
          "miss_ratio": 0.5254299499999999,
          "reinserted": 47457005,
          "req": 100000000
        },
        {
          "admission_treshold": 16,
          "algorithm": "offline-clock",
          "hit": 38585816,
          "inserted": 1933170,
          "layer": 1,
          "miss_ratio": 0.26563348739446624,
          "reinserted": 3747667,
          "req": 52542995
        }
      ],
      "miss_ratio": 0.13957178999999997,
      "req": 100000000
    },
    {
      "hit": 86317408,
      "iteration": 1,
      "metrics": [
        {
          "admission_treshold": 16,
          "algorithm": "lru",
          "hit": 47457005,
          "inserted": 52542995,
          "layer": 0,
          "miss_ratio": 0.5254299499999999,
          "reinserted": 47457005,
          "req": 100000000
        },
        {
          "admission_treshold": 16,
          "algorithm": "offline-clock",
          "hit": 38860403,
          "inserted": 1657315,
          "layer": 1,
          "miss_ratio": 0.2604075386262241,
          "reinserted": 1898539,
          "req": 52542995
        }
      ],
      "miss_ratio": 0.13682592000000005,
      "req": 100000000
    }
  ],
  "trace": "zipf_1_4.oracleGeneral"
}