{
  "dram_cache_size": 249958,
  "flash_cache_size": 499917,
  "results": [
    {
      "hit": 94662937,
      "iteration": 0,
      "metrics": [
        {
          "admission_treshold": 0,
          "algorithm": "lru",
          "hit": 86257138,
          "inserted": 13742862,
          "layer": 0,
          "miss_ratio": 0.13742862,
          "reinserted": 86257138,
          "req": 100000000
        },
        {
          "admission_treshold": 2,
          "algorithm": "offline-clock",
          "hit": 8405799,
          "inserted": 5935464,
          "layer": 1,
          "miss_ratio": 0.38835164029152003,
          "reinserted": 5473314,
          "req": 13742862
        }
      ],
      "miss_ratio": 0.053370629999999974,
      "req": 100000000
    },
    {
      "hit": 94808118,
      "iteration": 1,
      "metrics": [
        {
          "admission_treshold": 0,
          "algorithm": "lru",
          "hit": 86257138,
          "inserted": 13742862,
          "layer": 0,
          "miss_ratio": 0.13742862,
          "reinserted": 86257138,
          "req": 100000000
        },
        {
          "admission_treshold": 2,
          "algorithm": "offline-clock",
          "hit": 8550980,
          "inserted": 5450552,
          "layer": 1,
          "miss_ratio": 0.37778753799608844,
          "reinserted": 3078121,
          "req": 13742862
        }
      ],
      "miss_ratio": 0.05191882000000003,
      "req": 100000000
    }
  ],
  "trace": "zipf_1_2.oracleGeneral"
}