{
  "cache_size": 39998640,
  "results": [
    {
      "hit": 59103375,
      "iteration": 0,
      "metrics": [
        {
          "admission_treshold": 4,
          "algorithm": "lru",
          "hit": 22634925,
          "inserted": 77365075,
          "layer": 0,
          "miss_ratio": 0.77365075,
          "reinserted": 22634925,
          "req": 100000000
        },
        {
          "admission_treshold": 4,
          "algorithm": "lru",
          "hit": 36468450,
          "inserted": 37939844,
          "layer": 1,
          "miss_ratio": 0.5286186951928891,
          "reinserted": 36430558,
          "req": 77365075
        }
      ],
      "miss_ratio": 0.40896625,
      "req": 100000000
    }
  ],
  "trace": "zipf_1_6.oracleGeneral"
}