{
  "cache_size": 99994,
  "results": [
    {
      "hit": 75846790,
      "iteration": 0,
      "metrics": [
        {
          "admission_treshold": 4,
          "algorithm": "lru",
          "hit": 40306601,
          "inserted": 59693399,
          "layer": 0,
          "miss_ratio": 0.59693399,
          "reinserted": 40306601,
          "req": 100000000
        },
        {
          "admission_treshold": 4,
          "algorithm": "fifo",
          "hit": 35540189,
          "inserted": 21292898,
          "layer": 1,
          "miss_ratio": 0.40462112067031064,
          "reinserted": 0,
          "req": 59693399
        }
      ],
      "miss_ratio": 0.24153210000000003,
      "req": 100000000
    }
  ],
  "trace": "zipf_1_13.oracleGeneral"
}