{
  "dram_cache_size": 1000,
  "flash_cache_size": 10000,
  "results": [
    {
      "hit": 1232916,
      "iteration": 0,
      "metrics": [
        {
          "admission_treshold": 0,
          "algorithm": "lru",
          "hit": 112080,
          "inserted": 99887920,
          "layer": 0,
          "miss_ratio": 0.9988792,
          "reinserted": 112080,
          "req": 100000000
        },
        {
          "admission_treshold": 1,
          "algorithm": "lru",
          "hit": 1120836,
          "inserted": 98876672,
          "layer": 1,
          "miss_ratio": 0.9887790635744542,
          "reinserted": 1010248,
          "req": 99887920
        }
      ],
      "miss_ratio": 0.98767084,
      "req": 100000000
    }
  ],
  "trace": "zipf0.25.oracleGeneral"
}