{
  "dram_cache_size": 5000,
  "flash_cache_size": 500005,
  "results": [
    {
      "hit": 62331100,
      "iteration": 0,
      "metrics": [
        {
          "admission_treshold": 0,
          "algorithm": "lru",
          "hit": 1543695,
          "inserted": 98456305,
          "layer": 0,
          "miss_ratio": 0.98456305,
          "reinserted": 1543695,
          "req": 100000000
        },
        {
          "admission_treshold": 1,
          "algorithm": "lru",
          "hit": 60787405,
          "inserted": 37835252,
          "layer": 1,
          "miss_ratio": 0.38259510145134945,
          "reinserted": 60616053,
          "req": 98456305
        }
      ],
      "miss_ratio": 0.37668900000000005,
      "req": 100000000
    }
  ],
  "trace": "zipf0.5.oracleGeneral"
}