{
  "dram_cache_size": 49991,
  "flash_cache_size": 99982,
  "results": [
    {
      "hit": 81688897,
      "iteration": 0,
      "metrics": [
        {
          "admission_treshold": 0,
          "algorithm": "lru",
          "hit": 71867511,
          "inserted": 28132489,
          "layer": 0,
          "miss_ratio": 0.28132489000000005,
          "reinserted": 71867511,
          "req": 100000000
        },
        {
          "admission_treshold": 8,
          "algorithm": "offline-clock",
          "hit": 9821386,
          "inserted": 13766092,
          "layer": 1,
          "miss_ratio": 0.65088812440307,
          "reinserted": 6020951,
          "req": 28132489
        }
      ],
      "miss_ratio": 0.18311102999999995,
      "req": 100000000
    },
    {
      "hit": 81678148,
      "iteration": 1,
      "metrics": [
        {
          "admission_treshold": 0,
          "algorithm": "lru",
          "hit": 71867511,
          "inserted": 28132489,
          "layer": 0,
          "miss_ratio": 0.28132489000000005,
          "reinserted": 71867511,
          "req": 100000000
        },
        {
          "admission_treshold": 8,
          "algorithm": "offline-clock",
          "hit": 9810637,
          "inserted": 13548982,
          "layer": 1,
          "miss_ratio": 0.6512702093298606,
          "reinserted": 3010559,
          "req": 28132489
        }
      ],
      "miss_ratio": 0.18321852000000005,
      "req": 100000000
    }
  ],
  "trace": "zipf_1_4.oracleGeneral"
}