{
  "dram_cache_size": 2499,
  "flash_cache_size": 4999,
  "results": [
    {
      "hit": 58149107,
      "iteration": 0,
      "metrics": [
        {
<<<<<<< HEAD
          "admission_treshold": 32,
=======
          "admission_treshold": 0,
>>>>>>> 160be2d8 (New results)
          "algorithm": "lru",
          "hit": 47457005,
          "inserted": 52542995,
          "layer": 0,
          "miss_ratio": 0.5254299499999999,
          "reinserted": 47457005,
          "req": 100000000
        },
        {
          "admission_treshold": 32,
          "algorithm": "lru",
          "hit": 10692102,
          "inserted": 27098821,
          "layer": 1,
          "miss_ratio": 0.7965075648999453,
          "reinserted": 8282670,
          "req": 52542995
        }
      ],
      "miss_ratio": 0.41850893,
      "req": 100000000
    }
  ],
  "trace": "zipf_1_4.oracleGeneral"
}