{
  "dram_cache_size": 25000,
  "flash_cache_size": 100001,
  "results": [
    {
      "hit": 21602362,
      "iteration": 0,
      "metrics": [
        {
          "admission_treshold": 0,
          "algorithm": "lru",
          "hit": 6110471,
          "inserted": 93889529,
          "layer": 0,
          "miss_ratio": 0.93889529,
          "reinserted": 6110471,
          "req": 100000000
        },
        {
          "admission_treshold": 2,
          "algorithm": "lru",
          "hit": 15491891,
          "inserted": 80496531,
          "layer": 1,
          "miss_ratio": 0.8349987355885021,
          "reinserted": 12392992,
          "req": 93889529
        }
      ],
      "miss_ratio": 0.78397638,
      "req": 100000000
    }
  ],
  "trace": "zipf0.5.oracleGeneral"
}