{
  "cache_size": 19998880,
  "results": [
    {
      "hit": 49604239,
      "iteration": 0,
      "metrics": [
        {
          "admission_treshold": 1,
          "algorithm": "lru",
          "hit": 17362552,
          "inserted": 82637448,
          "layer": 0,
          "miss_ratio": 0.82637448,
          "reinserted": 17362552,
          "req": 100000000
        },
        {
          "admission_treshold": 1,
          "algorithm": "fifo",
          "hit": 32241687,
          "inserted": 50604506,
          "layer": 1,
          "miss_ratio": 0.609841690658211,
          "reinserted": 0,
          "req": 82637448
        }
      ],
      "miss_ratio": 0.5039576100000001,
      "req": 100000000
    }
  ],
  "trace": "zipf_1_13.oracleGeneral"
}