{
  "cache_size": 99983,
  "results": [
    {
      "hit": 80180626,
      "iteration": 0,
      "metrics": [
        {
          "admission_treshold": 32,
          "algorithm": "lru",
          "hit": 40304112,
          "inserted": 59695888,
          "layer": 0,
          "miss_ratio": 0.5969588800000001,
          "reinserted": 40304112,
          "req": 100000000
        },
        {
          "admission_treshold": 32,
          "algorithm": "offline-clock",
          "hit": 39876514,
          "inserted": 2628227,
          "layer": 1,
          "miss_ratio": 0.3320056818653908,
          "reinserted": 4532568,
          "req": 59695888
        }
      ],
      "miss_ratio": 0.19819374,
      "req": 100000000
    },
    {
      "hit": 80538791,
      "iteration": 1,
      "metrics": [
        {
          "admission_treshold": 32,
          "algorithm": "lru",
          "hit": 40304112,
          "inserted": 59695888,
          "layer": 0,
          "miss_ratio": 0.5969588800000001,
          "reinserted": 40304112,
          "req": 100000000
        },
        {
          "admission_treshold": 32,
          "algorithm": "offline-clock",
          "hit": 40234679,
          "inserted": 2268635,
          "layer": 1,
          "miss_ratio": 0.3260058548756323,
          "reinserted": 2316259,
          "req": 59695888
        }
      ],
      "miss_ratio": 0.19461209000000002,
      "req": 100000000
    }
  ],
  "trace": "zipf_1_2.oracleGeneral"
}