{
  "dram_cache_size": 4999,
  "flash_cache_size": 99983,
  "results": [
    {
      "hit": 77410776,
      "iteration": 0,
      "metrics": [
        {
          "admission_treshold": 0,
          "algorithm": "lru",
          "hit": 52949056,
          "inserted": 47050944,
          "layer": 0,
          "miss_ratio": 0.47050943999999995,
          "reinserted": 52949056,
          "req": 100000000
        },
        {
          "admission_treshold": 8,
          "algorithm": "fifo",
          "hit": 24461720,
          "inserted": 16270508,
          "layer": 1,
          "miss_ratio": 0.4801013981781109,
          "reinserted": 0,
          "req": 47050944
        }
      ],
      "miss_ratio": 0.22589223999999997,
      "req": 100000000
    }
  ],
  "trace": "zipf_1_2.oracleGeneral"
}