{
  "cache_size": 999889024,
  "results": [
    {
      "hit": 86416858,
      "iteration": 0,
      "metrics": [
        {
          "admission_treshold": 4,
          "algorithm": "lru",
          "hit": 47459760,
          "inserted": 52540240,
          "layer": 0,
          "miss_ratio": 0.5254023999999999,
          "reinserted": 47459760,
          "req": 100000000
        },
        {
          "admission_treshold": 4,
          "algorithm": "lru",
          "hit": 38957098,
          "inserted": 10612306,
          "layer": 1,
          "miss_ratio": 0.25852835845439615,
          "reinserted": 38938085,
          "req": 52540240
        }
      ],
      "miss_ratio": 0.13583142000000004,
      "req": 100000000
    }
  ],
  "trace": "zipf_1_17.oracleGeneral"
}