{
  "dram_cache_size": 2500,
  "flash_cache_size": 10000,
  "results": [
    {
      "hit": 1400057,
      "iteration": 0,
      "metrics": [
        {
          "admission_treshold": 0,
          "algorithm": "lru",
          "hit": 280747,
          "inserted": 99719253,
          "layer": 0,
          "miss_ratio": 0.99719253,
          "reinserted": 280747,
          "req": 100000000
        },
        {
          "admission_treshold": 0,
          "algorithm": "offline-clock",
          "hit": 1119310,
          "inserted": 98874251,
          "layer": 1,
          "miss_ratio": 0.9887753872364046,
          "reinserted": 840379,
          "req": 99719253
        }
      ],
      "miss_ratio": 0.98599943,
      "req": 100000000
    },
    {
      "hit": 1406092,
      "iteration": 1,
      "metrics": [
        {
          "admission_treshold": 0,
          "algorithm": "lru",
          "hit": 280747,
          "inserted": 99719253,
          "layer": 0,
          "miss_ratio": 0.99719253,
          "reinserted": 280747,
          "req": 100000000
        },
        {
          "admission_treshold": 0,
          "algorithm": "offline-clock",
          "hit": 1125345,
          "inserted": 98867583,
          "layer": 1,
          "miss_ratio": 0.9887148673285789,
          "reinserted": 18243,
          "req": 99719253
        }
      ],
      "miss_ratio": 0.98593908,
      "req": 100000000
    }
  ],
  "trace": "zipf0.25.oracleGeneral"
}