{
  "dram_cache_size": 124991,
  "flash_cache_size": 249983,
  "results": [
    {
      "hit": 88934114,
      "iteration": 0,
      "metrics": [
        {
          "admission_treshold": 1,
          "algorithm": "lru",
          "hit": 79910991,
          "inserted": 20089009,
          "layer": 0,
          "miss_ratio": 0.20089009000000002,
          "reinserted": 79910991,
          "req": 100000000
        },
        {
          "admission_treshold": 1,
          "algorithm": "offline-clock",
          "hit": 9023123,
          "inserted": 13498878,
          "layer": 1,
          "miss_ratio": 0.5508428016533817,
          "reinserted": 5850364,
          "req": 20089009
        }
      ],
      "miss_ratio": 0.11065886000000003,
      "req": 100000000
    },
    {
      "hit": 88921784,
      "iteration": 1,
      "metrics": [
        {
          "admission_treshold": 1,
          "algorithm": "lru",
          "hit": 79910991,
          "inserted": 20089009,
          "layer": 0,
          "miss_ratio": 0.20089009000000002,
          "reinserted": 79910991,
          "req": 100000000
        },
        {
          "admission_treshold": 1,
          "algorithm": "offline-clock",
          "hit": 9010793,
          "inserted": 13207751,
          "layer": 1,
          "miss_ratio": 0.5514565701075648,
          "reinserted": 2964721,
          "req": 20089009
        }
      ],
      "miss_ratio": 0.11078215999999996,
      "req": 100000000
    }
  ],
  "trace": "zipf_1_1.oracleGeneral"
}