{
  "dram_cache_size": 4999,
  "flash_cache_size": 99991,
  "results": [
    {
      "hit": 78768310,
      "iteration": 0,
      "metrics": [
        {
          "admission_treshold": 0,
          "algorithm": "lru",
          "hit": 52944228,
          "inserted": 47055772,
          "layer": 0,
          "miss_ratio": 0.47055771999999996,
          "reinserted": 52944228,
          "req": 100000000
        },
        {
          "admission_treshold": 0,
          "algorithm": "offline-clock",
          "hit": 25824082,
          "inserted": 21385582,
          "layer": 1,
          "miss_ratio": 0.4512026707371839,
          "reinserted": 10117851,
          "req": 47055772
        }
      ],
      "miss_ratio": 0.21231690000000003,
      "req": 100000000
    },
    {
      "hit": 79106035,
      "iteration": 1,
      "metrics": [
        {
          "admission_treshold": 0,
          "algorithm": "lru",
          "hit": 52944228,
          "inserted": 47055772,
          "layer": 0,
          "miss_ratio": 0.47055771999999996,
          "reinserted": 52944228,
          "req": 100000000
        },
        {
          "admission_treshold": 0,
          "algorithm": "offline-clock",
          "hit": 26161807,
          "inserted": 21025727,
          "layer": 1,
          "miss_ratio": 0.44402554908673053,
          "reinserted": 5763263,
          "req": 47055772
        }
      ],
      "miss_ratio": 0.20893965000000003,
      "req": 100000000
    }
  ],
  "trace": "zipf_1_0.oracleGeneral"
}