{
  "dram_cache_size": 249955,
  "flash_cache_size": 499911,
  "results": [
    {
      "hit": 88487497,
      "iteration": 0,
      "metrics": [
        {
          "admission_treshold": 0,
          "algorithm": "lru",
          "hit": 86253381,
          "inserted": 13746619,
          "layer": 0,
          "miss_ratio": 0.13746619000000004,
          "reinserted": 86253381,
          "req": 100000000
        },
        {
          "admission_treshold": 32,
          "algorithm": "offline-clock",
          "hit": 2234116,
          "inserted": 208001,
          "layer": 1,
          "miss_ratio": 0.8374788738961922,
          "reinserted": 0,
          "req": 13746619
        }
      ],
      "miss_ratio": 0.11512502999999996,
      "req": 100000000
    },
    {
      "hit": 88487497,
      "iteration": 1,
      "metrics": [
        {
          "admission_treshold": 0,
          "algorithm": "lru",
          "hit": 86253381,
          "inserted": 13746619,
          "layer": 0,
          "miss_ratio": 0.13746619000000004,
          "reinserted": 86253381,
          "req": 100000000
        },
        {
          "admission_treshold": 32,
          "algorithm": "offline-clock",
          "hit": 2234116,
          "inserted": 208001,
          "layer": 1,
          "miss_ratio": 0.8374788738961922,
          "reinserted": 0,
          "req": 13746619
        }
      ],
      "miss_ratio": 0.11512502999999996,
      "req": 100000000
    }
  ],
  "trace": "zipf_1_4.oracleGeneral"
}