{
  "dram_cache_size": 25000,
  "flash_cache_size": 500005,
  "results": [
    {
      "hit": 75790703,
      "iteration": 0,
      "metrics": [
        {
          "admission_treshold": 0,
          "algorithm": "lru",
          "hit": 24416303,
          "inserted": 75583697,
          "layer": 0,
          "miss_ratio": 0.75583697,
          "reinserted": 24416303,
          "req": 100000000
        },
        {
          "admission_treshold": 8,
          "algorithm": "lru",
          "hit": 51374400,
          "inserted": 17688919,
          "layer": 1,
          "miss_ratio": 0.320297867938373,
          "reinserted": 51044870,
          "req": 75583697
        }
      ],
      "miss_ratio": 0.24209296999999996,
      "req": 100000000
    }
  ],
  "trace": "zipf0.75.oracleGeneral"
}