{
  "cache_size": 99997,
  "results": [
    {
      "hit": 79313324,
      "iteration": 0,
      "metrics": [
        {
          "admission_treshold": 32,
          "algorithm": "lru",
          "hit": 40301869,
          "inserted": 59698131,
          "layer": 0,
          "miss_ratio": 0.59698131,
          "reinserted": 40301869,
          "req": 100000000
        },
        {
          "admission_treshold": 32,
          "algorithm": "fifo",
          "hit": 39011455,
          "inserted": 3508121,
          "layer": 1,
          "miss_ratio": 0.34652133414360997,
          "reinserted": 0,
          "req": 59698131
        }
      ],
      "miss_ratio": 0.20686676000000004,
      "req": 100000000
    }
  ],
  "trace": "zipf_1_16.oracleGeneral"
}