{
  "dram_cache_size": 249,
  "flash_cache_size": 4999,
  "results": [
    {
      "hit": 50284177,
      "iteration": 0,
      "metrics": [
        {
          "admission_treshold": 0,
          "algorithm": "lru",
          "hit": 29625351,
          "inserted": 70374649,
          "layer": 0,
          "miss_ratio": 0.70374649,
          "reinserted": 29625351,
          "req": 100000000
        },
        {
          "admission_treshold": 0,
          "algorithm": "fifo",
          "hit": 20658826,
          "inserted": 50545121,
          "layer": 1,
          "miss_ratio": 0.7064450580776609,
          "reinserted": 0,
          "req": 70374649
        }
      ],
      "miss_ratio": 0.49715823000000003,
      "req": 100000000
    }
  ],
  "trace": "zipf_1_4.oracleGeneral"
}