{
  "dram_cache_size": 12498,
  "flash_cache_size": 249977,
  "results": [
    {
      "hit": 86410678,
      "iteration": 0,
      "metrics": [
        {
<<<<<<< HEAD
          "admission_treshold": 1,
=======
          "admission_treshold": 0,
>>>>>>> 160be2d8 (New results)
          "algorithm": "lru",
          "hit": 60324050,
          "inserted": 39675950,
          "layer": 0,
          "miss_ratio": 0.39675950000000004,
          "reinserted": 60324050,
          "req": 100000000
        },
        {
          "admission_treshold": 1,
          "algorithm": "lru",
          "hit": 26086628,
          "inserted": 13727340,
          "layer": 1,
          "miss_ratio": 0.3425077912438139,
          "reinserted": 25936112,
          "req": 39675950
        }
      ],
      "miss_ratio": 0.13589322000000004,
      "req": 100000000
    }
  ],
  "trace": "zipf_1_0.oracleGeneral"
}