{
  "dram_cache_size": 1000,
  "flash_cache_size": 100001,
  "results": [
    {
      "hit": 9116154,
      "iteration": 0,
      "metrics": [
        {
          "admission_treshold": 0,
          "algorithm": "lru",
          "hit": 100058,
          "inserted": 99899942,
          "layer": 0,
          "miss_ratio": 0.99899942,
          "reinserted": 100058,
          "req": 100000000
        },
        {
          "admission_treshold": 16,
          "algorithm": "lru",
          "hit": 9016096,
          "inserted": 75973757,
          "layer": 1,
          "miss_ratio": 0.9097487363906578,
          "reinserted": 8940344,
          "req": 99899942
        }
      ],
      "miss_ratio": 0.90883846,
      "req": 100000000
    }
  ],
  "trace": "zipf0.oracleGeneral"
}