{
  "dram_cache_size": 100,
  "flash_cache_size": 10000,
  "results": [
    {
      "hit": 18084947,
      "iteration": 0,
      "metrics": [
        {
          "admission_treshold": 0,
          "algorithm": "lru",
          "hit": 1414272,
          "inserted": 98585728,
          "layer": 0,
          "miss_ratio": 0.98585728,
          "reinserted": 1414272,
          "req": 100000000
        },
        {
          "admission_treshold": 4,
          "algorithm": "offline-clock",
          "hit": 16670675,
          "inserted": 78962660,
          "layer": 1,
          "miss_ratio": 0.8309017406657483,
          "reinserted": 8220118,
          "req": 98585728
        }
      ],
      "miss_ratio": 0.8191505299999999,
      "req": 100000000
    },
    {
      "hit": 18194071,
      "iteration": 1,
      "metrics": [
        {
          "admission_treshold": 0,
          "algorithm": "lru",
          "hit": 1414272,
          "inserted": 98585728,
          "layer": 0,
          "miss_ratio": 0.98585728,
          "reinserted": 1414272,
          "req": 100000000
        },
        {
          "admission_treshold": 4,
          "algorithm": "offline-clock",
          "hit": 16779799,
          "inserted": 78848105,
          "layer": 1,
          "miss_ratio": 0.8297948461667799,
          "reinserted": 3714588,
          "req": 98585728
        }
      ],
      "miss_ratio": 0.81805929,
      "req": 100000000
    }
  ],
  "trace": "zipf0.75.oracleGeneral"
}