{
  "dram_cache_size": 5000,
  "flash_cache_size": 100001,
  "results": [
    {
      "hit": 8179157,
      "iteration": 0,
      "metrics": [
        {
          "admission_treshold": 0,
          "algorithm": "lru",
          "hit": 500336,
          "inserted": 99499664,
          "layer": 0,
          "miss_ratio": 0.99499664,
          "reinserted": 500336,
          "req": 100000000
        },
        {
          "admission_treshold": 32,
          "algorithm": "fifo",
          "hit": 7678821,
          "inserted": 61277905,
          "layer": 1,
          "miss_ratio": 0.92282565898916,
          "reinserted": 0,
          "req": 99499664
        }
      ],
      "miss_ratio": 0.91820843,
      "req": 100000000
    }
  ],
  "trace": "zipf0.oracleGeneral"
}