{
  "dram_cache_size": 4999,
  "flash_cache_size": 499966,
  "results": [
    {
      "hit": 91095314,
      "iteration": 0,
      "metrics": [
        {
          "admission_treshold": 1,
          "algorithm": "fifo",
          "hit": 91095314,
          "inserted": 8904686,
          "layer": 0,
          "miss_ratio": 0.08904685999999995,
          "reinserted": 0,
          "req": 100000000
        }
      ],
      "miss_ratio": 0.08904685999999995,
      "req": 100000000
    }
  ],
  "trace": "zipf_1_1.oracleGeneral"
}