{
  "cache_size": 499944,
  "results": [
    {
      "hit": 91044922,
      "iteration": 0,
      "metrics": [
        {
          "admission_treshold": 2,
          "algorithm": "lru",
          "hit": 52945477,
          "inserted": 47054523,
          "layer": 0,
          "miss_ratio": 0.47054523000000004,
          "reinserted": 52945477,
          "req": 100000000
        },
        {
          "admission_treshold": 2,
          "algorithm": "fifo",
          "hit": 38099445,
          "inserted": 8022257,
          "layer": 1,
          "miss_ratio": 0.1903127994730709,
          "reinserted": 0,
          "req": 47054523
        }
      ],
      "miss_ratio": 0.08955078000000005,
      "req": 100000000
    }
  ],
  "trace": "zipf_1_17.oracleGeneral"
}