{
  "dram_cache_size": 499,
  "flash_cache_size": 4999,
  "results": [
    {
      "hit": 51006260,
      "iteration": 0,
      "metrics": [
        {
<<<<<<< HEAD
          "admission_treshold": 1,
=======
          "admission_treshold": 0,
>>>>>>> 160be2d8 (New results)
          "algorithm": "lru",
          "hit": 34945889,
          "inserted": 65054111,
          "layer": 0,
          "miss_ratio": 0.65054111,
          "reinserted": 34945889,
          "req": 100000000
        },
        {
          "admission_treshold": 1,
          "algorithm": "fifo",
          "hit": 16060371,
          "inserted": 50399145,
          "layer": 1,
          "miss_ratio": 0.7531228887287384,
          "reinserted": 0,
          "req": 65054111
        }
      ],
      "miss_ratio": 0.48993739999999997,
      "req": 100000000
    }
  ],
  "trace": "zipf_1_2.oracleGeneral"
}