{
  "dram_cache_size": 5000,
  "flash_cache_size": 10000,
  "results": [
    {
      "hit": 20018329,
      "iteration": 0,
      "metrics": [
        {
          "admission_treshold": 0,
          "algorithm": "lru",
          "hit": 12740005,
          "inserted": 87259995,
          "layer": 0,
          "miss_ratio": 0.87259995,
          "reinserted": 12740005,
          "req": 100000000
        },
        {
          "admission_treshold": 2,
          "algorithm": "offline-clock",
          "hit": 7278324,
          "inserted": 82245535,
          "layer": 1,
          "miss_ratio": 0.9165903688167757,
          "reinserted": 3929853,
          "req": 87259995
        }
      ],
      "miss_ratio": 0.79981671,
      "req": 100000000
    },
    {
      "hit": 19644979,
      "iteration": 1,
      "metrics": [
        {
          "admission_treshold": 0,
          "algorithm": "lru",
          "hit": 12740005,
          "inserted": 87259995,
          "layer": 0,
          "miss_ratio": 0.87259995,
          "reinserted": 12740005,
          "req": 100000000
        },
        {
          "admission_treshold": 2,
          "algorithm": "offline-clock",
          "hit": 6904974,
          "inserted": 82344756,
          "layer": 1,
          "miss_ratio": 0.9208689617733762,
          "reinserted": 1084295,
          "req": 87259995
        }
      ],
      "miss_ratio": 0.80355021,
      "req": 100000000
    }
  ],
  "trace": "zipf0.75.oracleGeneral"
}