{
  "dram_cache_size": 2499,
  "flash_cache_size": 9999,
  "results": [
    {
      "hit": 61582753,
      "iteration": 0,
      "metrics": [
        {
          "admission_treshold": 0,
          "algorithm": "lru",
          "hit": 47459567,
          "inserted": 52540433,
          "layer": 0,
          "miss_ratio": 0.52540433,
          "reinserted": 47459567,
          "req": 100000000
        },
        {
          "admission_treshold": 8,
          "algorithm": "offline-clock",
          "hit": 14123186,
          "inserted": 32743832,
          "layer": 1,
          "miss_ratio": 0.7311939549489438,
          "reinserted": 8921754,
          "req": 52540433
        }
      ],
      "miss_ratio": 0.38417247,
      "req": 100000000
    },
    {
      "hit": 61492672,
      "iteration": 1,
      "metrics": [
        {
          "admission_treshold": 0,
          "algorithm": "lru",
          "hit": 47459567,
          "inserted": 52540433,
          "layer": 0,
          "miss_ratio": 0.52540433,
          "reinserted": 47459567,
          "req": 100000000
        },
        {
          "admission_treshold": 8,
          "algorithm": "offline-clock",
          "hit": 14033105,
          "inserted": 32717202,
          "layer": 1,
          "miss_ratio": 0.7329084630878471,
          "reinserted": 4911316,
          "req": 52540433
        }
      ],
      "miss_ratio": 0.38507327999999996,
      "req": 100000000
    }
  ],
  "trace": "zipf_1_1.oracleGeneral"
}