{
  "dram_cache_size": 1250,
  "flash_cache_size": 5000,
  "results": [
    {
      "hit": 703612,
      "iteration": 0,
      "metrics": [
        {
          "admission_treshold": 0,
          "algorithm": "lru",
          "hit": 140247,
          "inserted": 99859753,
          "layer": 0,
          "miss_ratio": 0.99859753,
          "reinserted": 140247,
          "req": 100000000
        },
        {
          "admission_treshold": 2,
          "algorithm": "offline-clock",
          "hit": 563365,
          "inserted": 98435267,
          "layer": 1,
          "miss_ratio": 0.9943584378783713,
          "reinserted": 423889,
          "req": 99859753
        }
      ],
      "miss_ratio": 0.99296388,
      "req": 100000000
    },
    {
      "hit": 705252,
      "iteration": 1,
      "metrics": [
        {
          "admission_treshold": 0,
          "algorithm": "lru",
          "hit": 140247,
          "inserted": 99859753,
          "layer": 0,
          "miss_ratio": 0.99859753,
          "reinserted": 140247,
          "req": 100000000
        },
        {
          "admission_treshold": 2,
          "algorithm": "offline-clock",
          "hit": 565005,
          "inserted": 98433430,
          "layer": 1,
          "miss_ratio": 0.9943420148455605,
          "reinserted": 4942,
          "req": 99859753
        }
      ],
      "miss_ratio": 0.99294748,
      "req": 100000000
    }
  ],
  "trace": "zipf0.25.oracleGeneral"
}