{
  "dram_cache_size": 499,
  "flash_cache_size": 4999,
  "results": [
    {
      "hit": 53940354,
      "iteration": 0,
      "metrics": [
        {
          "admission_treshold": 0,
          "algorithm": "lru",
          "hit": 34957352,
          "inserted": 65042648,
          "layer": 0,
          "miss_ratio": 0.6504264799999999,
          "reinserted": 34957352,
          "req": 100000000
        },
        {
          "admission_treshold": 4,
          "algorithm": "lru",
          "hit": 18983002,
          "inserted": 43586656,
          "layer": 1,
          "miss_ratio": 0.7081453079831559,
          "reinserted": 18462571,
          "req": 65042648
        }
      ],
      "miss_ratio": 0.46059646,
      "req": 100000000
    }
  ],
  "trace": "zipf_1_0.oracleGeneral"
}