{
  "dram_cache_size": 5000,
  "flash_cache_size": 100001,
  "results": [
    {
      "hit": 10538746,
      "iteration": 0,
      "metrics": [
        {
          "admission_treshold": 0,
          "algorithm": "lru",
          "hit": 562279,
          "inserted": 99437721,
          "layer": 0,
          "miss_ratio": 0.99437721,
          "reinserted": 562279,
          "req": 100000000
        },
        {
          "admission_treshold": 32,
          "algorithm": "lru",
          "hit": 9976467,
          "inserted": 58940312,
          "layer": 1,
          "miss_ratio": 0.8996712022392388,
          "reinserted": 9647317,
          "req": 99437721
        }
      ],
      "miss_ratio": 0.89461254,
      "req": 100000000
    }
  ],
  "trace": "zipf0.25.oracleGeneral"
}