{
  "dram_cache_size": 25000,
  "flash_cache_size": 250002,
  "results": [
    {
      "hit": 28583581,
      "iteration": 0,
      "metrics": [
        {
          "admission_treshold": 0,
          "algorithm": "lru",
          "hit": 2797570,
          "inserted": 97202430,
          "layer": 0,
          "miss_ratio": 0.9720243,
          "reinserted": 2797570,
          "req": 100000000
        },
        {
          "admission_treshold": 2,
          "algorithm": "fifo",
          "hit": 25786011,
          "inserted": 72348671,
          "layer": 1,
          "miss_ratio": 0.7347184530263287,
          "reinserted": 0,
          "req": 97202430
        }
      ],
      "miss_ratio": 0.71416419,
      "req": 100000000
    }
  ],
  "trace": "zipf0.25.oracleGeneral"
}