{
  "cache_size": 999932992,
  "results": [
    {
      "hit": 84342837,
      "iteration": 0,
      "metrics": [
        {
          "admission_treshold": 4,
          "algorithm": "lru",
          "hit": 47467411,
          "inserted": 52532589,
          "layer": 0,
          "miss_ratio": 0.52532589,
          "reinserted": 47467411,
          "req": 100000000
        },
        {
          "admission_treshold": 4,
          "algorithm": "fifo",
          "hit": 36875426,
          "inserted": 12760180,
          "layer": 1,
          "miss_ratio": 0.2980466658515536,
          "reinserted": 0,
          "req": 52532589
        }
      ],
      "miss_ratio": 0.15657162999999996,
      "req": 100000000
    }
  ],
  "trace": "zipf_1_5.oracleGeneral"
}