{
  "dram_cache_size": 24995,
  "flash_cache_size": 499917,
  "results": [
    {
      "hit": 92967348,
      "iteration": 0,
      "metrics": [
        {
          "admission_treshold": 1,
          "algorithm": "lru",
          "hit": 66030429,
          "inserted": 33969571,
          "layer": 0,
          "miss_ratio": 0.33969571,
          "reinserted": 66030429,
          "req": 100000000
        },
        {
          "admission_treshold": 1,
          "algorithm": "lru",
          "hit": 26936919,
          "inserted": 7112267,
          "layer": 1,
          "miss_ratio": 0.207027989844205,
          "reinserted": 26832309,
          "req": 33969571
        }
      ],
      "miss_ratio": 0.07032651999999995,
      "req": 100000000
    }
  ],
  "trace": "zipf_1_3.oracleGeneral"
}