{
  "dram_cache_size": 10000,
  "flash_cache_size": 100001,
  "results": [
    {
      "hit": 20467619,
      "iteration": 0,
      "metrics": [
        {
          "admission_treshold": 0,
          "algorithm": "lru",
          "hit": 2826844,
          "inserted": 97173156,
          "layer": 0,
          "miss_ratio": 0.97173156,
          "reinserted": 2826844,
          "req": 100000000
        },
        {
          "admission_treshold": 4,
          "algorithm": "offline-clock",
          "hit": 17640775,
          "inserted": 77652727,
          "layer": 1,
          "miss_ratio": 0.8184604089631503,
          "reinserted": 13410065,
          "req": 97173156
        }
      ],
      "miss_ratio": 0.79532381,
      "req": 100000000
    },
    {
      "hit": 21193816,
      "iteration": 1,
      "metrics": [
        {
          "admission_treshold": 0,
          "algorithm": "lru",
          "hit": 2826844,
          "inserted": 97173156,
          "layer": 0,
          "miss_ratio": 0.97173156,
          "reinserted": 2826844,
          "req": 100000000
        },
        {
          "admission_treshold": 4,
          "algorithm": "offline-clock",
          "hit": 18366972,
          "inserted": 76855718,
          "layer": 1,
          "miss_ratio": 0.8109871825095399,
          "reinserted": 4479167,
          "req": 97173156
        }
      ],
      "miss_ratio": 0.78806184,
      "req": 100000000
    }
  ],
  "trace": "zipf0.5.oracleGeneral"
}