{
  "dram_cache_size": 10000,
  "flash_cache_size": 100001,
  "results": [
    {
      "hit": 11920324,
      "iteration": 0,
      "metrics": [
        {
          "admission_treshold": 0,
          "algorithm": "lru",
          "hit": 1122387,
          "inserted": 98877613,
          "layer": 0,
          "miss_ratio": 0.98877613,
          "reinserted": 1122387,
          "req": 100000000
        },
        {
          "admission_treshold": 2,
          "algorithm": "fifo",
          "hit": 10797937,
          "inserted": 88043213,
          "layer": 1,
          "miss_ratio": 0.8907949264511472,
          "reinserted": 0,
          "req": 98877613
        }
      ],
      "miss_ratio": 0.88079676,
      "req": 100000000
    }
  ],
  "trace": "zipf0.25.oracleGeneral"
}