{
  "cache_size": 1999800064,
  "results": [
    {
      "hit": 91161029,
      "iteration": 0,
      "metrics": [
        {
          "admission_treshold": 1,
          "algorithm": "lru",
          "hit": 52947084,
          "inserted": 47052916,
          "layer": 0,
          "miss_ratio": 0.47052916,
          "reinserted": 52947084,
          "req": 100000000
        },
        {
          "admission_treshold": 1,
          "algorithm": "fifo",
          "hit": 38213945,
          "inserted": 8908473,
          "layer": 1,
          "miss_ratio": 0.18785171571513226,
          "reinserted": 0,
          "req": 47052916
        }
      ],
      "miss_ratio": 0.08838970999999995,
      "req": 100000000
    }
  ],
  "trace": "zipf_1_12.oracleGeneral"
}