{
  "dram_cache_size": 125001,
  "flash_cache_size": 500005,
  "results": [
    {
      "hit": 71149275,
      "iteration": 0,
      "metrics": [
        {
          "admission_treshold": 0,
          "algorithm": "lru",
          "hit": 45548212,
          "inserted": 54451788,
          "layer": 0,
          "miss_ratio": 0.54451788,
          "reinserted": 45548212,
          "req": 100000000
        },
        {
          "admission_treshold": 32,
          "algorithm": "fifo",
          "hit": 25601063,
          "inserted": 3210993,
          "layer": 1,
          "miss_ratio": 0.5298398098516067,
          "reinserted": 0,
          "req": 54451788
        }
      ],
      "miss_ratio": 0.28850725,
      "req": 100000000
    }
  ],
  "trace": "zipf0.75.oracleGeneral"
}