{
  "dram_cache_size": 4999,
  "flash_cache_size": 9998,
  "results": [
    {
      "hit": 63399420,
      "iteration": 0,
      "metrics": [
        {
          "admission_treshold": 0,
          "algorithm": "lru",
          "hit": 52946357,
          "inserted": 47053643,
          "layer": 0,
          "miss_ratio": 0.47053643,
          "reinserted": 52946357,
          "req": 100000000
        },
        {
          "admission_treshold": 16,
          "algorithm": "offline-clock",
          "hit": 10453063,
          "inserted": 26892320,
          "layer": 1,
          "miss_ratio": 0.7778479553644763,
          "reinserted": 6757094,
          "req": 47053643
        }
      ],
      "miss_ratio": 0.36600580000000005,
      "req": 100000000
    },
    {
      "hit": 63190182,
      "iteration": 1,
      "metrics": [
        {
          "admission_treshold": 0,
          "algorithm": "lru",
          "hit": 52946357,
          "inserted": 47053643,
          "layer": 0,
          "miss_ratio": 0.47053643,
          "reinserted": 52946357,
          "req": 100000000
        },
        {
          "admission_treshold": 16,
          "algorithm": "offline-clock",
          "hit": 10243825,
          "inserted": 26890549,
          "layer": 1,
          "miss_ratio": 0.7822947523956859,
          "reinserted": 3260151,
          "req": 47053643
        }
      ],
      "miss_ratio": 0.36809818000000005,
      "req": 100000000
    }
  ],
  "trace": "zipf_1_3.oracleGeneral"
}