{
  "dram_cache_size": 499,
  "flash_cache_size": 4999,
  "results": [
    {
      "hit": 53614361,
      "iteration": 0,
      "metrics": [
        {
<<<<<<< HEAD
          "admission_treshold": 2,
=======
          "admission_treshold": 0,
>>>>>>> 160be2d8 (New results)
          "algorithm": "lru",
          "hit": 34957352,
          "inserted": 65042648,
          "layer": 0,
          "miss_ratio": 0.6504264799999999,
          "reinserted": 34957352,
          "req": 100000000
        },
        {
          "admission_treshold": 2,
          "algorithm": "lru",
          "hit": 18657009,
          "inserted": 45932871,
          "layer": 1,
          "miss_ratio": 0.7131572964249548,
          "reinserted": 18109898,
          "req": 65042648
        }
      ],
      "miss_ratio": 0.46385639,
      "req": 100000000
    }
  ],
  "trace": "zipf_1_0.oracleGeneral"
}