{
  "dram_cache_size": 9999,
  "flash_cache_size": 99993,
  "results": [
    {
      "hit": 80412057,
      "iteration": 0,
      "metrics": [
        {
          "admission_treshold": 32,
          "algorithm": "lru",
          "hit": 58516114,
          "inserted": 41483886,
          "layer": 0,
          "miss_ratio": 0.41483886000000003,
          "reinserted": 58516114,
          "req": 100000000
        },
        {
          "admission_treshold": 32,
          "algorithm": "lru",
          "hit": 21895943,
          "inserted": 2697101,
          "layer": 1,
          "miss_ratio": 0.47218196964479175,
          "reinserted": 21833604,
          "req": 41483886
        }
      ],
      "miss_ratio": 0.19587942999999997,
      "req": 100000000
    }
  ],
  "trace": "zipf_1_1.oracleGeneral"
}