{
  "dram_cache_size": 2500,
  "flash_cache_size": 10000,
  "results": [
    {
      "hit": 1401601,
      "iteration": 0,
      "metrics": [
        {
          "admission_treshold": 0,
          "algorithm": "lru",
          "hit": 280747,
          "inserted": 99719253,
          "layer": 0,
          "miss_ratio": 0.99719253,
          "reinserted": 280747,
          "req": 100000000
        },
        {
          "admission_treshold": 4,
          "algorithm": "fifo",
          "hit": 1120854,
          "inserted": 95872040,
          "layer": 1,
          "miss_ratio": 0.9887599037670288,
          "reinserted": 0,
          "req": 99719253
        }
      ],
      "miss_ratio": 0.98598399,
      "req": 100000000
    }
  ],
  "trace": "zipf0.25.oracleGeneral"
}