{
  "dram_cache_size": 100,
  "flash_cache_size": 10000,
  "results": [
    {
      "hit": 17299699,
      "iteration": 0,
      "metrics": [
        {
          "admission_treshold": 0,
          "algorithm": "lru",
          "hit": 1414272,
          "inserted": 98585728,
          "layer": 0,
          "miss_ratio": 0.98585728,
          "reinserted": 1414272,
          "req": 100000000
        },
        {
          "admission_treshold": 4,
          "algorithm": "lru",
          "hit": 15885427,
          "inserted": 79755348,
          "layer": 1,
          "miss_ratio": 0.8388668692490662,
          "reinserted": 15830565,
          "req": 98585728
        }
      ],
      "miss_ratio": 0.82700301,
      "req": 100000000
    }
  ],
  "trace": "zipf0.75.oracleGeneral"
}