{
  "dram_cache_size": 999,
  "flash_cache_size": 99991,
  "results": [
    {
      "hit": 75120839,
      "iteration": 0,
      "metrics": [
        {
          "admission_treshold": 2,
          "algorithm": "fifo",
          "hit": 75120839,
          "inserted": 23879283,
          "layer": 0,
          "miss_ratio": 0.24879161000000005,
          "reinserted": 0,
          "req": 100000000
        }
      ],
      "miss_ratio": 0.24879161000000005,
      "req": 100000000
    }
  ],
  "trace": "zipf_1_0.oracleGeneral"
}