{
  "dram_cache_size": 50000,
  "flash_cache_size": 500005,
  "results": [
    {
      "hit": 49762332,
      "iteration": 0,
      "metrics": [
        {
          "admission_treshold": 0,
          "algorithm": "lru",
          "hit": 5575219,
          "inserted": 94424781,
          "layer": 0,
          "miss_ratio": 0.94424781,
          "reinserted": 5575219,
          "req": 100000000
        },
        {
          "admission_treshold": 16,
          "algorithm": "offline-clock",
          "hit": 44187113,
          "inserted": 37871478,
          "layer": 1,
          "miss_ratio": 0.532039020561774,
          "reinserted": 30749867,
          "req": 94424781
        }
      ],
      "miss_ratio": 0.50237668,
      "req": 100000000
    },
    {
      "hit": 54252726,
      "iteration": 1,
      "metrics": [
        {
          "admission_treshold": 0,
          "algorithm": "lru",
          "hit": 5575219,
          "inserted": 94424781,
          "layer": 0,
          "miss_ratio": 0.94424781,
          "reinserted": 5575219,
          "req": 100000000
        },
        {
          "admission_treshold": 16,
          "algorithm": "offline-clock",
          "hit": 48677507,
          "inserted": 32952884,
          "layer": 1,
          "miss_ratio": 0.4844837712676294,
          "reinserted": 13709759,
          "req": 94424781
        }
      ],
      "miss_ratio": 0.45747274000000004,
      "req": 100000000
    }
  ],
  "trace": "zipf0.25.oracleGeneral"
}