{
  "dram_cache_size": 1000,
  "flash_cache_size": 100001,
  "results": [
    {
      "hit": 18710131,
      "iteration": 0,
      "metrics": [
        {
          "admission_treshold": 0,
          "algorithm": "lru",
          "hit": 345589,
          "inserted": 99654411,
          "layer": 0,
          "miss_ratio": 0.99654411,
          "reinserted": 345589,
          "req": 100000000
        },
        {
          "admission_treshold": 1,
          "algorithm": "lru",
          "hit": 18364542,
          "inserted": 81407465,
          "layer": 1,
          "miss_ratio": 0.8157177207138377,
          "reinserted": 18245946,
          "req": 99654411
        }
      ],
      "miss_ratio": 0.81289869,
      "req": 100000000
    }
  ],
  "trace": "zipf0.5.oracleGeneral"
}