{
  "dram_cache_size": 250002,
  "flash_cache_size": 500005,
  "results": [
    {
      "hit": 64098501,
      "iteration": 0,
      "metrics": [
        {
          "admission_treshold": 0,
          "algorithm": "lru",
          "hit": 24965323,
          "inserted": 75034677,
          "layer": 0,
          "miss_ratio": 0.7503467699999999,
          "reinserted": 24965323,
          "req": 100000000
        },
        {
          "admission_treshold": 0,
          "algorithm": "lru",
          "hit": 39133178,
          "inserted": 49892928,
          "layer": 1,
          "miss_ratio": 0.4784654300570922,
          "reinserted": 24891747,
          "req": 75034677
        }
      ],
      "miss_ratio": 0.35901499000000003,
      "req": 100000000
    }
  ],
  "trace": "zipf0.oracleGeneral"
}