{
  "cache_size": 249958,
  "results": [
    {
      "hit": 82622945,
      "iteration": 0,
      "metrics": [
        {
          "admission_treshold": 32,
          "algorithm": "lru",
          "hit": 47456816,
          "inserted": 52543184,
          "layer": 0,
          "miss_ratio": 0.52543184,
          "reinserted": 47456816,
          "req": 100000000
        },
        {
          "admission_treshold": 32,
          "algorithm": "fifo",
          "hit": 35166129,
          "inserted": 224074,
          "layer": 1,
          "miss_ratio": 0.33071948970583886,
          "reinserted": 0,
          "req": 52543184
        }
      ],
      "miss_ratio": 0.17377054999999997,
      "req": 100000000
    }
  ],
  "trace": "zipf_1_3.oracleGeneral"
}