{
  "dram_cache_size": 999,
  "flash_cache_size": 9998,
  "results": [
    {
      "hit": 59190725,
      "iteration": 0,
      "metrics": [
        {
          "admission_treshold": 0,
          "algorithm": "lru",
          "hit": 40304112,
          "inserted": 59695888,
          "layer": 0,
          "miss_ratio": 0.5969588800000001,
          "reinserted": 40304112,
          "req": 100000000
        },
        {
          "admission_treshold": 2,
          "algorithm": "lru",
          "hit": 18886613,
          "inserted": 40336099,
          "layer": 1,
          "miss_ratio": 0.6836195317171595,
          "reinserted": 18359887,
          "req": 59695888
        }
      ],
      "miss_ratio": 0.40809275,
      "req": 100000000
    }
  ],
  "trace": "zipf_1_2.oracleGeneral"
}