{
  "dram_cache_size": 125001,
  "flash_cache_size": 500005,
  "results": [
    {
      "hit": 65411184,
      "iteration": 0,
      "metrics": [
        {
          "admission_treshold": 0,
          "algorithm": "lru",
          "hit": 22108853,
          "inserted": 77891147,
          "layer": 0,
          "miss_ratio": 0.7789114699999999,
          "reinserted": 22108853,
          "req": 100000000
        },
        {
          "admission_treshold": 1,
          "algorithm": "fifo",
          "hit": 43302331,
          "inserted": 40078964,
          "layer": 1,
          "miss_ratio": 0.4440660759559748,
          "reinserted": 0,
          "req": 77891147
        }
      ],
      "miss_ratio": 0.34588816,
      "req": 100000000
    }
  ],
  "trace": "zipf0.5.oracleGeneral"
}