{
  "dram_cache_size": 62489,
  "flash_cache_size": 249958,
  "results": [
    {
      "hit": 87413841,
      "iteration": 0,
      "metrics": [
        {
          "admission_treshold": 0,
          "algorithm": "lru",
          "hit": 73797075,
          "inserted": 26202925,
          "layer": 0,
          "miss_ratio": 0.26202925,
          "reinserted": 73797075,
          "req": 100000000
        },
        {
          "admission_treshold": 4,
          "algorithm": "lru",
          "hit": 13616766,
          "inserted": 10602835,
          "layer": 1,
          "miss_ratio": 0.48033412300344336,
          "reinserted": 12730531,
          "req": 26202925
        }
      ],
      "miss_ratio": 0.12586158999999997,
      "req": 100000000
    }
  ],
  "trace": "zipf_1_3.oracleGeneral"
}