{
  "cache_size": 9998,
  "results": [
    {
      "hit": 59102915,
      "iteration": 0,
      "metrics": [
        {
          "admission_treshold": 4,
          "algorithm": "lru",
          "hit": 22638175,
          "inserted": 77361825,
          "layer": 0,
          "miss_ratio": 0.77361825,
          "reinserted": 22638175,
          "req": 100000000
        },
        {
          "admission_treshold": 4,
          "algorithm": "lru",
          "hit": 36464740,
          "inserted": 37939902,
          "layer": 1,
          "miss_ratio": 0.5286468487525986,
          "reinserted": 36427357,
          "req": 77361825
        }
      ],
      "miss_ratio": 0.40897085,
      "req": 100000000
    }
  ],
  "trace": "zipf_1_14.oracleGeneral"
}