{
  "dram_cache_size": 250002,
  "flash_cache_size": 500005,
  "results": [
    {
      "hit": 73032411,
      "iteration": 0,
      "metrics": [
        {
          "admission_treshold": 0,
          "algorithm": "lru",
          "hit": 37449393,
          "inserted": 62550607,
          "layer": 0,
          "miss_ratio": 0.62550607,
          "reinserted": 37449393,
          "req": 100000000
        },
        {
          "admission_treshold": 0,
          "algorithm": "lru",
          "hit": 35583018,
          "inserted": 38261540,
          "layer": 1,
          "miss_ratio": 0.4311323309780192,
          "reinserted": 24039065,
          "req": 62550607
        }
      ],
      "miss_ratio": 0.26967589000000003,
      "req": 100000000
    }
  ],
  "trace": "zipf0.5.oracleGeneral"
}