{
  "dram_cache_size": 4999,
  "flash_cache_size": 499966,
  "results": [
    {
      "hit": 90859708,
      "iteration": 0,
      "metrics": [
        {
          "admission_treshold": 8,
          "algorithm": "lru",
          "hit": 90859708,
          "inserted": 2352313,
          "layer": 0,
          "miss_ratio": 0.09140292000000005,
          "reinserted": 90859708,
          "req": 100000000
        }
      ],
      "miss_ratio": 0.09140292000000005,
      "req": 100000000
    }
  ],
  "trace": "zipf_1_1.oracleGeneral"
}