{
  "cache_size": 9998,
  "results": [
    {
      "hit": 55411146,
      "iteration": 0,
      "metrics": [
        {
          "admission_treshold": 2,
          "algorithm": "lru",
          "hit": 22637970,
          "inserted": 77362030,
          "layer": 0,
          "miss_ratio": 0.7736203,
          "reinserted": 22637970,
          "req": 100000000
        },
        {
          "admission_treshold": 2,
          "algorithm": "fifo",
          "hit": 32773176,
          "inserted": 43786063,
          "layer": 1,
          "miss_ratio": 0.5763661320676305,
          "reinserted": 0,
          "req": 77362030
        }
      ],
      "miss_ratio": 0.44588854,
      "req": 100000000
    }
  ],
  "trace": "zipf_1_4.oracleGeneral"
}