{
  "dram_cache_size": 999,
  "flash_cache_size": 99982,
  "results": [
    {
      "hit": 76886923,
      "iteration": 0,
      "metrics": [
        {
          "admission_treshold": 8,
          "algorithm": "fifo",
          "hit": 76886923,
          "inserted": 16324619,
          "layer": 0,
          "miss_ratio": 0.23113077000000004,
          "reinserted": 0,
          "req": 100000000
        }
      ],
      "miss_ratio": 0.23113077000000004,
      "req": 100000000
    }
  ],
  "trace": "zipf_1_4.oracleGeneral"
}