{
  "dram_cache_size": 125001,
  "flash_cache_size": 500005,
  "results": [
    {
      "hit": 50921703,
      "iteration": 0,
      "metrics": [
        {
          "admission_treshold": 0,
          "algorithm": "lru",
          "hit": 12494635,
          "inserted": 87505365,
          "layer": 0,
          "miss_ratio": 0.87505365,
          "reinserted": 12494635,
          "req": 100000000
        },
        {
          "admission_treshold": 16,
          "algorithm": "lru",
          "hit": 38427068,
          "inserted": 41342917,
          "layer": 1,
          "miss_ratio": 0.5608604341002406,
          "reinserted": 32912862,
          "req": 87505365
        }
      ],
      "miss_ratio": 0.49078297000000004,
      "req": 100000000
    }
  ],
  "trace": "zipf0.oracleGeneral"
}