{
  "dram_cache_size": 1000,
  "flash_cache_size": 10000,
  "results": [
    {
      "hit": 910196,
      "iteration": 0,
      "metrics": [
        {
          "admission_treshold": 0,
          "algorithm": "lru",
          "hit": 100058,
          "inserted": 99899942,
          "layer": 0,
          "miss_ratio": 0.99899942,
          "reinserted": 100058,
          "req": 100000000
        },
        {
          "admission_treshold": 32,
          "algorithm": "lru",
          "hit": 810138,
          "inserted": 68187551,
          "layer": 1,
          "miss_ratio": 0.9918905058022957,
          "reinserted": 742357,
          "req": 99899942
        }
      ],
      "miss_ratio": 0.99089804,
      "req": 100000000
    }
  ],
  "trace": "zipf0.oracleGeneral"
}