{
  "dram_cache_size": 99,
  "flash_cache_size": 9998,
  "results": [
    {
      "hit": 59998014,
      "iteration": 0,
      "metrics": [
        {
          "admission_treshold": 4,
          "algorithm": "offline-clock",
          "hit": 59998014,
          "inserted": 37007407,
          "layer": 0,
          "miss_ratio": 0.40001986,
          "reinserted": 10375527,
          "req": 100000000
        }
      ],
      "miss_ratio": 0.40001986,
      "req": 100000000
    },
    {
      "hit": 60180293,
      "iteration": 1,
      "metrics": [
        {
          "admission_treshold": 4,
          "algorithm": "offline-clock",
          "hit": 60180293,
          "inserted": 36825128,
          "layer": 0,
          "miss_ratio": 0.39819707000000004,
          "reinserted": 5990444,
          "req": 100000000
        }
      ],
      "miss_ratio": 0.39819707000000004,
      "req": 100000000
    }
  ],
  "trace": "zipf_1_3.oracleGeneral"
}