{
  "dram_cache_size": 125001,
  "flash_cache_size": 500005,
  "results": [
    {
      "hit": 77697497,
      "iteration": 0,
      "metrics": [
        {
          "admission_treshold": 0,
          "algorithm": "lru",
          "hit": 45548212,
          "inserted": 54451788,
          "layer": 0,
          "miss_ratio": 0.54451788,
          "reinserted": 45548212,
          "req": 100000000
        },
        {
          "admission_treshold": 4,
          "algorithm": "fifo",
          "hit": 32149285,
          "inserted": 23070701,
          "layer": 1,
          "miss_ratio": 0.4095825650390029,
          "reinserted": 0,
          "req": 54451788
        }
      ],
      "miss_ratio": 0.22302502999999996,
      "req": 100000000
    }
  ],
  "trace": "zipf0.75.oracleGeneral"
}