{
  "cache_size": 999900032,
  "results": [
    {
      "hit": 86320633,
      "iteration": 0,
      "metrics": [
        {
          "admission_treshold": 2,
          "algorithm": "lru",
          "hit": 47463010,
          "inserted": 52536990,
          "layer": 0,
          "miss_ratio": 0.5253699000000001,
          "reinserted": 47463010,
          "req": 100000000
        },
        {
          "admission_treshold": 2,
          "algorithm": "lru",
          "hit": 38857623,
          "inserted": 12701554,
          "layer": 1,
          "miss_ratio": 0.2603759179960633,
          "reinserted": 38835530,
          "req": 52536990
        }
      ],
      "miss_ratio": 0.13679366999999998,
      "req": 100000000
    }
  ],
  "trace": "zipf_1_10.oracleGeneral"
}