{
  "dram_cache_size": 499,
  "flash_cache_size": 9998,
  "results": [
    {
      "hit": 60841645,
      "iteration": 0,
      "metrics": [
        {
          "admission_treshold": 8,
          "algorithm": "lru",
          "hit": 34945889,
          "inserted": 65054111,
          "layer": 0,
          "miss_ratio": 0.65054111,
          "reinserted": 34945889,
          "req": 100000000
        },
        {
          "admission_treshold": 8,
          "algorithm": "offline-clock",
          "hit": 25895756,
          "inserted": 32534904,
          "layer": 1,
          "miss_ratio": 0.6019351336612686,
          "reinserted": 10114159,
          "req": 65054111
        }
      ],
      "miss_ratio": 0.39158355,
      "req": 100000000
    },
    {
      "hit": 61016147,
      "iteration": 1,
      "metrics": [
        {
          "admission_treshold": 8,
          "algorithm": "lru",
          "hit": 34945889,
          "inserted": 65054111,
          "layer": 0,
          "miss_ratio": 0.65054111,
          "reinserted": 34945889,
          "req": 100000000
        },
        {
          "admission_treshold": 8,
          "algorithm": "offline-clock",
          "hit": 26070258,
          "inserted": 32337739,
          "layer": 1,
          "miss_ratio": 0.599252720554432,
          "reinserted": 5807113,
          "req": 65054111
        }
      ],
      "miss_ratio": 0.38983853,
      "req": 100000000
    }
  ],
  "trace": "zipf_1_2.oracleGeneral"
}