{
  "dram_cache_size": 250,
  "flash_cache_size": 5000,
  "results": [
    {
      "hit": 13810616,
      "iteration": 0,
      "metrics": [
        {
          "admission_treshold": 0,
          "algorithm": "lru",
          "hit": 2803290,
          "inserted": 97196710,
          "layer": 0,
          "miss_ratio": 0.9719671,
          "reinserted": 2803290,
          "req": 100000000
        },
        {
          "admission_treshold": 4,
          "algorithm": "offline-clock",
          "hit": 11007326,
          "inserted": 83388921,
          "layer": 1,
          "miss_ratio": 0.8867520721637594,
          "reinserted": 6383942,
          "req": 97196710
        }
      ],
      "miss_ratio": 0.86189384,
      "req": 100000000
    },
    {
      "hit": 13820990,
      "iteration": 1,
      "metrics": [
        {
          "admission_treshold": 0,
          "algorithm": "lru",
          "hit": 2803290,
          "inserted": 97196710,
          "layer": 0,
          "miss_ratio": 0.9719671,
          "reinserted": 2803290,
          "req": 100000000
        },
        {
          "admission_treshold": 4,
          "algorithm": "offline-clock",
          "hit": 11017700,
          "inserted": 83355208,
          "layer": 1,
          "miss_ratio": 0.8866453401560608,
          "reinserted": 2866850,
          "req": 97196710
        }
      ],
      "miss_ratio": 0.8617901,
      "req": 100000000
    }
  ],
  "trace": "zipf0.75.oracleGeneral"
}