{
  "dram_cache_size": 25000,
  "flash_cache_size": 500005,
  "results": [
    {
      "hit": 51104607,
      "iteration": 0,
      "metrics": [
        {
          "admission_treshold": 0,
          "algorithm": "lru",
          "hit": 2502719,
          "inserted": 97497281,
          "layer": 0,
          "miss_ratio": 0.97497281,
          "reinserted": 2502719,
          "req": 100000000
        },
        {
          "admission_treshold": 1,
          "algorithm": "lru",
          "hit": 48601888,
          "inserted": 50139546,
          "layer": 1,
          "miss_ratio": 0.50150519582182,
          "reinserted": 47332735,
          "req": 97497281
        }
      ],
      "miss_ratio": 0.48895393,
      "req": 100000000
    }
  ],
  "trace": "zipf0.oracleGeneral"
}