{
  "dram_cache_size": 24998,
  "flash_cache_size": 99993,
  "results": [
    {
      "hit": 78307058,
      "iteration": 0,
      "metrics": [
        {
          "admission_treshold": 0,
          "algorithm": "lru",
          "hit": 66035778,
          "inserted": 33964222,
          "layer": 0,
          "miss_ratio": 0.33964222,
          "reinserted": 66035778,
          "req": 100000000
        },
        {
          "admission_treshold": 4,
          "algorithm": "fifo",
          "hit": 12271280,
          "inserted": 20688840,
          "layer": 1,
          "miss_ratio": 0.6386998059310766,
          "reinserted": 0,
          "req": 33964222
        }
      ],
      "miss_ratio": 0.21692942000000004,
      "req": 100000000
    }
  ],
  "trace": "zipf_1_1.oracleGeneral"
}