{
  "cache_size": 999944000,
  "results": [
    {
      "hit": 86000570,
      "iteration": 0,
      "metrics": [
        {
          "admission_treshold": 16,
          "algorithm": "lru",
          "hit": 47462490,
          "inserted": 52537510,
          "layer": 0,
          "miss_ratio": 0.5253751,
          "reinserted": 47462490,
          "req": 100000000
        },
        {
          "admission_treshold": 16,
          "algorithm": "lru",
          "hit": 38538080,
          "inserted": 1978454,
          "layer": 1,
          "miss_ratio": 0.266465426321118,
          "reinserted": 38533150,
          "req": 52537510
        }
      ],
      "miss_ratio": 0.13999430000000002,
      "req": 100000000
    }
  ],
  "trace": "zipf_1_13.oracleGeneral"
}