{
  "dram_cache_size": 4999,
  "flash_cache_size": 9999,
  "results": [
    {
      "hit": 62122872,
      "iteration": 0,
      "metrics": [
        {
<<<<<<< HEAD
          "admission_treshold": 16,
=======
          "admission_treshold": 0,
>>>>>>> 160be2d8 (New results)
          "algorithm": "lru",
          "hit": 52944228,
          "inserted": 47055772,
          "layer": 0,
          "miss_ratio": 0.47055771999999996,
          "reinserted": 52944228,
          "req": 100000000
        },
        {
          "admission_treshold": 16,
          "algorithm": "fifo",
          "hit": 9178644,
          "inserted": 28783306,
          "layer": 1,
          "miss_ratio": 0.8049411664099358,
          "reinserted": 0,
          "req": 47055772
        }
      ],
      "miss_ratio": 0.37877128000000004,
      "req": 100000000
    }
  ],
  "trace": "zipf_1_0.oracleGeneral"
}