{
  "dram_cache_size": 24995,
  "flash_cache_size": 99983,
  "results": [
    {
      "hit": 79737047,
      "iteration": 0,
      "metrics": [
        {
<<<<<<< HEAD
          "admission_treshold": 2,
=======
          "admission_treshold": 0,
>>>>>>> 160be2d8 (New results)
          "algorithm": "lru",
          "hit": 66034220,
          "inserted": 33965780,
          "layer": 0,
          "miss_ratio": 0.3396578,
          "reinserted": 66034220,
          "req": 100000000
        },
        {
          "admission_treshold": 2,
          "algorithm": "offline-clock",
          "hit": 13702827,
          "inserted": 20357368,
          "layer": 1,
          "miss_ratio": 0.5965696356744936,
          "reinserted": 8772870,
          "req": 33965780
        }
      ],
      "miss_ratio": 0.20262952999999995,
      "req": 100000000
    },
    {
      "hit": 79801869,
      "iteration": 1,
      "metrics": [
        {
<<<<<<< HEAD
          "admission_treshold": 2,
=======
          "admission_treshold": 0,
>>>>>>> 160be2d8 (New results)
          "algorithm": "lru",
          "hit": 66034220,
          "inserted": 33965780,
          "layer": 0,
          "miss_ratio": 0.3396578,
          "reinserted": 66034220,
          "req": 100000000
        },
        {
          "admission_treshold": 2,
          "algorithm": "offline-clock",
          "hit": 13767649,
          "inserted": 20163846,
          "layer": 1,
          "miss_ratio": 0.5946611854637226,
          "reinserted": 4835243,
          "req": 33965780
        }
      ],
      "miss_ratio": 0.20198130999999997,
      "req": 100000000
    }
  ],
  "trace": "zipf_1_2.oracleGeneral"
}