{
  "dram_cache_size": 24995,
  "flash_cache_size": 249958,
  "results": [
    {
      "hit": 83230694,
      "iteration": 0,
      "metrics": [
        {
          "admission_treshold": 32,
          "algorithm": "lru",
          "hit": 66030429,
          "inserted": 33969571,
          "layer": 0,
          "miss_ratio": 0.33969571,
          "reinserted": 66030429,
          "req": 100000000
        },
        {
          "admission_treshold": 32,
          "algorithm": "lru",
          "hit": 17200265,
          "inserted": 223556,
          "layer": 1,
          "miss_ratio": 0.4936566905716884,
          "reinserted": 17182068,
          "req": 33969571
        }
      ],
      "miss_ratio": 0.16769305999999995,
      "req": 100000000
    }
  ],
  "trace": "zipf_1_3.oracleGeneral"
}