{
  "dram_cache_size": 24995,
  "flash_cache_size": 249958,
  "results": [
    {
      "hit": 86376621,
      "iteration": 0,
      "metrics": [
        {
<<<<<<< HEAD
          "admission_treshold": 16,
=======
          "admission_treshold": 0,
>>>>>>> 160be2d8 (New results)
          "algorithm": "lru",
          "hit": 66030429,
          "inserted": 33969571,
          "layer": 0,
          "miss_ratio": 0.33969571,
          "reinserted": 66030429,
          "req": 100000000
        },
        {
          "admission_treshold": 16,
          "algorithm": "lru",
          "hit": 20346192,
          "inserted": 1960491,
          "layer": 1,
          "miss_ratio": 0.40104654250711613,
          "reinserted": 20284813,
          "req": 33969571
        }
      ],
      "miss_ratio": 0.13623379000000002,
      "req": 100000000
    }
  ],
  "trace": "zipf_1_3.oracleGeneral"
}