{
  "cache_size": 399933600,
  "results": [
    {
      "hit": 75848045,
      "iteration": 0,
      "metrics": [
        {
          "admission_treshold": 4,
          "algorithm": "lru",
          "hit": 40298607,
          "inserted": 59701393,
          "layer": 0,
          "miss_ratio": 0.59701393,
          "reinserted": 40298607,
          "req": 100000000
        },
        {
          "admission_treshold": 4,
          "algorithm": "fifo",
          "hit": 35549438,
          "inserted": 21290823,
          "layer": 1,
          "miss_ratio": 0.4045459207291864,
          "reinserted": 0,
          "req": 59701393
        }
      ],
      "miss_ratio": 0.24151955000000003,
      "req": 100000000
    }
  ],
  "trace": "zipf_1_3.oracleGeneral"
}