{
  "dram_cache_size": 499,
  "flash_cache_size": 4999,
  "results": [
    {
      "hit": 54471198,
      "iteration": 0,
      "metrics": [
        {
          "admission_treshold": 0,
          "algorithm": "lru",
          "hit": 34944992,
          "inserted": 65055008,
          "layer": 0,
          "miss_ratio": 0.6505500799999999,
          "reinserted": 34944992,
          "req": 100000000
        },
        {
          "admission_treshold": 2,
          "algorithm": "offline-clock",
          "hit": 19526206,
          "inserted": 44965179,
          "layer": 1,
          "miss_ratio": 0.6998508400767547,
          "reinserted": 9978062,
          "req": 65055008
        }
      ],
      "miss_ratio": 0.45528802,
      "req": 100000000
    },
    {
      "hit": 54452020,
      "iteration": 1,
      "metrics": [
        {
          "admission_treshold": 0,
          "algorithm": "lru",
          "hit": 34944992,
          "inserted": 65055008,
          "layer": 0,
          "miss_ratio": 0.6505500799999999,
          "reinserted": 34944992,
          "req": 100000000
        },
        {
          "admission_treshold": 2,
          "algorithm": "offline-clock",
          "hit": 19507028,
          "inserted": 44929240,
          "layer": 1,
          "miss_ratio": 0.7001456367509785,
          "reinserted": 5753664,
          "req": 65055008
        }
      ],
      "miss_ratio": 0.4554798,
      "req": 100000000
    }
  ],
  "trace": "zipf_1_1.oracleGeneral"
}