{
  "dram_cache_size": 24998,
  "flash_cache_size": 99993,
  "results": [
    {
      "hit": 79629267,
      "iteration": 0,
      "metrics": [
        {
<<<<<<< HEAD
          "admission_treshold": 4,
=======
          "admission_treshold": 0,
>>>>>>> 160be2d8 (New results)
          "algorithm": "lru",
          "hit": 66035778,
          "inserted": 33964222,
          "layer": 0,
          "miss_ratio": 0.33964222,
          "reinserted": 66035778,
          "req": 100000000
        },
        {
          "admission_treshold": 4,
          "algorithm": "lru",
          "hit": 13593489,
          "inserted": 18624512,
          "layer": 1,
          "miss_ratio": 0.5997703406837936,
          "reinserted": 12395224,
          "req": 33964222
        }
      ],
      "miss_ratio": 0.20370732999999996,
      "req": 100000000
    }
  ],
  "trace": "zipf_1_1.oracleGeneral"
}