{
  "dram_cache_size": 25000,
  "flash_cache_size": 500005,
  "results": [
    {
      "hit": 48434869,
      "iteration": 0,
      "metrics": [
        {
          "admission_treshold": 0,
          "algorithm": "lru",
          "hit": 2502719,
          "inserted": 97497281,
          "layer": 0,
          "miss_ratio": 0.97497281,
          "reinserted": 2502719,
          "req": 100000000
        },
        {
          "admission_treshold": 8,
          "algorithm": "lru",
          "hit": 45932150,
          "inserted": 45878144,
          "layer": 1,
          "miss_ratio": 0.5288878876529901,
          "reinserted": 44769709,
          "req": 97497281
        }
      ],
      "miss_ratio": 0.51565131,
      "req": 100000000
    }
  ],
  "trace": "zipf0.oracleGeneral"
}