{
  "dram_cache_size": 50000,
  "flash_cache_size": 500005,
  "results": [
    {
      "hit": 57266762,
      "iteration": 0,
      "metrics": [
        {
          "admission_treshold": 0,
          "algorithm": "lru",
          "hit": 10740381,
          "inserted": 89259619,
          "layer": 0,
          "miss_ratio": 0.89259619,
          "reinserted": 10740381,
          "req": 100000000
        },
        {
          "admission_treshold": 16,
          "algorithm": "fifo",
          "hit": 46526381,
          "inserted": 30195169,
          "layer": 1,
          "miss_ratio": 0.47875218916182016,
          "reinserted": 0,
          "req": 89259619
        }
      ],
      "miss_ratio": 0.42733237999999996,
      "req": 100000000
    }
  ],
  "trace": "zipf0.5.oracleGeneral"
}