{
  "cache_size": 19996460,
  "results": [
    {
      "hit": 49595088,
      "iteration": 0,
      "metrics": [
        {
          "admission_treshold": 1,
          "algorithm": "lru",
          "hit": 17355323,
          "inserted": 82644677,
          "layer": 0,
          "miss_ratio": 0.82644677,
          "reinserted": 17355323,
          "req": 100000000
        },
        {
          "admission_treshold": 1,
          "algorithm": "fifo",
          "hit": 32239765,
          "inserted": 50613928,
          "layer": 1,
          "miss_ratio": 0.6098990743227177,
          "reinserted": 0,
          "req": 82644677
        }
      ],
      "miss_ratio": 0.50404912,
      "req": 100000000
    }
  ],
  "trace": "zipf_1_4.oracleGeneral"
}