{
  "dram_cache_size": 2500,
  "flash_cache_size": 250002,
  "results": [
    {
      "hit": 59269770,
      "iteration": 0,
      "metrics": [
        {
          "admission_treshold": 0,
          "algorithm": "lru",
          "hit": 9443820,
          "inserted": 90556180,
          "layer": 0,
          "miss_ratio": 0.9055618,
          "reinserted": 9443820,
          "req": 100000000
        },
        {
          "admission_treshold": 32,
          "algorithm": "lru",
          "hit": 49825950,
          "inserted": 10936556,
          "layer": 1,
          "miss_ratio": 0.44977857944096145,
          "reinserted": 49796599,
          "req": 90556180
        }
      ],
      "miss_ratio": 0.4073023,
      "req": 100000000
    }
  ],
  "trace": "zipf0.75.oracleGeneral"
}