{
  "dram_cache_size": 4999,
  "flash_cache_size": 499917,
  "results": [
    {
      "hit": 91093536,
      "iteration": 0,
      "metrics": [
        {
          "admission_treshold": 0,
          "algorithm": "fifo",
          "hit": 91093536,
          "inserted": 8906464,
          "layer": 0,
          "miss_ratio": 0.08906464000000003,
          "reinserted": 0,
          "req": 100000000
        }
      ],
      "miss_ratio": 0.08906464000000003,
      "req": 100000000
    }
  ],
  "trace": "zipf_1_3.oracleGeneral"
}