{
  "dram_cache_size": 124979,
  "flash_cache_size": 499917,
  "results": [
    {
      "hit": 93407703,
      "iteration": 0,
      "metrics": [
        {
<<<<<<< HEAD
          "admission_treshold": 2,
=======
          "admission_treshold": 0,
>>>>>>> 160be2d8 (New results)
          "algorithm": "lru",
          "hit": 79901218,
          "inserted": 20098782,
          "layer": 0,
          "miss_ratio": 0.20098782000000004,
          "reinserted": 79901218,
          "req": 100000000
        },
        {
          "admission_treshold": 2,
          "algorithm": "lru",
          "hit": 13506485,
          "inserted": 6278601,
          "layer": 1,
          "miss_ratio": 0.3279948506332374,
          "reinserted": 12819766,
          "req": 20098782
        }
      ],
      "miss_ratio": 0.06592297000000003,
      "req": 100000000
    }
  ],
  "trace": "zipf_1_3.oracleGeneral"
}