{
  "dram_cache_size": 999,
  "flash_cache_size": 9998,
  "results": [
    {
      "hit": 57132622,
      "iteration": 0,
      "metrics": [
        {
          "admission_treshold": 0,
          "algorithm": "lru",
          "hit": 40298607,
          "inserted": 59701393,
          "layer": 0,
          "miss_ratio": 0.59701393,
          "reinserted": 40298607,
          "req": 100000000
        },
        {
          "admission_treshold": 4,
          "algorithm": "fifo",
          "hit": 16834015,
          "inserted": 41160776,
          "layer": 1,
          "miss_ratio": 0.7180297786351484,
          "reinserted": 0,
          "req": 59701393
        }
      ],
      "miss_ratio": 0.42867378,
      "req": 100000000
    }
  ],
  "trace": "zipf_1_3.oracleGeneral"
}