{
  "dram_cache_size": 2500,
  "flash_cache_size": 5000,
  "results": [
    {
      "hit": 658966,
      "iteration": 0,
      "metrics": [
        {
          "admission_treshold": 0,
          "algorithm": "lru",
          "hit": 250389,
          "inserted": 99749611,
          "layer": 0,
          "miss_ratio": 0.99749611,
          "reinserted": 250389,
          "req": 100000000
        },
        {
          "admission_treshold": 32,
          "algorithm": "fifo",
          "hit": 408577,
          "inserted": 68587496,
          "layer": 1,
          "miss_ratio": 0.9959039740014626,
          "reinserted": 0,
          "req": 99749611
        }
      ],
      "miss_ratio": 0.99341034,
      "req": 100000000
    }
  ],
  "trace": "zipf0.oracleGeneral"
}