{
  "cache_size": 19996680,
  "results": [
    {
      "hit": 50158078,
      "iteration": 0,
      "metrics": [
        {
          "admission_treshold": 4,
          "algorithm": "lru",
          "hit": 17361201,
          "inserted": 82638799,
          "layer": 0,
          "miss_ratio": 0.82638799,
          "reinserted": 17361201,
          "req": 100000000
        },
        {
          "admission_treshold": 4,
          "algorithm": "fifo",
          "hit": 32796877,
          "inserted": 47043478,
          "layer": 1,
          "miss_ratio": 0.6031297962110993,
          "reinserted": 0,
          "req": 82638799
        }
      ],
      "miss_ratio": 0.49841922000000005,
      "req": 100000000
    }
  ],
  "trace": "zipf_1_2.oracleGeneral"
}