{
  "dram_cache_size": 62500,
  "flash_cache_size": 250002,
  "results": [
    {
      "hit": 62540098,
      "iteration": 0,
      "metrics": [
        {
          "admission_treshold": 0,
          "algorithm": "lru",
          "hit": 34870927,
          "inserted": 65129073,
          "layer": 0,
          "miss_ratio": 0.6512907299999999,
          "reinserted": 34870927,
          "req": 100000000
        },
        {
          "admission_treshold": 0,
          "algorithm": "lru",
          "hit": 27669171,
          "inserted": 40830146,
          "layer": 1,
          "miss_ratio": 0.5751640592212943,
          "reinserted": 24236427,
          "req": 65129073
        }
      ],
      "miss_ratio": 0.37459902,
      "req": 100000000
    }
  ],
  "trace": "zipf0.75.oracleGeneral"
}