{
  "dram_cache_size": 25000,
  "flash_cache_size": 500005,
  "results": [
    {
      "hit": 74635982,
      "iteration": 0,
      "metrics": [
        {
          "admission_treshold": 0,
          "algorithm": "lru",
          "hit": 24416303,
          "inserted": 75583697,
          "layer": 0,
          "miss_ratio": 0.75583697,
          "reinserted": 24416303,
          "req": 100000000
        },
        {
          "admission_treshold": 1,
          "algorithm": "fifo",
          "hit": 50219679,
          "inserted": 26233820,
          "layer": 1,
          "miss_ratio": 0.33557524977906283,
          "reinserted": 0,
          "req": 75583697
        }
      ],
      "miss_ratio": 0.25364018,
      "req": 100000000
    }
  ],
  "trace": "zipf0.75.oracleGeneral"
}