{
  "cache_size": 4999,
  "results": [
    {
      "hit": 53970642,
      "iteration": 0,
      "metrics": [
        {
          "admission_treshold": 1,
          "algorithm": "lru",
          "hit": 17362510,
          "inserted": 82637490,
          "layer": 0,
          "miss_ratio": 0.8263749,
          "reinserted": 17362510,
          "req": 100000000
        },
        {
          "admission_treshold": 1,
          "algorithm": "offline-clock",
          "hit": 36608132,
          "inserted": 46061605,
          "layer": 1,
          "miss_ratio": 0.5570033407355427,
          "reinserted": 10416117,
          "req": 82637490
        }
      ],
      "miss_ratio": 0.46029358,
      "req": 100000000
    },
    {
      "hit": 54070737,
      "iteration": 1,
      "metrics": [
        {
          "admission_treshold": 1,
          "algorithm": "lru",
          "hit": 17362510,
          "inserted": 82637490,
          "layer": 0,
          "miss_ratio": 0.8263749,
          "reinserted": 17362510,
          "req": 100000000
        },
        {
          "admission_treshold": 1,
          "algorithm": "offline-clock",
          "hit": 36708227,
          "inserted": 45957033,
          "layer": 1,
          "miss_ratio": 0.5557920866183133,
          "reinserted": 6058695,
          "req": 82637490
        }
      ],
      "miss_ratio": 0.45929263,
      "req": 100000000
    }
  ],
  "trace": "zipf_1_14.oracleGeneral"
}