{
  "dram_cache_size": 12497,
  "flash_cache_size": 249958,
  "results": [
    {
      "hit": 86167956,
      "iteration": 0,
      "metrics": [
        {
          "admission_treshold": 0,
          "algorithm": "lru",
          "hit": 60323432,
          "inserted": 39676568,
          "layer": 0,
          "miss_ratio": 0.39676568,
          "reinserted": 60323432,
          "req": 100000000
        },
        {
          "admission_treshold": 16,
          "algorithm": "lru",
          "hit": 25844524,
          "inserted": 1969173,
          "layer": 1,
          "miss_ratio": 0.34861997136445877,
          "reinserted": 25816031,
          "req": 39676568
        }
      ],
      "miss_ratio": 0.13832044,
      "req": 100000000
    }
  ],
  "trace": "zipf_1_3.oracleGeneral"
}