{
  "dram_cache_size": 999,
  "flash_cache_size": 99993,
  "results": [
    {
      "hit": 79276062,
      "iteration": 0,
      "metrics": [
        {
          "admission_treshold": 8,
          "algorithm": "lru",
          "hit": 79276062,
          "inserted": 13935959,
          "layer": 0,
          "miss_ratio": 0.20723937999999997,
          "reinserted": 79276062,
          "req": 100000000
        }
      ],
      "miss_ratio": 0.20723937999999997,
      "req": 100000000
    }
  ],
  "trace": "zipf_1_1.oracleGeneral"
}