{
  "cache_size": 99985,
  "results": [
    {
      "hit": 78118657,
      "iteration": 0,
      "metrics": [
        {
          "admission_treshold": 2,
          "algorithm": "lru",
          "hit": 40311536,
          "inserted": 59688464,
          "layer": 0,
          "miss_ratio": 0.5968846400000001,
          "reinserted": 40311536,
          "req": 100000000
        },
        {
          "admission_treshold": 2,
          "algorithm": "lru",
          "hit": 37807121,
          "inserted": 20910851,
          "layer": 1,
          "miss_ratio": 0.36659249599721644,
          "reinserted": 37777753,
          "req": 59688464
        }
      ],
      "miss_ratio": 0.21881342999999998,
      "req": 100000000
    }
  ],
  "trace": "zipf_1_15.oracleGeneral"
}