{
  "dram_cache_size": 124977,
  "flash_cache_size": 249955,
  "results": [
    {
      "hit": 88922951,
      "iteration": 0,
      "metrics": [
        {
          "admission_treshold": 0,
          "algorithm": "lru",
          "hit": 79891932,
          "inserted": 20108068,
          "layer": 0,
          "miss_ratio": 0.20108068,
          "reinserted": 79891932,
          "req": 100000000
        },
        {
          "admission_treshold": 1,
          "algorithm": "offline-clock",
          "hit": 9031019,
          "inserted": 13510660,
          "layer": 1,
          "miss_ratio": 0.5508758474459108,
          "reinserted": 5857625,
          "req": 20108068
        }
      ],
      "miss_ratio": 0.11077049000000005,
      "req": 100000000
    },
    {
      "hit": 88911248,
      "iteration": 1,
      "metrics": [
        {
          "admission_treshold": 0,
          "algorithm": "lru",
          "hit": 79891932,
          "inserted": 20108068,
          "layer": 0,
          "miss_ratio": 0.20108068,
          "reinserted": 79891932,
          "req": 100000000
        },
        {
          "admission_treshold": 1,
          "algorithm": "offline-clock",
          "hit": 9019316,
          "inserted": 13219419,
          "layer": 1,
          "miss_ratio": 0.5514578526390501,
          "reinserted": 2965127,
          "req": 20108068
        }
      ],
      "miss_ratio": 0.11088752000000002,
      "req": 100000000
    }
  ],
  "trace": "zipf_1_4.oracleGeneral"
}