{
  "dram_cache_size": 4999,
  "flash_cache_size": 499955,
  "results": [
    {
      "hit": 90909603,
      "iteration": 0,
      "metrics": [
        {
          "admission_treshold": 8,
          "algorithm": "offline-clock",
          "hit": 90909603,
          "inserted": 2302848,
          "layer": 0,
          "miss_ratio": 0.09090396999999995,
          "reinserted": 4148198,
          "req": 100000000
        }
      ],
      "miss_ratio": 0.09090396999999995,
      "req": 100000000
    },
    {
      "hit": 91207307,
      "iteration": 1,
      "metrics": [
        {
          "admission_treshold": 8,
          "algorithm": "offline-clock",
          "hit": 91207307,
          "inserted": 2005144,
          "layer": 0,
          "miss_ratio": 0.08792692999999996,
          "reinserted": 2200313,
          "req": 100000000
        }
      ],
      "miss_ratio": 0.08792692999999996,
      "req": 100000000
    }
  ],
  "trace": "zipf_1_0.oracleGeneral"
}