{
  "dram_cache_size": 2499,
  "flash_cache_size": 4999,
  "results": [
    {
      "hit": 55685617,
      "iteration": 0,
      "metrics": [
        {
          "admission_treshold": 0,
          "algorithm": "lru",
          "hit": 47457005,
          "inserted": 52542995,
          "layer": 0,
          "miss_ratio": 0.5254299499999999,
          "reinserted": 47457005,
          "req": 100000000
        },
        {
          "admission_treshold": 8,
          "algorithm": "fifo",
          "hit": 8228612,
          "inserted": 40869908,
          "layer": 1,
          "miss_ratio": 0.843392787183144,
          "reinserted": 0,
          "req": 52542995
        }
      ],
      "miss_ratio": 0.44314383,
      "req": 100000000
    }
  ],
  "trace": "zipf_1_4.oracleGeneral"
}