{
  "dram_cache_size": 5000,
  "flash_cache_size": 100001,
  "results": [
    {
      "hit": 11074845,
      "iteration": 0,
      "metrics": [
        {
          "admission_treshold": 0,
          "algorithm": "lru",
          "hit": 562279,
          "inserted": 99437721,
          "layer": 0,
          "miss_ratio": 0.99437721,
          "reinserted": 562279,
          "req": 100000000
        },
        {
          "admission_treshold": 16,
          "algorithm": "lru",
          "hit": 10512566,
          "inserted": 74405472,
          "layer": 1,
          "miss_ratio": 0.8942798980680581,
          "reinserted": 10102162,
          "req": 99437721
        }
      ],
      "miss_ratio": 0.88925155,
      "req": 100000000
    }
  ],
  "trace": "zipf0.25.oracleGeneral"
}