{
  "cache_size": 39999080,
  "results": [
    {
      "hit": 58537194,
      "iteration": 0,
      "metrics": [
        {
          "admission_treshold": 0,
          "algorithm": "lru",
          "hit": 22636288,
          "inserted": 77363712,
          "layer": 0,
          "miss_ratio": 0.7736371200000001,
          "reinserted": 22636288,
          "req": 100000000
        },
        {
          "admission_treshold": 0,
          "algorithm": "lru",
          "hit": 35900906,
          "inserted": 41503281,
          "layer": 1,
          "miss_ratio": 0.53594643959173,
          "reinserted": 35860332,
          "req": 77363712
        }
      ],
      "miss_ratio": 0.41462805999999996,
      "req": 100000000
    }
  ],
  "trace": "zipf_1_16.oracleGeneral"
}