{
  "cache_size": 399929184,
  "results": [
    {
      "hit": 79314707,
      "iteration": 0,
      "metrics": [
        {
          "admission_treshold": 32,
          "algorithm": "lru",
          "hit": 40299329,
          "inserted": 59700671,
          "layer": 0,
          "miss_ratio": 0.59700671,
          "reinserted": 40299329,
          "req": 100000000
        },
        {
          "admission_treshold": 32,
          "algorithm": "fifo",
          "hit": 39015378,
          "inserted": 3507627,
          "layer": 1,
          "miss_ratio": 0.3464834256217991,
          "reinserted": 0,
          "req": 59700671
        }
      ],
      "miss_ratio": 0.20685293000000005,
      "req": 100000000
    }
  ],
  "trace": "zipf_1_4.oracleGeneral"
}