{
  "cache_size": 4999,
  "results": [
    {
      "hit": 50150043,
      "iteration": 0,
      "metrics": [
        {
          "admission_treshold": 4,
          "algorithm": "lru",
          "hit": 17355323,
          "inserted": 82644677,
          "layer": 0,
          "miss_ratio": 0.82644677,
          "reinserted": 17355323,
          "req": 100000000
        },
        {
          "admission_treshold": 4,
          "algorithm": "fifo",
          "hit": 32794720,
          "inserted": 47051767,
          "layer": 1,
          "miss_ratio": 0.6031841227959546,
          "reinserted": 0,
          "req": 82644677
        }
      ],
      "miss_ratio": 0.49849957,
      "req": 100000000
    }
  ],
  "trace": "zipf_1_4.oracleGeneral"
}