{
  "dram_cache_size": 2500,
  "flash_cache_size": 250002,
  "results": [
    {
      "hit": 18926978,
      "iteration": 0,
      "metrics": [
        {
          "admission_treshold": 0,
          "algorithm": "lru",
          "hit": 250389,
          "inserted": 99749611,
          "layer": 0,
          "miss_ratio": 0.99749611,
          "reinserted": 250389,
          "req": 100000000
        },
        {
          "admission_treshold": 32,
          "algorithm": "fifo",
          "hit": 18676589,
          "inserted": 50273220,
          "layer": 1,
          "miss_ratio": 0.8127652948942328,
          "reinserted": 0,
          "req": 99749611
        }
      ],
      "miss_ratio": 0.81073022,
      "req": 100000000
    }
  ],
  "trace": "zipf0.oracleGeneral"
}