{
  "dram_cache_size": 2499,
  "flash_cache_size": 9998,
  "results": [
    {
      "hit": 58436394,
      "iteration": 0,
      "metrics": [
        {
<<<<<<< HEAD
          "admission_treshold": 2,
=======
          "admission_treshold": 0,
>>>>>>> 160be2d8 (New results)
          "algorithm": "lru",
          "hit": 47457005,
          "inserted": 52542995,
          "layer": 0,
          "miss_ratio": 0.5254299499999999,
          "reinserted": 47457005,
          "req": 100000000
        },
        {
          "admission_treshold": 2,
          "algorithm": "fifo",
          "hit": 10979389,
          "inserted": 43037856,
          "layer": 1,
          "miss_ratio": 0.7910399093161705,
          "reinserted": 0,
          "req": 52542995
        }
      ],
      "miss_ratio": 0.41563606,
      "req": 100000000
    }
  ],
  "trace": "zipf_1_4.oracleGeneral"
}