{
  "dram_cache_size": 24998,
  "flash_cache_size": 499966,
  "results": [
    {
      "hit": 91061987,
      "iteration": 0,
      "metrics": [
        {
<<<<<<< HEAD
          "admission_treshold": 8,
=======
          "admission_treshold": 0,
>>>>>>> 160be2d8 (New results)
          "algorithm": "lru",
          "hit": 66035778,
          "inserted": 33964222,
          "layer": 0,
          "miss_ratio": 0.33964222,
          "reinserted": 66035778,
          "req": 100000000
        },
        {
          "admission_treshold": 8,
          "algorithm": "lru",
          "hit": 25026209,
          "inserted": 2343457,
          "layer": 1,
          "miss_ratio": 0.2631596566528154,
          "reinserted": 24982197,
          "req": 33964222
        }
      ],
      "miss_ratio": 0.08938013,
      "req": 100000000
    }
  ],
  "trace": "zipf_1_1.oracleGeneral"
}