{
  "cache_size": 499917,
  "results": [
    {
      "hit": 91050106,
      "iteration": 0,
      "metrics": [
        {
          "admission_treshold": 2,
          "algorithm": "lru",
          "hit": 52946357,
          "inserted": 47053643,
          "layer": 0,
          "miss_ratio": 0.47053643,
          "reinserted": 52946357,
          "req": 100000000
        },
        {
          "admission_treshold": 2,
          "algorithm": "fifo",
          "hit": 38103749,
          "inserted": 8017008,
          "layer": 1,
          "miss_ratio": 0.190206186585808,
          "reinserted": 0,
          "req": 47053643
        }
      ],
      "miss_ratio": 0.08949894000000003,
      "req": 100000000
    }
  ],
  "trace": "zipf_1_3.oracleGeneral"
}