{
  "cache_size": 399960032,
  "results": [
    {
      "hit": 77940448,
      "iteration": 0,
      "metrics": [
        {
          "admission_treshold": 0,
          "algorithm": "lru",
          "hit": 40300694,
          "inserted": 59699306,
          "layer": 0,
          "miss_ratio": 0.59699306,
          "reinserted": 40300694,
          "req": 100000000
        },
        {
          "admission_treshold": 0,
          "algorithm": "lru",
          "hit": 37639754,
          "inserted": 22089161,
          "layer": 1,
          "miss_ratio": 0.3695110291566873,
          "reinserted": 37609146,
          "req": 59699306
        }
      ],
      "miss_ratio": 0.22059552000000004,
      "req": 100000000
    }
  ],
  "trace": "zipf_1_12.oracleGeneral"
}