{
  "dram_cache_size": 125001,
  "flash_cache_size": 250002,
  "results": [
    {
      "hit": 44582536,
      "iteration": 0,
      "metrics": [
        {
          "admission_treshold": 0,
          "algorithm": "lru",
          "hit": 22108853,
          "inserted": 77891147,
          "layer": 0,
          "miss_ratio": 0.7789114699999999,
          "reinserted": 22108853,
          "req": 100000000
        },
        {
          "admission_treshold": 32,
          "algorithm": "lru",
          "hit": 22473683,
          "inserted": 33975068,
          "layer": 1,
          "miss_ratio": 0.7114732050357404,
          "reinserted": 16661584,
          "req": 77891147
        }
      ],
      "miss_ratio": 0.55417464,
      "req": 100000000
    }
  ],
  "trace": "zipf0.5.oracleGeneral"
}