{
  "dram_cache_size": 2499,
  "flash_cache_size": 249958,
  "results": [
    {
      "hit": 86740487,
      "iteration": 0,
      "metrics": [
        {
          "admission_treshold": 2,
          "algorithm": "offline-clock",
          "hit": 86740487,
          "inserted": 12259618,
          "layer": 0,
          "miss_ratio": 0.13259513,
          "reinserted": 9533730,
          "req": 100000000
        }
      ],
      "miss_ratio": 0.13259513,
      "req": 100000000
    },
    {
      "hit": 87331003,
      "iteration": 1,
      "metrics": [
        {
          "admission_treshold": 2,
          "algorithm": "offline-clock",
          "hit": 87331003,
          "inserted": 11669102,
          "layer": 0,
          "miss_ratio": 0.12668997000000004,
          "reinserted": 5395756,
          "req": 100000000
        }
      ],
      "miss_ratio": 0.12668997000000004,
      "req": 100000000
    }
  ],
  "trace": "zipf_1_2.oracleGeneral"
}