{
  "dram_cache_size": 9999,
  "flash_cache_size": 99993,
  "results": [
    {
      "hit": 79187276,
      "iteration": 0,
      "metrics": [
        {
          "admission_treshold": 0,
          "algorithm": "lru",
          "hit": 58516114,
          "inserted": 41483886,
          "layer": 0,
          "miss_ratio": 0.41483886000000003,
          "reinserted": 58516114,
          "req": 100000000
        },
        {
          "admission_treshold": 16,
          "algorithm": "fifo",
          "hit": 20671162,
          "inserted": 9385043,
          "layer": 1,
          "miss_ratio": 0.5017062287751923,
          "reinserted": 0,
          "req": 41483886
        }
      ],
      "miss_ratio": 0.20812724000000005,
      "req": 100000000
    }
  ],
  "trace": "zipf_1_1.oracleGeneral"
}