{
  "dram_cache_size": 2499,
  "flash_cache_size": 4999,
  "results": [
    {
      "hit": 56940651,
      "iteration": 0,
      "metrics": [
        {
          "admission_treshold": 0,
          "algorithm": "lru",
          "hit": 47462662,
          "inserted": 52537338,
          "layer": 0,
          "miss_ratio": 0.52537338,
          "reinserted": 47462662,
          "req": 100000000
        },
        {
          "admission_treshold": 8,
          "algorithm": "offline-clock",
          "hit": 9477989,
          "inserted": 39203803,
          "layer": 1,
          "miss_ratio": 0.8195951800983903,
          "reinserted": 5914253,
          "req": 52537338
        }
      ],
      "miss_ratio": 0.43059349,
      "req": 100000000
    },
    {
      "hit": 56559977,
      "iteration": 1,
      "metrics": [
        {
          "admission_treshold": 0,
          "algorithm": "lru",
          "hit": 47462662,
          "inserted": 52537338,
          "layer": 0,
          "miss_ratio": 0.52537338,
          "reinserted": 47462662,
          "req": 100000000
        },
        {
          "admission_treshold": 8,
          "algorithm": "offline-clock",
          "hit": 9097315,
          "inserted": 39318909,
          "layer": 1,
          "miss_ratio": 0.8268409602328919,
          "reinserted": 2577927,
          "req": 52537338
        }
      ],
      "miss_ratio": 0.43440023000000005,
      "req": 100000000
    }
  ],
  "trace": "zipf_1_0.oracleGeneral"
}