{
  "cache_size": 249986,
  "results": [
    {
      "hit": 83827374,
      "iteration": 0,
      "metrics": [
        {
          "admission_treshold": 0,
          "algorithm": "lru",
          "hit": 47449936,
          "inserted": 52550064,
          "layer": 0,
          "miss_ratio": 0.52550064,
          "reinserted": 47449936,
          "req": 100000000
        },
        {
          "admission_treshold": 0,
          "algorithm": "fifo",
          "hit": 36377438,
          "inserted": 16286124,
          "layer": 1,
          "miss_ratio": 0.30775654240877803,
          "reinserted": 0,
          "req": 52550064
        }
      ],
      "miss_ratio": 0.16172626,
      "req": 100000000
    }
  ],
  "trace": "zipf_1_8.oracleGeneral"
}