{
  "cache_size": 399960032,
  "results": [
    {
      "hit": 77009951,
      "iteration": 0,
      "metrics": [
        {
          "admission_treshold": 8,
          "algorithm": "lru",
          "hit": 40307900,
          "inserted": 59692100,
          "layer": 0,
          "miss_ratio": 0.596921,
          "reinserted": 40307900,
          "req": 100000000
        },
        {
          "admission_treshold": 8,
          "algorithm": "fifo",
          "hit": 36702051,
          "inserted": 16310412,
          "layer": 1,
          "miss_ratio": 0.3851439135161939,
          "reinserted": 0,
          "req": 59692100
        }
      ],
      "miss_ratio": 0.22990049,
      "req": 100000000
    }
  ],
  "trace": "zipf_1_10.oracleGeneral"
}