{
  "dram_cache_size": 24995,
  "flash_cache_size": 99982,
  "results": [
    {
      "hit": 80600526,
      "iteration": 0,
      "metrics": [
        {
          "admission_treshold": 0,
          "algorithm": "lru",
          "hit": 66019692,
          "inserted": 33980308,
          "layer": 0,
          "miss_ratio": 0.33980308000000004,
          "reinserted": 66019692,
          "req": 100000000
        },
        {
          "admission_treshold": 8,
          "algorithm": "offline-clock",
          "hit": 14580834,
          "inserted": 13510902,
          "layer": 1,
          "miss_ratio": 0.570903418532875,
          "reinserted": 8015320,
          "req": 33980308
        }
      ],
      "miss_ratio": 0.19399474000000005,
      "req": 100000000
    },
    {
      "hit": 80814331,
      "iteration": 1,
      "metrics": [
        {
          "admission_treshold": 0,
          "algorithm": "lru",
          "hit": 66019692,
          "inserted": 33980308,
          "layer": 0,
          "miss_ratio": 0.33980308000000004,
          "reinserted": 66019692,
          "req": 100000000
        },
        {
          "admission_treshold": 8,
          "algorithm": "offline-clock",
          "hit": 14794639,
          "inserted": 13185113,
          "layer": 1,
          "miss_ratio": 0.5646113919862057,
          "reinserted": 4418071,
          "req": 33980308
        }
      ],
      "miss_ratio": 0.19185669000000005,
      "req": 100000000
    }
  ],
  "trace": "zipf_1_4.oracleGeneral"
}