{
  "cache_size": 249972,
  "results": [
    {
      "hit": 86567012,
      "iteration": 0,
      "metrics": [
        {
          "admission_treshold": 8,
          "algorithm": "lru",
          "hit": 47459760,
          "inserted": 52540240,
          "layer": 0,
          "miss_ratio": 0.5254023999999999,
          "reinserted": 47459760,
          "req": 100000000
        },
        {
          "admission_treshold": 8,
          "algorithm": "lru",
          "hit": 39107252,
          "inserted": 6671475,
          "layer": 1,
          "miss_ratio": 0.2556704727652558,
          "reinserted": 39094569,
          "req": 52540240
        }
      ],
      "miss_ratio": 0.13432988,
      "req": 100000000
    }
  ],
  "trace": "zipf_1_17.oracleGeneral"
}