{
  "dram_cache_size": 999,
  "flash_cache_size": 99983,
  "results": [
    {
      "hit": 78766258,
      "iteration": 0,
      "metrics": [
        {
          "admission_treshold": 2,
          "algorithm": "offline-clock",
          "hit": 78766258,
          "inserted": 20233847,
          "layer": 0,
          "miss_ratio": 0.21233742,
          "reinserted": 10128897,
          "req": 100000000
        }
      ],
      "miss_ratio": 0.21233742,
      "req": 100000000
    },
    {
      "hit": 79172556,
      "iteration": 1,
      "metrics": [
        {
          "admission_treshold": 2,
          "algorithm": "offline-clock",
          "hit": 79172556,
          "inserted": 19827549,
          "layer": 0,
          "miss_ratio": 0.20827443999999995,
          "reinserted": 5759069,
          "req": 100000000
        }
      ],
      "miss_ratio": 0.20827443999999995,
      "req": 100000000
    }
  ],
  "trace": "zipf_1_2.oracleGeneral"
}