{
  "dram_cache_size": 499,
  "flash_cache_size": 4999,
  "results": [
    {
      "hit": 53941326,
      "iteration": 0,
      "metrics": [
        {
          "admission_treshold": 0,
          "algorithm": "lru",
          "hit": 34942302,
          "inserted": 65057698,
          "layer": 0,
          "miss_ratio": 0.6505769800000001,
          "reinserted": 34942302,
          "req": 100000000
        },
        {
          "admission_treshold": 4,
          "algorithm": "lru",
          "hit": 18999024,
          "inserted": 43585520,
          "layer": 1,
          "miss_ratio": 0.7079665499384868,
          "reinserted": 18478593,
          "req": 65057698
        }
      ],
      "miss_ratio": 0.46058674,
      "req": 100000000
    }
  ],
  "trace": "zipf_1_3.oracleGeneral"
}