{
  "dram_cache_size": 1250,
  "flash_cache_size": 5000,
  "results": [
    {
      "hit": 590347,
      "iteration": 0,
      "metrics": [
        {
          "admission_treshold": 0,
          "algorithm": "lru",
          "hit": 125024,
          "inserted": 99874976,
          "layer": 0,
          "miss_ratio": 0.99874976,
          "reinserted": 125024,
          "req": 100000000
        },
        {
          "admission_treshold": 16,
          "algorithm": "lru",
          "hit": 465323,
          "inserted": 84532650,
          "layer": 1,
          "miss_ratio": 0.9953409450631557,
          "reinserted": 359965,
          "req": 99874976
        }
      ],
      "miss_ratio": 0.99409653,
      "req": 100000000
    }
  ],
  "trace": "zipf0.oracleGeneral"
}