{
  "dram_cache_size": 500,
  "flash_cache_size": 5000,
  "results": [
    {
      "hit": 12036159,
      "iteration": 0,
      "metrics": [
        {
          "admission_treshold": 0,
          "algorithm": "lru",
          "hit": 4278022,
          "inserted": 95721978,
          "layer": 0,
          "miss_ratio": 0.95721978,
          "reinserted": 4278022,
          "req": 100000000
        },
        {
          "admission_treshold": 1,
          "algorithm": "fifo",
          "hit": 7758137,
          "inserted": 88760953,
          "layer": 1,
          "miss_ratio": 0.9189513509635164,
          "reinserted": 0,
          "req": 95721978
        }
      ],
      "miss_ratio": 0.87963841,
      "req": 100000000
    }
  ],
  "trace": "zipf0.75.oracleGeneral"
}