{
  "dram_cache_size": 4999,
  "flash_cache_size": 9999,
  "results": [
    {
      "hit": 61373458,
      "iteration": 0,
      "metrics": [
        {
<<<<<<< HEAD
          "admission_treshold": 8,
=======
          "admission_treshold": 0,
>>>>>>> 160be2d8 (New results)
          "algorithm": "lru",
          "hit": 52944228,
          "inserted": 47055772,
          "layer": 0,
          "miss_ratio": 0.47055771999999996,
          "reinserted": 52944228,
          "req": 100000000
        },
        {
          "admission_treshold": 8,
          "algorithm": "fifo",
          "hit": 8429230,
          "inserted": 35094499,
          "layer": 1,
          "miss_ratio": 0.8208672466366081,
          "reinserted": 0,
          "req": 47055772
        }
      ],
      "miss_ratio": 0.38626541999999997,
      "req": 100000000
    }
  ],
  "trace": "zipf_1_0.oracleGeneral"
}