{
  "dram_cache_size": 4999,
  "flash_cache_size": 99991,
  "results": [
    {
      "hit": 76331098,
      "iteration": 0,
      "metrics": [
        {
<<<<<<< HEAD
          "admission_treshold": 4,
=======
          "admission_treshold": 0,
>>>>>>> 160be2d8 (New results)
          "algorithm": "lru",
          "hit": 52944228,
          "inserted": 47055772,
          "layer": 0,
          "miss_ratio": 0.47055771999999996,
          "reinserted": 52944228,
          "req": 100000000
        },
        {
          "admission_treshold": 4,
          "algorithm": "fifo",
          "hit": 23386870,
          "inserted": 21242132,
          "layer": 1,
          "miss_ratio": 0.5029967843264797,
          "reinserted": 0,
          "req": 47055772
        }
      ],
      "miss_ratio": 0.23668902000000003,
      "req": 100000000
    }
  ],
  "trace": "zipf_1_0.oracleGeneral"
}