{
  "dram_cache_size": 2499,
  "flash_cache_size": 9999,
  "results": [
    {
      "hit": 60332934,
      "iteration": 0,
      "metrics": [
        {
<<<<<<< HEAD
          "admission_treshold": 16,
=======
          "admission_treshold": 0,
>>>>>>> 160be2d8 (New results)
          "algorithm": "lru",
          "hit": 47459567,
          "inserted": 52540433,
          "layer": 0,
          "miss_ratio": 0.52540433,
          "reinserted": 47459567,
          "req": 100000000
        },
        {
          "admission_treshold": 16,
          "algorithm": "fifo",
          "hit": 12873367,
          "inserted": 29594092,
          "layer": 1,
          "miss_ratio": 0.754981710942504,
          "reinserted": 0,
          "req": 52540433
        }
      ],
      "miss_ratio": 0.39667065999999995,
      "req": 100000000
    }
  ],
  "trace": "zipf_1_1.oracleGeneral"
}