{
  "dram_cache_size": 24995,
  "flash_cache_size": 99983,
  "results": [
    {
      "hit": 81228548,
      "iteration": 0,
      "metrics": [
        {
          "admission_treshold": 16,
          "algorithm": "lru",
          "hit": 66034220,
          "inserted": 33965780,
          "layer": 0,
          "miss_ratio": 0.3396578,
          "reinserted": 66034220,
          "req": 100000000
        },
        {
          "admission_treshold": 16,
          "algorithm": "offline-clock",
          "hit": 15194328,
          "inserted": 7485504,
          "layer": 1,
          "miss_ratio": 0.5526577631957812,
          "reinserted": 6784045,
          "req": 33965780
        }
      ],
      "miss_ratio": 0.18771452,
      "req": 100000000
    },
    {
      "hit": 81547969,
      "iteration": 1,
      "metrics": [
        {
          "admission_treshold": 16,
          "algorithm": "lru",
          "hit": 66034220,
          "inserted": 33965780,
          "layer": 0,
          "miss_ratio": 0.3396578,
          "reinserted": 66034220,
          "req": 100000000
        },
        {
          "admission_treshold": 16,
          "algorithm": "offline-clock",
          "hit": 15513749,
          "inserted": 7078776,
          "layer": 1,
          "miss_ratio": 0.5432535628506102,
          "reinserted": 3701716,
          "req": 33965780
        }
      ],
      "miss_ratio": 0.18452031000000002,
      "req": 100000000
    }
  ],
  "trace": "zipf_1_2.oracleGeneral"
}