{
  "cache_size": 999833984,
  "results": [
    {
      "hit": 84339680,
      "iteration": 0,
      "metrics": [
        {
          "admission_treshold": 4,
          "algorithm": "lru",
          "hit": 47457959,
          "inserted": 52542041,
          "layer": 0,
          "miss_ratio": 0.52542041,
          "reinserted": 47457959,
          "req": 100000000
        },
        {
          "admission_treshold": 4,
          "algorithm": "fifo",
          "hit": 36881721,
          "inserted": 12763423,
          "layer": 1,
          "miss_ratio": 0.2980531342511038,
          "reinserted": 0,
          "req": 52542041
        }
      ],
      "miss_ratio": 0.15660320000000005,
      "req": 100000000
    }
  ],
  "trace": "zipf_1_19.oracleGeneral"
}