{
  "dram_cache_size": 25000,
  "flash_cache_size": 250002,
  "results": [
    {
      "hit": 39061037,
      "iteration": 0,
      "metrics": [
        {
          "admission_treshold": 0,
          "algorithm": "lru",
          "hit": 6110471,
          "inserted": 93889529,
          "layer": 0,
          "miss_ratio": 0.93889529,
          "reinserted": 6110471,
          "req": 100000000
        },
        {
          "admission_treshold": 4,
          "algorithm": "lru",
          "hit": 32950566,
          "inserted": 59732497,
          "layer": 1,
          "miss_ratio": 0.6490496187279841,
          "reinserted": 31206763,
          "req": 93889529
        }
      ],
      "miss_ratio": 0.60938963,
      "req": 100000000
    }
  ],
  "trace": "zipf0.5.oracleGeneral"
}