{
  "dram_cache_size": 49991,
  "flash_cache_size": 99983,
  "results": [
    {
      "hit": 80865727,
      "iteration": 0,
      "metrics": [
        {
          "admission_treshold": 0,
          "algorithm": "lru",
          "hit": 71878800,
          "inserted": 28121200,
          "layer": 0,
          "miss_ratio": 0.281212,
          "reinserted": 71878800,
          "req": 100000000
        },
        {
          "admission_treshold": 8,
          "algorithm": "fifo",
          "hit": 8986927,
          "inserted": 15018408,
          "layer": 1,
          "miss_ratio": 0.6804216391903617,
          "reinserted": 0,
          "req": 28121200
        }
      ],
      "miss_ratio": 0.19134273000000002,
      "req": 100000000
    }
  ],
  "trace": "zipf_1_3.oracleGeneral"
}