{
  "dram_cache_size": 49996,
  "flash_cache_size": 99993,
  "results": [
    {
      "hit": 80793885,
      "iteration": 0,
      "metrics": [
        {
          "admission_treshold": 0,
          "algorithm": "lru",
          "hit": 71887242,
          "inserted": 28112758,
          "layer": 0,
          "miss_ratio": 0.28112758000000004,
          "reinserted": 71887242,
          "req": 100000000
        },
        {
          "admission_treshold": 2,
          "algorithm": "lru",
          "hit": 8906643,
          "inserted": 21401090,
          "layer": 1,
          "miss_ratio": 0.683181458041221,
          "reinserted": 5711828,
          "req": 28112758
        }
      ],
      "miss_ratio": 0.19206115,
      "req": 100000000
    }
  ],
  "trace": "zipf_1_1.oracleGeneral"
}