{
  "cache_size": 9998,
  "results": [
    {
      "hit": 58546243,
      "iteration": 0,
      "metrics": [
        {
          "admission_treshold": 1,
          "algorithm": "lru",
          "hit": 22637970,
          "inserted": 77362030,
          "layer": 0,
          "miss_ratio": 0.7736203,
          "reinserted": 22637970,
          "req": 100000000
        },
        {
          "admission_treshold": 1,
          "algorithm": "lru",
          "hit": 35908273,
          "inserted": 41494386,
          "layer": 1,
          "miss_ratio": 0.5358411225765405,
          "reinserted": 35867545,
          "req": 77362030
        }
      ],
      "miss_ratio": 0.41453757,
      "req": 100000000
    }
  ],
  "trace": "zipf_1_4.oracleGeneral"
}