{
  "dram_cache_size": 250002,
  "flash_cache_size": 500005,
  "results": [
    {
      "hit": 82826834,
      "iteration": 0,
      "metrics": [
        {
          "admission_treshold": 0,
          "algorithm": "lru",
          "hit": 59431965,
          "inserted": 40568035,
          "layer": 0,
          "miss_ratio": 0.40568035,
          "reinserted": 59431965,
          "req": 100000000
        },
        {
          "admission_treshold": 2,
          "algorithm": "fifo",
          "hit": 23394869,
          "inserted": 22279037,
          "layer": 1,
          "miss_ratio": 0.4233176687014789,
          "reinserted": 0,
          "req": 40568035
        }
      ],
      "miss_ratio": 0.17173165999999995,
      "req": 100000000
    }
  ],
  "trace": "zipf0.75.oracleGeneral"
}