{
  "cache_size": 9998,
  "results": [
    {
      "hit": 56695283,
      "iteration": 0,
      "metrics": [
        {
          "admission_treshold": 8,
          "algorithm": "lru",
          "hit": 22637970,
          "inserted": 77362030,
          "layer": 0,
          "miss_ratio": 0.7736203,
          "reinserted": 22637970,
          "req": 100000000
        },
        {
          "admission_treshold": 8,
          "algorithm": "fifo",
          "hit": 34057313,
          "inserted": 36686387,
          "layer": 1,
          "miss_ratio": 0.5597670717792695,
          "reinserted": 0,
          "req": 77362030
        }
      ],
      "miss_ratio": 0.43304717000000004,
      "req": 100000000
    }
  ],
  "trace": "zipf_1_4.oracleGeneral"
}