{
  "dram_cache_size": 9998,
  "flash_cache_size": 99982,
  "results": [
    {
      "hit": 79168198,
      "iteration": 0,
      "metrics": [
        {
<<<<<<< HEAD
          "admission_treshold": 16,
=======
          "admission_treshold": 0,
>>>>>>> 160be2d8 (New results)
          "algorithm": "lru",
          "hit": 58506692,
          "inserted": 41493308,
          "layer": 0,
          "miss_ratio": 0.41493307999999995,
          "reinserted": 58506692,
          "req": 100000000
        },
        {
          "admission_treshold": 16,
          "algorithm": "fifo",
          "hit": 20661506,
          "inserted": 9400892,
          "layer": 1,
          "miss_ratio": 0.5020520899418287,
          "reinserted": 0,
          "req": 41493308
        }
      ],
      "miss_ratio": 0.20831802,
      "req": 100000000
    }
  ],
  "trace": "zipf_1_4.oracleGeneral"
}