{
  "dram_cache_size": 249,
  "flash_cache_size": 4999,
  "results": [
    {
      "hit": 56099326,
      "iteration": 0,
      "metrics": [
        {
<<<<<<< HEAD
          "admission_treshold": 16,
=======
          "admission_treshold": 0,
>>>>>>> 160be2d8 (New results)
          "algorithm": "lru",
          "hit": 29625351,
          "inserted": 70374649,
          "layer": 0,
          "miss_ratio": 0.70374649,
          "reinserted": 29625351,
          "req": 100000000
        },
        {
          "admission_treshold": 16,
          "algorithm": "offline-clock",
          "hit": 26473975,
          "inserted": 31990138,
          "layer": 1,
          "miss_ratio": 0.6238137542966644,
          "reinserted": 10110252,
          "req": 70374649
        }
      ],
      "miss_ratio": 0.43900673999999995,
      "req": 100000000
    },
    {
      "hit": 56285353,
      "iteration": 1,
      "metrics": [
        {
<<<<<<< HEAD
          "admission_treshold": 16,
=======
          "admission_treshold": 0,
>>>>>>> 160be2d8 (New results)
          "algorithm": "lru",
          "hit": 29625351,
          "inserted": 70374649,
          "layer": 0,
          "miss_ratio": 0.70374649,
          "reinserted": 29625351,
          "req": 100000000
        },
        {
          "admission_treshold": 16,
          "algorithm": "offline-clock",
          "hit": 26660002,
          "inserted": 31783916,
          "layer": 1,
          "miss_ratio": 0.6211703734394469,
          "reinserted": 5799892,
          "req": 70374649
        }
      ],
      "miss_ratio": 0.43714646999999995,
      "req": 100000000
    }
  ],
  "trace": "zipf_1_4.oracleGeneral"
}