{
  "cache_size": 399986400,
  "results": [
    {
      "hit": 78545813,
      "iteration": 0,
      "metrics": [
        {
          "admission_treshold": 16,
          "algorithm": "lru",
          "hit": 40295096,
          "inserted": 59704904,
          "layer": 0,
          "miss_ratio": 0.5970490399999999,
          "reinserted": 40295096,
          "req": 100000000
        },
        {
          "admission_treshold": 16,
          "algorithm": "fifo",
          "hit": 38250717,
          "inserted": 9465368,
          "layer": 1,
          "miss_ratio": 0.3593370990094884,
          "reinserted": 0,
          "req": 59704904
        }
      ],
      "miss_ratio": 0.21454187000000002,
      "req": 100000000
    }
  ],
  "trace": "zipf_1_6.oracleGeneral"
}