{
  "cache_size": 499917,
  "results": [
    {
      "hit": 92830851,
      "iteration": 0,
      "metrics": [
        {
          "admission_treshold": 2,
          "algorithm": "lru",
          "hit": 52946357,
          "inserted": 47053643,
          "layer": 0,
          "miss_ratio": 0.47053643,
          "reinserted": 52946357,
          "req": 100000000
        },
        {
          "admission_treshold": 2,
          "algorithm": "offline-clock",
          "hit": 39884494,
          "inserted": 6183479,
          "layer": 1,
          "miss_ratio": 0.15236118912195595,
          "reinserted": 8175059,
          "req": 47053643
        }
      ],
      "miss_ratio": 0.07169148999999997,
      "req": 100000000
    },
    {
      "hit": 93491159,
      "iteration": 1,
      "metrics": [
        {
          "admission_treshold": 2,
          "algorithm": "lru",
          "hit": 52946357,
          "inserted": 47053643,
          "layer": 0,
          "miss_ratio": 0.47053643,
          "reinserted": 52946357,
          "req": 100000000
        },
        {
          "admission_treshold": 2,
          "algorithm": "offline-clock",
          "hit": 40544802,
          "inserted": 5520189,
          "layer": 1,
          "miss_ratio": 0.1383280992717184,
          "reinserted": 4570817,
          "req": 47053643
        }
      ],
      "miss_ratio": 0.06508840999999999,
      "req": 100000000
    }
  ],
  "trace": "zipf_1_3.oracleGeneral"
}