{
  "dram_cache_size": 24995,
  "flash_cache_size": 249958,
  "results": [
    {
      "hit": 87095423,
      "iteration": 0,
      "metrics": [
        {
<<<<<<< HEAD
          "admission_treshold": 8,
=======
          "admission_treshold": 0,
>>>>>>> 160be2d8 (New results)
          "algorithm": "lru",
          "hit": 66030429,
          "inserted": 33969571,
          "layer": 0,
          "miss_ratio": 0.33969571,
          "reinserted": 66030429,
          "req": 100000000
        },
        {
          "admission_treshold": 8,
          "algorithm": "offline-clock",
          "hit": 21064994,
          "inserted": 6422103,
          "layer": 1,
          "miss_ratio": 0.3798863694804977,
          "reinserted": 6841040,
          "req": 33969571
        }
      ],
      "miss_ratio": 0.12904576999999995,
      "req": 100000000
    },
    {
      "hit": 87520622,
      "iteration": 1,
      "metrics": [
        {
<<<<<<< HEAD
          "admission_treshold": 8,
=======
          "admission_treshold": 0,
>>>>>>> 160be2d8 (New results)
          "algorithm": "lru",
          "hit": 66030429,
          "inserted": 33969571,
          "layer": 0,
          "miss_ratio": 0.33969571,
          "reinserted": 66030429,
          "req": 100000000
        },
        {
          "admission_treshold": 8,
          "algorithm": "offline-clock",
          "hit": 21490193,
          "inserted": 5961989,
          "layer": 1,
          "miss_ratio": 0.3673693141429428,
          "reinserted": 3740331,
          "req": 33969571
        }
      ],
      "miss_ratio": 0.12479377999999997,
      "req": 100000000
    }
  ],
  "trace": "zipf_1_3.oracleGeneral"
}