{
  "dram_cache_size": 2500,
  "flash_cache_size": 10000,
  "results": [
    {
      "hit": 18648988,
      "iteration": 0,
      "metrics": [
        {
          "admission_treshold": 0,
          "algorithm": "lru",
          "hit": 9443820,
          "inserted": 90556180,
          "layer": 0,
          "miss_ratio": 0.9055618,
          "reinserted": 9443820,
          "req": 100000000
        },
        {
          "admission_treshold": 4,
          "algorithm": "lru",
          "hit": 9205168,
          "inserted": 80006555,
          "layer": 1,
          "miss_ratio": 0.8983485389953507,
          "reinserted": 7554600,
          "req": 90556180
        }
      ],
      "miss_ratio": 0.81351012,
      "req": 100000000
    }
  ],
  "trace": "zipf0.75.oracleGeneral"
}