{
  "dram_cache_size": 2500,
  "flash_cache_size": 10000,
  "results": [
    {
      "hit": 18465868,
      "iteration": 0,
      "metrics": [
        {
          "admission_treshold": 0,
          "algorithm": "lru",
          "hit": 9443820,
          "inserted": 90556180,
          "layer": 0,
          "miss_ratio": 0.9055618,
          "reinserted": 9443820,
          "req": 100000000
        },
        {
          "admission_treshold": 2,
          "algorithm": "lru",
          "hit": 9022048,
          "inserted": 82223961,
          "layer": 1,
          "miss_ratio": 0.9003707091001409,
          "reinserted": 7332201,
          "req": 90556180
        }
      ],
      "miss_ratio": 0.81534132,
      "req": 100000000
    }
  ],
  "trace": "zipf0.75.oracleGeneral"
}