{
  "dram_cache_size": 25000,
  "flash_cache_size": 250002,
  "results": [
    {
      "hit": 26859061,
      "iteration": 0,
      "metrics": [
        {
          "admission_treshold": 0,
          "algorithm": "lru",
          "hit": 2502719,
          "inserted": 97497281,
          "layer": 0,
          "miss_ratio": 0.97497281,
          "reinserted": 2502719,
          "req": 100000000
        },
        {
          "admission_treshold": 0,
          "algorithm": "lru",
          "hit": 24356342,
          "inserted": 75015327,
          "layer": 1,
          "miss_ratio": 0.7501843974500171,
          "reinserted": 22456954,
          "req": 97497281
        }
      ],
      "miss_ratio": 0.73140939,
      "req": 100000000
    }
  ],
  "trace": "zipf0.oracleGeneral"
}