{
  "dram_cache_size": 24995,
  "flash_cache_size": 249958,
  "results": [
    {
      "hit": 85158099,
      "iteration": 0,
      "metrics": [
        {
          "admission_treshold": 0,
          "algorithm": "lru",
          "hit": 66030429,
          "inserted": 33969571,
          "layer": 0,
          "miss_ratio": 0.33969571,
          "reinserted": 66030429,
          "req": 100000000
        },
        {
          "admission_treshold": 4,
          "algorithm": "fifo",
          "hit": 19127670,
          "inserted": 12643499,
          "layer": 1,
          "miss_ratio": 0.43691752833734643,
          "reinserted": 0,
          "req": 33969571
        }
      ],
      "miss_ratio": 0.14841901000000002,
      "req": 100000000
    }
  ],
  "trace": "zipf_1_3.oracleGeneral"
}