{
  "cache_size": 1999667968,
  "results": [
    {
      "hit": 82690551,
      "iteration": 0,
      "metrics": [
        {
          "admission_treshold": 32,
          "algorithm": "lru",
          "hit": 52941335,
          "inserted": 47058665,
          "layer": 0,
          "miss_ratio": 0.47058665,
          "reinserted": 52941335,
          "req": 100000000
        },
        {
          "admission_treshold": 32,
          "algorithm": "lru",
          "hit": 29749216,
          "inserted": 224044,
          "layer": 1,
          "miss_ratio": 0.36782703036730857,
          "reinserted": 29745242,
          "req": 47058665
        }
      ],
      "miss_ratio": 0.17309449,
      "req": 100000000
    }
  ],
  "trace": "zipf_1_19.oracleGeneral"
}