{
  "cache_size": 1999667968,
  "results": [
    {
      "hit": 90222896,
      "iteration": 0,
      "metrics": [
        {
          "admission_treshold": 8,
          "algorithm": "lru",
          "hit": 52941335,
          "inserted": 47058665,
          "layer": 0,
          "miss_ratio": 0.47058665,
          "reinserted": 52941335,
          "req": 100000000
        },
        {
          "admission_treshold": 8,
          "algorithm": "fifo",
          "hit": 37281561,
          "inserted": 3045863,
          "layer": 1,
          "miss_ratio": 0.20776415990551367,
          "reinserted": 0,
          "req": 47058665
        }
      ],
      "miss_ratio": 0.09777104000000003,
      "req": 100000000
    }
  ],
  "trace": "zipf_1_19.oracleGeneral"
}