{
  "cache_size": 99985,
  "results": [
    {
      "hit": 75267747,
      "iteration": 0,
      "metrics": [
        {
          "admission_treshold": 2,
          "algorithm": "lru",
          "hit": 40311536,
          "inserted": 59688464,
          "layer": 0,
          "miss_ratio": 0.5968846400000001,
          "reinserted": 40311536,
          "req": 100000000
        },
        {
          "admission_treshold": 2,
          "algorithm": "fifo",
          "hit": 34956211,
          "inserted": 23879015,
          "layer": 1,
          "miss_ratio": 0.41435566175735394,
          "reinserted": 0,
          "req": 59688464
        }
      ],
      "miss_ratio": 0.24732253000000004,
      "req": 100000000
    }
  ],
  "trace": "zipf_1_15.oracleGeneral"
}