{
  "dram_cache_size": 2499,
  "flash_cache_size": 9998,
  "results": [
    {
      "hit": 62477607,
      "iteration": 0,
      "metrics": [
        {
          "admission_treshold": 0,
          "algorithm": "lru",
          "hit": 47457005,
          "inserted": 52542995,
          "layer": 0,
          "miss_ratio": 0.5254299499999999,
          "reinserted": 47457005,
          "req": 100000000
        },
        {
          "admission_treshold": 16,
          "algorithm": "offline-clock",
          "hit": 15020602,
          "inserted": 26395582,
          "layer": 1,
          "miss_ratio": 0.7141274112752803,
          "reinserted": 8984123,
          "req": 52542995
        }
      ],
      "miss_ratio": 0.37522393,
      "req": 100000000
    },
    {
      "hit": 62503418,
      "iteration": 1,
      "metrics": [
        {
          "admission_treshold": 0,
          "algorithm": "lru",
          "hit": 47457005,
          "inserted": 52542995,
          "layer": 0,
          "miss_ratio": 0.5254299499999999,
          "reinserted": 47457005,
          "req": 100000000
        },
        {
          "admission_treshold": 16,
          "algorithm": "offline-clock",
          "hit": 15046413,
          "inserted": 26266428,
          "layer": 1,
          "miss_ratio": 0.7136361754787675,
          "reinserted": 4985677,
          "req": 52542995
        }
      ],
      "miss_ratio": 0.37496582,
      "req": 100000000
    }
  ],
  "trace": "zipf_1_4.oracleGeneral"
}