{
  "dram_cache_size": 99,
  "flash_cache_size": 9998,
  "results": [
    {
      "hit": 59818838,
      "iteration": 0,
      "metrics": [
        {
          "admission_treshold": 8,
          "algorithm": "lru",
          "hit": 59818838,
          "inserted": 33392704,
          "layer": 0,
          "miss_ratio": 0.40181162000000004,
          "reinserted": 59818838,
          "req": 100000000
        }
      ],
      "miss_ratio": 0.40181162000000004,
      "req": 100000000
    }
  ],
  "trace": "zipf_1_4.oracleGeneral"
}