{
  "cache_size": 399964384,
  "results": [
    {
      "hit": 80105270,
      "iteration": 0,
      "metrics": [
        {
          "admission_treshold": 32,
          "algorithm": "lru",
          "hit": 40304817,
          "inserted": 59695183,
          "layer": 0,
          "miss_ratio": 0.5969518300000001,
          "reinserted": 40304817,
          "req": 100000000
        },
        {
          "admission_treshold": 32,
          "algorithm": "lru",
          "hit": 39800453,
          "inserted": 2705777,
          "layer": 1,
          "miss_ratio": 0.3332719492626398,
          "reinserted": 39795703,
          "req": 59695183
        }
      ],
      "miss_ratio": 0.19894730000000005,
      "req": 100000000
    }
  ],
  "trace": "zipf_1_18.oracleGeneral"
}