{
  "dram_cache_size": 2499,
  "flash_cache_size": 9999,
  "results": [
    {
      "hit": 59383897,
      "iteration": 0,
      "metrics": [
        {
          "admission_treshold": 0,
          "algorithm": "lru",
          "hit": 47462662,
          "inserted": 52537338,
          "layer": 0,
          "miss_ratio": 0.52537338,
          "reinserted": 47462662,
          "req": 100000000
        },
        {
          "admission_treshold": 8,
          "algorithm": "fifo",
          "hit": 11921235,
          "inserted": 36056226,
          "layer": 1,
          "miss_ratio": 0.7730902353674638,
          "reinserted": 0,
          "req": 52537338
        }
      ],
      "miss_ratio": 0.40616103000000003,
      "req": 100000000
    }
  ],
  "trace": "zipf_1_0.oracleGeneral"
}