{
  "dram_cache_size": 1250,
  "flash_cache_size": 5000,
  "results": [
    {
      "hit": 590228,
      "iteration": 0,
      "metrics": [
        {
          "admission_treshold": 0,
          "algorithm": "lru",
          "hit": 125024,
          "inserted": 99874976,
          "layer": 0,
          "miss_ratio": 0.99874976,
          "reinserted": 125024,
          "req": 100000000
        },
        {
          "admission_treshold": 16,
          "algorithm": "fifo",
          "hit": 465204,
          "inserted": 84532685,
          "layer": 1,
          "miss_ratio": 0.9953421365528038,
          "reinserted": 0,
          "req": 99874976
        }
      ],
      "miss_ratio": 0.99409772,
      "req": 100000000
    }
  ],
  "trace": "zipf0.oracleGeneral"
}