{
  "dram_cache_size": 62500,
  "flash_cache_size": 250002,
  "results": [
    {
      "hit": 40602098,
      "iteration": 0,
      "metrics": [
        {
          "admission_treshold": 0,
          "algorithm": "lru",
          "hit": 12836862,
          "inserted": 87163138,
          "layer": 0,
          "miss_ratio": 0.87163138,
          "reinserted": 12836862,
          "req": 100000000
        },
        {
          "admission_treshold": 2,
          "algorithm": "fifo",
          "hit": 27765236,
          "inserted": 63568557,
          "layer": 1,
          "miss_ratio": 0.6814566726590316,
          "reinserted": 0,
          "req": 87163138
        }
      ],
      "miss_ratio": 0.59397902,
      "req": 100000000
    }
  ],
  "trace": "zipf0.5.oracleGeneral"
}