{
  "dram_cache_size": 49996,
  "flash_cache_size": 499966,
  "results": [
    {
      "hit": 92870643,
      "iteration": 0,
      "metrics": [
        {
<<<<<<< HEAD
          "admission_treshold": 2,
=======
          "admission_treshold": 0,
>>>>>>> 160be2d8 (New results)
          "algorithm": "lru",
          "hit": 71887242,
          "inserted": 28112758,
          "layer": 0,
          "miss_ratio": 0.28112758000000004,
          "reinserted": 71887242,
          "req": 100000000
        },
        {
          "admission_treshold": 2,
          "algorithm": "lru",
          "hit": 20983401,
          "inserted": 6344380,
          "layer": 1,
          "miss_ratio": 0.25359863304767183,
          "reinserted": 20768538,
          "req": 28112758
        }
      ],
      "miss_ratio": 0.07129357000000003,
      "req": 100000000
    }
  ],
  "trace": "zipf_1_1.oracleGeneral"
}