{
  "dram_cache_size": 50000,
  "flash_cache_size": 500005,
  "results": [
    {
      "hit": 68986625,
      "iteration": 0,
      "metrics": [
        {
          "admission_treshold": 0,
          "algorithm": "lru",
          "hit": 31987040,
          "inserted": 68012960,
          "layer": 0,
          "miss_ratio": 0.6801296,
          "reinserted": 31987040,
          "req": 100000000
        },
        {
          "admission_treshold": 32,
          "algorithm": "lru",
          "hit": 36999585,
          "inserted": 2724177,
          "layer": 1,
          "miss_ratio": 0.45599213738087563,
          "reinserted": 36875437,
          "req": 68012960
        }
      ],
      "miss_ratio": 0.31013375,
      "req": 100000000
    }
  ],
  "trace": "zipf0.75.oracleGeneral"
}