{
  "dram_cache_size": 999,
  "flash_cache_size": 9998,
  "results": [
    {
      "hit": 58999992,
      "iteration": 0,
      "metrics": [
        {
<<<<<<< HEAD
          "admission_treshold": 16,
=======
          "admission_treshold": 0,
>>>>>>> 160be2d8 (New results)
          "algorithm": "lru",
          "hit": 40304112,
          "inserted": 59695888,
          "layer": 0,
          "miss_ratio": 0.5969588800000001,
          "reinserted": 40304112,
          "req": 100000000
        },
        {
          "admission_treshold": 16,
          "algorithm": "fifo",
          "hit": 18695880,
          "inserted": 29971512,
          "layer": 1,
          "miss_ratio": 0.6868146094082728,
          "reinserted": 0,
          "req": 59695888
        }
      ],
      "miss_ratio": 0.41000008,
      "req": 100000000
    }
  ],
  "trace": "zipf_1_2.oracleGeneral"
}