{
  "dram_cache_size": 249,
  "flash_cache_size": 4999,
  "results": [
    {
      "hit": 54129447,
      "iteration": 0,
      "metrics": [
        {
          "admission_treshold": 1,
          "algorithm": "lru",
          "hit": 29627526,
          "inserted": 70372474,
          "layer": 0,
          "miss_ratio": 0.70372474,
          "reinserted": 29627526,
          "req": 100000000
        },
        {
          "admission_treshold": 1,
          "algorithm": "offline-clock",
          "hit": 24501921,
          "inserted": 46071378,
          "layer": 1,
          "miss_ratio": 0.6518252150691761,
          "reinserted": 10251236,
          "req": 70372474
        }
      ],
      "miss_ratio": 0.45870553000000003,
      "req": 100000000
    },
    {
      "hit": 54175473,
      "iteration": 1,
      "metrics": [
        {
          "admission_treshold": 1,
          "algorithm": "lru",
          "hit": 29627526,
          "inserted": 70372474,
          "layer": 0,
          "miss_ratio": 0.70372474,
          "reinserted": 29627526,
          "req": 100000000
        },
        {
          "admission_treshold": 1,
          "algorithm": "offline-clock",
          "hit": 24547947,
          "inserted": 45999227,
          "layer": 1,
          "miss_ratio": 0.6511711809364553,
          "reinserted": 5955221,
          "req": 70372474
        }
      ],
      "miss_ratio": 0.45824527000000004,
      "req": 100000000
    }
  ],
  "trace": "zipf_1_2.oracleGeneral"
}