{
  "dram_cache_size": 500,
  "flash_cache_size": 10000,
  "results": [
    {
      "hit": 976430,
      "iteration": 0,
      "metrics": [
        {
          "admission_treshold": 0,
          "algorithm": "lru",
          "hit": 49818,
          "inserted": 99950182,
          "layer": 0,
          "miss_ratio": 0.99950182,
          "reinserted": 49818,
          "req": 100000000
        },
        {
          "admission_treshold": 16,
          "algorithm": "lru",
          "hit": 926612,
          "inserted": 84072457,
          "layer": 1,
          "miss_ratio": 0.9907292615034958,
          "reinserted": 884780,
          "req": 99950182
        }
      ],
      "miss_ratio": 0.9902357,
      "req": 100000000
    }
  ],
  "trace": "zipf0.oracleGeneral"
}