{
  "cache_size": 249966,
  "results": [
    {
      "hit": 86277767,
      "iteration": 0,
      "metrics": [
        {
          "admission_treshold": 1,
          "algorithm": "lru",
          "hit": 47451728,
          "inserted": 52548272,
          "layer": 0,
          "miss_ratio": 0.5254827200000001,
          "reinserted": 47451728,
          "req": 100000000
        },
        {
          "admission_treshold": 1,
          "algorithm": "lru",
          "hit": 38826039,
          "inserted": 13743501,
          "layer": 1,
          "miss_ratio": 0.2611357610389168,
          "reinserted": 38802272,
          "req": 52548272
        }
      ],
      "miss_ratio": 0.13722232999999995,
      "req": 100000000
    }
  ],
  "trace": "zipf_1_14.oracleGeneral"
}