{
  "dram_cache_size": 125001,
  "flash_cache_size": 500005,
  "results": [
    {
      "hit": 78123898,
      "iteration": 0,
      "metrics": [
        {
          "admission_treshold": 0,
          "algorithm": "lru",
          "hit": 45548212,
          "inserted": 54451788,
          "layer": 0,
          "miss_ratio": 0.54451788,
          "reinserted": 45548212,
          "req": 100000000
        },
        {
          "admission_treshold": 2,
          "algorithm": "fifo",
          "hit": 32575686,
          "inserted": 24614912,
          "layer": 1,
          "miss_ratio": 0.40175176616789887,
          "reinserted": 0,
          "req": 54451788
        }
      ],
      "miss_ratio": 0.21876101999999997,
      "req": 100000000
    }
  ],
  "trace": "zipf0.75.oracleGeneral"
}