{
  "dram_cache_size": 2499,
  "flash_cache_size": 249983,
  "results": [
    {
      "hit": 86304251,
      "iteration": 0,
      "metrics": [
        {
          "admission_treshold": 2,
          "algorithm": "lru",
          "hit": 86304251,
          "inserted": 12695886,
          "layer": 0,
          "miss_ratio": 0.13695749000000002,
          "reinserted": 86304251,
          "req": 100000000
        }
      ],
      "miss_ratio": 0.13695749000000002,
      "req": 100000000
    }
  ],
  "trace": "zipf_1_1.oracleGeneral"
}