{
  "cache_size": 499983,
  "results": [
    {
      "hit": 90806646,
      "iteration": 0,
      "metrics": [
        {
          "admission_treshold": 4,
          "algorithm": "lru",
          "hit": 52938983,
          "inserted": 47061017,
          "layer": 0,
          "miss_ratio": 0.47061017000000005,
          "reinserted": 52938983,
          "req": 100000000
        },
        {
          "admission_treshold": 4,
          "algorithm": "fifo",
          "hit": 37867663,
          "inserted": 6262904,
          "layer": 1,
          "miss_ratio": 0.19534966700783363,
          "reinserted": 0,
          "req": 47061017
        }
      ],
      "miss_ratio": 0.09193353999999998,
      "req": 100000000
    }
  ],
  "trace": "zipf_1_7.oracleGeneral"
}