{
  "dram_cache_size": 125001,
  "flash_cache_size": 250002,
  "results": [
    {
      "hit": 32677585,
      "iteration": 0,
      "metrics": [
        {
          "admission_treshold": 0,
          "algorithm": "lru",
          "hit": 13784746,
          "inserted": 86215254,
          "layer": 0,
          "miss_ratio": 0.86215254,
          "reinserted": 13784746,
          "req": 100000000
        },
        {
          "admission_treshold": 32,
          "algorithm": "fifo",
          "hit": 18892839,
          "inserted": 46245674,
          "layer": 1,
          "miss_ratio": 0.7808643120160615,
          "reinserted": 0,
          "req": 86215254
        }
      ],
      "miss_ratio": 0.67322415,
      "req": 100000000
    }
  ],
  "trace": "zipf0.25.oracleGeneral"
}