{
  "dram_cache_size": 500,
  "flash_cache_size": 5000,
  "results": [
    {
      "hit": 632370,
      "iteration": 0,
      "metrics": [
        {
          "admission_treshold": 0,
          "algorithm": "lru",
          "hit": 55969,
          "inserted": 99944031,
          "layer": 0,
          "miss_ratio": 0.99944031,
          "reinserted": 55969,
          "req": 100000000
        },
        {
          "admission_treshold": 8,
          "algorithm": "lru",
          "hit": 576401,
          "inserted": 92422955,
          "layer": 1,
          "miss_ratio": 0.9942327621346392,
          "reinserted": 524073,
          "req": 99944031
        }
      ],
      "miss_ratio": 0.9936763,
      "req": 100000000
    }
  ],
  "trace": "zipf0.25.oracleGeneral"
}