{
  "dram_cache_size": 5000,
  "flash_cache_size": 500005,
  "results": [
    {
      "hit": 52895127,
      "iteration": 0,
      "metrics": [
        {
          "admission_treshold": 0,
          "algorithm": "lru",
          "hit": 562279,
          "inserted": 99437721,
          "layer": 0,
          "miss_ratio": 0.99437721,
          "reinserted": 562279,
          "req": 100000000
        },
        {
          "admission_treshold": 0,
          "algorithm": "lru",
          "hit": 52332848,
          "inserted": 47337871,
          "layer": 1,
          "miss_ratio": 0.47371231486691057,
          "reinserted": 52094850,
          "req": 99437721
        }
      ],
      "miss_ratio": 0.47104873,
      "req": 100000000
    }
  ],
  "trace": "zipf0.25.oracleGeneral"
}