{
  "dram_cache_size": 100,
  "flash_cache_size": 10000,
  "results": [
    {
      "hit": 3090072,
      "iteration": 0,
      "metrics": [
        {
          "admission_treshold": 0,
          "algorithm": "lru",
          "hit": 35793,
          "inserted": 99964207,
          "layer": 0,
          "miss_ratio": 0.99964207,
          "reinserted": 35793,
          "req": 100000000
        },
        {
          "admission_treshold": 8,
          "algorithm": "lru",
          "hit": 3054279,
          "inserted": 89932644,
          "layer": 1,
          "miss_ratio": 0.9694462739048187,
          "reinserted": 3032228,
          "req": 99964207
        }
      ],
      "miss_ratio": 0.96909928,
      "req": 100000000
    }
  ],
  "trace": "zipf0.5.oracleGeneral"
}