{
  "cache_size": 249994,
  "results": [
    {
      "hit": 86316415,
      "iteration": 0,
      "metrics": [
        {
          "admission_treshold": 2,
          "algorithm": "lru",
          "hit": 47453175,
          "inserted": 52546825,
          "layer": 0,
          "miss_ratio": 0.5254682500000001,
          "reinserted": 47453175,
          "req": 100000000
        },
        {
          "admission_treshold": 2,
          "algorithm": "lru",
          "hit": 38863240,
          "inserted": 12705734,
          "layer": 1,
          "miss_ratio": 0.260407455635997,
          "reinserted": 38841213,
          "req": 52546825
        }
      ],
      "miss_ratio": 0.13683584999999998,
      "req": 100000000
    }
  ],
  "trace": "zipf_1_16.oracleGeneral"
}