{
  "dram_cache_size": 249,
  "flash_cache_size": 4999,
  "results": [
    {
      "hit": 53680570,
      "iteration": 0,
      "metrics": [
        {
          "admission_treshold": 4,
          "algorithm": "lru",
          "hit": 29638781,
          "inserted": 70361219,
          "layer": 0,
          "miss_ratio": 0.7036121900000001,
          "reinserted": 29638781,
          "req": 100000000
        },
        {
          "admission_treshold": 4,
          "algorithm": "lru",
          "hit": 24041789,
          "inserted": 43560489,
          "layer": 1,
          "miss_ratio": 0.6583090892726006,
          "reinserted": 23806750,
          "req": 70361219
        }
      ],
      "miss_ratio": 0.46319429999999995,
      "req": 100000000
    }
  ],
  "trace": "zipf_1_0.oracleGeneral"
}