{
  "dram_cache_size": 5000,
  "flash_cache_size": 100001,
  "results": [
    {
      "hit": 42656978,
      "iteration": 0,
      "metrics": [
        {
          "admission_treshold": 0,
          "algorithm": "lru",
          "hit": 12740005,
          "inserted": 87259995,
          "layer": 0,
          "miss_ratio": 0.87259995,
          "reinserted": 12740005,
          "req": 100000000
        },
        {
          "admission_treshold": 4,
          "algorithm": "lru",
          "hit": 29916973,
          "inserted": 54845959,
          "layer": 1,
          "miss_ratio": 0.6571513326353045,
          "reinserted": 29424099,
          "req": 87259995
        }
      ],
      "miss_ratio": 0.57343022,
      "req": 100000000
    }
  ],
  "trace": "zipf0.75.oracleGeneral"
}