{
  "cache_size": 249972,
  "results": [
    {
      "hit": 86750684,
      "iteration": 0,
      "metrics": [
        {
          "admission_treshold": 1,
          "algorithm": "lru",
          "hit": 47459760,
          "inserted": 52540240,
          "layer": 0,
          "miss_ratio": 0.5254023999999999,
          "reinserted": 47459760,
          "req": 100000000
        },
        {
          "admission_treshold": 1,
          "algorithm": "offline-clock",
          "hit": 39290924,
          "inserted": 13267572,
          "layer": 1,
          "miss_ratio": 0.25217463795369033,
          "reinserted": 9823259,
          "req": 52540240
        }
      ],
      "miss_ratio": 0.13249316,
      "req": 100000000
    },
    {
      "hit": 87338874,
      "iteration": 1,
      "metrics": [
        {
          "admission_treshold": 1,
          "algorithm": "lru",
          "hit": 47459760,
          "inserted": 52540240,
          "layer": 0,
          "miss_ratio": 0.5254023999999999,
          "reinserted": 47459760,
          "req": 100000000
        },
        {
          "admission_treshold": 1,
          "algorithm": "offline-clock",
          "hit": 39879114,
          "inserted": 12675909,
          "layer": 1,
          "miss_ratio": 0.24097959963639293,
          "reinserted": 5570207,
          "req": 52540240
        }
      ],
      "miss_ratio": 0.12661126,
      "req": 100000000
    }
  ],
  "trace": "zipf_1_17.oracleGeneral"
}