{
  "dram_cache_size": 249,
  "flash_cache_size": 4999,
  "results": [
    {
      "hit": 53182855,
      "iteration": 0,
      "metrics": [
        {
          "admission_treshold": 0,
          "algorithm": "lru",
          "hit": 29625351,
          "inserted": 70374649,
          "layer": 0,
          "miss_ratio": 0.70374649,
          "reinserted": 29625351,
          "req": 100000000
        },
        {
          "admission_treshold": 0,
          "algorithm": "lru",
          "hit": 23557504,
          "inserted": 47069165,
          "layer": 1,
          "miss_ratio": 0.6652558224482228,
          "reinserted": 23305235,
          "req": 70374649
        }
      ],
      "miss_ratio": 0.46817145000000004,
      "req": 100000000
    }
  ],
  "trace": "zipf_1_4.oracleGeneral"
}