{
  "cache_size": 19996680,
  "results": [
    {
      "hit": 56218238,
      "iteration": 0,
      "metrics": [
        {
          "admission_treshold": 32,
          "algorithm": "lru",
          "hit": 17363349,
          "inserted": 82636651,
          "layer": 0,
          "miss_ratio": 0.8263665099999999,
          "reinserted": 17363349,
          "req": 100000000
        },
        {
          "admission_treshold": 32,
          "algorithm": "lru",
          "hit": 38854889,
          "inserted": 26582162,
          "layer": 1,
          "miss_ratio": 0.529810459041957,
          "reinserted": 38830249,
          "req": 82636651
        }
      ],
      "miss_ratio": 0.43781762,
      "req": 100000000
    }
  ],
  "trace": "zipf_1_19.oracleGeneral"
}