{
  "dram_cache_size": 250002,
  "flash_cache_size": 500005,
  "results": [
    {
      "hit": 82375045,
      "iteration": 0,
      "metrics": [
        {
          "admission_treshold": 0,
          "algorithm": "lru",
          "hit": 59431965,
          "inserted": 40568035,
          "layer": 0,
          "miss_ratio": 0.40568035,
          "reinserted": 59431965,
          "req": 100000000
        },
        {
          "admission_treshold": 4,
          "algorithm": "fifo",
          "hit": 22943080,
          "inserted": 20870642,
          "layer": 1,
          "miss_ratio": 0.434454244579507,
          "reinserted": 0,
          "req": 40568035
        }
      ],
      "miss_ratio": 0.17624954999999998,
      "req": 100000000
    }
  ],
  "trace": "zipf0.75.oracleGeneral"
}