{
  "dram_cache_size": 5000,
  "flash_cache_size": 100001,
  "results": [
    {
      "hit": 17984298,
      "iteration": 0,
      "metrics": [
        {
          "admission_treshold": 0,
          "algorithm": "lru",
          "hit": 1543695,
          "inserted": 98456305,
          "layer": 0,
          "miss_ratio": 0.98456305,
          "reinserted": 1543695,
          "req": 100000000
        },
        {
          "admission_treshold": 2,
          "algorithm": "fifo",
          "hit": 16440603,
          "inserted": 81708221,
          "layer": 1,
          "miss_ratio": 0.8330162502035802,
          "reinserted": 0,
          "req": 98456305
        }
      ],
      "miss_ratio": 0.82015702,
      "req": 100000000
    }
  ],
  "trace": "zipf0.5.oracleGeneral"
}