{
  "dram_cache_size": 2499,
  "flash_cache_size": 9999,
  "results": [
    {
      "hit": 61579469,
      "iteration": 0,
      "metrics": [
        {
          "admission_treshold": 0,
          "algorithm": "lru",
          "hit": 47462662,
          "inserted": 52537338,
          "layer": 0,
          "miss_ratio": 0.52537338,
          "reinserted": 47462662,
          "req": 100000000
        },
        {
          "admission_treshold": 8,
          "algorithm": "offline-clock",
          "hit": 14116807,
          "inserted": 32748031,
          "layer": 1,
          "miss_ratio": 0.7312995378639093,
          "reinserted": 8919440,
          "req": 52537338
        }
      ],
      "miss_ratio": 0.38420531,
      "req": 100000000
    },
    {
      "hit": 61487978,
      "iteration": 1,
      "metrics": [
        {
          "admission_treshold": 0,
          "algorithm": "lru",
          "hit": 47462662,
          "inserted": 52537338,
          "layer": 0,
          "miss_ratio": 0.52537338,
          "reinserted": 47462662,
          "req": 100000000
        },
        {
          "admission_treshold": 8,
          "algorithm": "offline-clock",
          "hit": 14025316,
          "inserted": 32723810,
          "layer": 1,
          "miss_ratio": 0.7330409850609485,
          "reinserted": 4907820,
          "req": 52537338
        }
      ],
      "miss_ratio": 0.38512022,
      "req": 100000000
    }
  ],
  "trace": "zipf_1_0.oracleGeneral"
}