{
  "dram_cache_size": 25000,
  "flash_cache_size": 100001,
  "results": [
    {
      "hit": 10041689,
      "iteration": 0,
      "metrics": [
        {
          "admission_treshold": 0,
          "algorithm": "lru",
          "hit": 2502719,
          "inserted": 97497281,
          "layer": 0,
          "miss_ratio": 0.97497281,
          "reinserted": 2502719,
          "req": 100000000
        },
        {
          "admission_treshold": 32,
          "algorithm": "lru",
          "hit": 7538970,
          "inserted": 61259828,
          "layer": 1,
          "miss_ratio": 0.9226750743951516,
          "reinserted": 5988167,
          "req": 97497281
        }
      ],
      "miss_ratio": 0.89958311,
      "req": 100000000
    }
  ],
  "trace": "zipf0.oracleGeneral"
}