{
  "cache_size": 4999,
  "results": [
    {
      "hit": 56211635,
      "iteration": 0,
      "metrics": [
        {
          "admission_treshold": 32,
          "algorithm": "lru",
          "hit": 17362510,
          "inserted": 82637490,
          "layer": 0,
          "miss_ratio": 0.8263749,
          "reinserted": 17362510,
          "req": 100000000
        },
        {
          "admission_treshold": 32,
          "algorithm": "lru",
          "hit": 38849125,
          "inserted": 26587048,
          "layer": 1,
          "miss_ratio": 0.5298849831958836,
          "reinserted": 38824627,
          "req": 82637490
        }
      ],
      "miss_ratio": 0.43788364999999996,
      "req": 100000000
    }
  ],
  "trace": "zipf_1_14.oracleGeneral"
}