{
  "dram_cache_size": 2499,
  "flash_cache_size": 4999,
  "results": [
    {
      "hit": 56051795,
      "iteration": 0,
      "metrics": [
        {
          "admission_treshold": 0,
          "algorithm": "lru",
          "hit": 47462662,
          "inserted": 52537338,
          "layer": 0,
          "miss_ratio": 0.52537338,
          "reinserted": 47462662,
          "req": 100000000
        },
        {
          "admission_treshold": 0,
          "algorithm": "offline-clock",
          "hit": 8589133,
          "inserted": 47406508,
          "layer": 1,
          "miss_ratio": 0.8365137380961327,
          "reinserted": 4941765,
          "req": 52537338
        }
      ],
      "miss_ratio": 0.43948204999999996,
      "req": 100000000
    },
    {
      "hit": 55582216,
      "iteration": 1,
      "metrics": [
        {
          "admission_treshold": 0,
          "algorithm": "lru",
          "hit": 47462662,
          "inserted": 52537338,
          "layer": 0,
          "miss_ratio": 0.52537338,
          "reinserted": 47462662,
          "req": 100000000
        },
        {
          "admission_treshold": 0,
          "algorithm": "offline-clock",
          "hit": 8119554,
          "inserted": 47551025,
          "layer": 1,
          "miss_ratio": 0.8454517432915996,
          "reinserted": 1884675,
          "req": 52537338
        }
      ],
      "miss_ratio": 0.44417784000000005,
      "req": 100000000
    }
  ],
  "trace": "zipf_1_0.oracleGeneral"
}