{
  "dram_cache_size": 9998,
  "flash_cache_size": 99983,
  "results": [
    {
      "hit": 77865801,
      "iteration": 0,
      "metrics": [
        {
          "admission_treshold": 8,
          "algorithm": "lru",
          "hit": 58517229,
          "inserted": 41482771,
          "layer": 0,
          "miss_ratio": 0.41482770999999996,
          "reinserted": 58517229,
          "req": 100000000
        },
        {
          "admission_treshold": 8,
          "algorithm": "fifo",
          "hit": 19348572,
          "inserted": 16195605,
          "layer": 1,
          "miss_ratio": 0.5335757102629426,
          "reinserted": 0,
          "req": 41482771
        }
      ],
      "miss_ratio": 0.22134199,
      "req": 100000000
    }
  ],
  "trace": "zipf_1_2.oracleGeneral"
}