{
  "cache_size": 4999,
  "results": [
    {
      "hit": 55141629,
      "iteration": 0,
      "metrics": [
        {
          "admission_treshold": 16,
          "algorithm": "lru",
          "hit": 17363349,
          "inserted": 82636651,
          "layer": 0,
          "miss_ratio": 0.8263665099999999,
          "reinserted": 17363349,
          "req": 100000000
        },
        {
          "admission_treshold": 16,
          "algorithm": "lru",
          "hit": 37778280,
          "inserted": 32825214,
          "layer": 1,
          "miss_ratio": 0.5428386854641531,
          "reinserted": 37748616,
          "req": 82636651
        }
      ],
      "miss_ratio": 0.44858370999999997,
      "req": 100000000
    }
  ],
  "trace": "zipf_1_19.oracleGeneral"
}