{
  "cache_size": 499911,
  "results": [
    {
      "hit": 93099337,
      "iteration": 0,
      "metrics": [
        {
          "admission_treshold": 0,
          "algorithm": "lru",
          "hit": 52939492,
          "inserted": 47060508,
          "layer": 0,
          "miss_ratio": 0.47060508,
          "reinserted": 52939492,
          "req": 100000000
        },
        {
          "admission_treshold": 0,
          "algorithm": "offline-clock",
          "hit": 40159845,
          "inserted": 6911251,
          "layer": 1,
          "miss_ratio": 0.14663383999169755,
          "reinserted": 8727466,
          "req": 47060508
        }
      ],
      "miss_ratio": 0.06900662999999996,
      "req": 100000000
    },
    {
      "hit": 93809577,
      "iteration": 1,
      "metrics": [
        {
          "admission_treshold": 0,
          "algorithm": "lru",
          "hit": 52939492,
          "inserted": 47060508,
          "layer": 0,
          "miss_ratio": 0.47060508,
          "reinserted": 52939492,
          "req": 100000000
        },
        {
          "admission_treshold": 0,
          "algorithm": "offline-clock",
          "hit": 40870085,
          "inserted": 6197459,
          "layer": 1,
          "miss_ratio": 0.13154178021197727,
          "reinserted": 4908306,
          "req": 47060508
        }
      ],
      "miss_ratio": 0.061904230000000005,
      "req": 100000000
    }
  ],
  "trace": "zipf_1_4.oracleGeneral"
}