{
  "cache_size": 1999821952,
  "results": [
    {
      "hit": 92886901,
      "iteration": 0,
      "metrics": [
        {
          "admission_treshold": 1,
          "algorithm": "lru",
          "hit": 52947617,
          "inserted": 47052383,
          "layer": 0,
          "miss_ratio": 0.47052383,
          "reinserted": 52947617,
          "req": 100000000
        },
        {
          "admission_treshold": 1,
          "algorithm": "lru",
          "hit": 39939284,
          "inserted": 7125070,
          "layer": 1,
          "miss_ratio": 0.15117404361857723,
          "reinserted": 39922314,
          "req": 47052383
        }
      ],
      "miss_ratio": 0.07113099,
      "req": 100000000
    }
  ],
  "trace": "zipf_1_18.oracleGeneral"
}