{
  "dram_cache_size": 124977,
  "flash_cache_size": 249955,
  "results": [
    {
      "hit": 88213031,
      "iteration": 0,
      "metrics": [
        {
          "admission_treshold": 0,
          "algorithm": "lru",
          "hit": 79891932,
          "inserted": 20108068,
          "layer": 0,
          "miss_ratio": 0.20108068,
          "reinserted": 79891932,
          "req": 100000000
        },
        {
          "admission_treshold": 2,
          "algorithm": "fifo",
          "hit": 8321099,
          "inserted": 13447081,
          "layer": 1,
          "miss_ratio": 0.5861810791568838,
          "reinserted": 0,
          "req": 20108068
        }
      ],
      "miss_ratio": 0.11786969000000003,
      "req": 100000000
    }
  ],
  "trace": "zipf_1_4.oracleGeneral"
}