{
  "dram_cache_size": 62495,
  "flash_cache_size": 249983,
  "results": [
    {
      "hit": 86403615,
      "iteration": 0,
      "metrics": [
        {
          "admission_treshold": 0,
          "algorithm": "lru",
          "hit": 73806337,
          "inserted": 26193663,
          "layer": 0,
          "miss_ratio": 0.26193663,
          "reinserted": 73806337,
          "req": 100000000
        },
        {
          "admission_treshold": 4,
          "algorithm": "fifo",
          "hit": 12597278,
          "inserted": 12246411,
          "layer": 1,
          "miss_ratio": 0.5190715403187405,
          "reinserted": 0,
          "req": 26193663
        }
      ],
      "miss_ratio": 0.13596385,
      "req": 100000000
    }
  ],
  "trace": "zipf_1_1.oracleGeneral"
}