{
  "cache_size": 999889024,
  "results": [
    {
      "hit": 83971869,
      "iteration": 0,
      "metrics": [
        {
          "admission_treshold": 2,
          "algorithm": "lru",
          "hit": 47459760,
          "inserted": 52540240,
          "layer": 0,
          "miss_ratio": 0.5254023999999999,
          "reinserted": 47459760,
          "req": 100000000
        },
        {
          "admission_treshold": 2,
          "algorithm": "fifo",
          "hit": 36512109,
          "inserted": 15137250,
          "layer": 1,
          "miss_ratio": 0.3050639091104266,
          "reinserted": 0,
          "req": 52540240
        }
      ],
      "miss_ratio": 0.16028131,
      "req": 100000000
    }
  ],
  "trace": "zipf_1_17.oracleGeneral"
}