{
  "dram_cache_size": 499,
  "flash_cache_size": 9998,
  "results": [
    {
      "hit": 56064437,
      "iteration": 0,
      "metrics": [
        {
          "admission_treshold": 0,
          "algorithm": "lru",
          "hit": 34945775,
          "inserted": 65054225,
          "layer": 0,
          "miss_ratio": 0.65054225,
          "reinserted": 34945775,
          "req": 100000000
        },
        {
          "admission_treshold": 2,
          "algorithm": "fifo",
          "hit": 21118662,
          "inserted": 43721838,
          "layer": 1,
          "miss_ratio": 0.675368325423906,
          "reinserted": 0,
          "req": 65054225
        }
      ],
      "miss_ratio": 0.43935563,
      "req": 100000000
    }
  ],
  "trace": "zipf_1_4.oracleGeneral"
}