{
  "dram_cache_size": 249977,
  "flash_cache_size": 499955,
  "results": [
    {
      "hit": 93059831,
      "iteration": 0,
      "metrics": [
        {
<<<<<<< HEAD
          "admission_treshold": 8,
=======
          "admission_treshold": 0,
>>>>>>> 160be2d8 (New results)
          "algorithm": "lru",
          "hit": 86263134,
          "inserted": 13736866,
          "layer": 0,
          "miss_ratio": 0.13736866000000003,
          "reinserted": 86263134,
          "req": 100000000
        },
        {
          "admission_treshold": 8,
          "algorithm": "fifo",
          "hit": 6796697,
          "inserted": 2383188,
          "layer": 1,
          "miss_ratio": 0.5052221518357972,
          "reinserted": 0,
          "req": 13736866
        }
      ],
      "miss_ratio": 0.06940168999999996,
      "req": 100000000
    }
  ],
  "trace": "zipf_1_0.oracleGeneral"
}