{
  "dram_cache_size": 125001,
  "flash_cache_size": 250002,
  "results": [
    {
      "hit": 66135320,
      "iteration": 0,
      "metrics": [
        {
          "admission_treshold": 0,
          "algorithm": "lru",
          "hit": 45548212,
          "inserted": 54451788,
          "layer": 0,
          "miss_ratio": 0.54451788,
          "reinserted": 45548212,
          "req": 100000000
        },
        {
          "admission_treshold": 8,
          "algorithm": "lru",
          "hit": 20587108,
          "inserted": 34202867,
          "layer": 1,
          "miss_ratio": 0.6219204408861652,
          "reinserted": 13998691,
          "req": 54451788
        }
      ],
      "miss_ratio": 0.3386468,
      "req": 100000000
    }
  ],
  "trace": "zipf0.75.oracleGeneral"
}