{
  "dram_cache_size": 2499,
  "flash_cache_size": 4999,
  "results": [
    {
      "hit": 55796711,
      "iteration": 0,
      "metrics": [
        {
          "admission_treshold": 0,
          "algorithm": "lru",
          "hit": 47459567,
          "inserted": 52540433,
          "layer": 0,
          "miss_ratio": 0.52540433,
          "reinserted": 47459567,
          "req": 100000000
        },
        {
          "admission_treshold": 1,
          "algorithm": "lru",
          "hit": 8337144,
          "inserted": 47987580,
          "layer": 1,
          "miss_ratio": 0.8413194653344407,
          "reinserted": 4550354,
          "req": 52540433
        }
      ],
      "miss_ratio": 0.44203289,
      "req": 100000000
    }
  ],
  "trace": "zipf_1_1.oracleGeneral"
}