{
  "cache_size": 999932992,
  "results": [
    {
      "hit": 82620919,
      "iteration": 0,
      "metrics": [
        {
          "admission_treshold": 32,
          "algorithm": "lru",
          "hit": 47467411,
          "inserted": 52532589,
          "layer": 0,
          "miss_ratio": 0.52532589,
          "reinserted": 47467411,
          "req": 100000000
        },
        {
          "admission_treshold": 32,
          "algorithm": "fifo",
          "hit": 35153508,
          "inserted": 224220,
          "layer": 1,
          "miss_ratio": 0.33082475718072835,
          "reinserted": 0,
          "req": 52532589
        }
      ],
      "miss_ratio": 0.17379080999999996,
      "req": 100000000
    }
  ],
  "trace": "zipf_1_5.oracleGeneral"
}