{
  "dram_cache_size": 5000,
  "flash_cache_size": 500005,
  "results": [
    {
      "hit": 50092420,
      "iteration": 0,
      "metrics": [
        {
          "admission_treshold": 0,
          "algorithm": "lru",
          "hit": 500336,
          "inserted": 99499664,
          "layer": 0,
          "miss_ratio": 0.99499664,
          "reinserted": 500336,
          "req": 100000000
        },
        {
          "admission_treshold": 0,
          "algorithm": "fifo",
          "hit": 49592084,
          "inserted": 50153994,
          "layer": 1,
          "miss_ratio": 0.5015854123889303,
          "reinserted": 0,
          "req": 99499664
        }
      ],
      "miss_ratio": 0.49907579999999996,
      "req": 100000000
    }
  ],
  "trace": "zipf0.oracleGeneral"
}