{
  "dram_cache_size": 49,
  "flash_cache_size": 4999,
  "results": [
    {
      "hit": 53448674,
      "iteration": 0,
      "metrics": [
        {
          "admission_treshold": 4,
          "algorithm": "lru",
          "hit": 53448674,
          "inserted": 43556654,
          "layer": 0,
          "miss_ratio": 0.46551326000000004,
          "reinserted": 53448674,
          "req": 100000000
        }
      ],
      "miss_ratio": 0.46551326000000004,
      "req": 100000000
    }
  ],
  "trace": "zipf_1_4.oracleGeneral"
}