{
  "cache_size": 249972,
  "results": [
    {
      "hit": 84340472,
      "iteration": 0,
      "metrics": [
        {
          "admission_treshold": 4,
          "algorithm": "lru",
          "hit": 47462370,
          "inserted": 52537630,
          "layer": 0,
          "miss_ratio": 0.5253763,
          "reinserted": 47462370,
          "req": 100000000
        },
        {
          "admission_treshold": 4,
          "algorithm": "fifo",
          "hit": 36878102,
          "inserted": 12762768,
          "layer": 1,
          "miss_ratio": 0.2980630835460222,
          "reinserted": 0,
          "req": 52537630
        }
      ],
      "miss_ratio": 0.15659528,
      "req": 100000000
    }
  ],
  "trace": "zipf_1_11.oracleGeneral"
}