{
  "dram_cache_size": 25000,
  "flash_cache_size": 500005,
  "results": [
    {
      "hit": 50608194,
      "iteration": 0,
      "metrics": [
        {
          "admission_treshold": 0,
          "algorithm": "lru",
          "hit": 2797570,
          "inserted": 97202430,
          "layer": 0,
          "miss_ratio": 0.9720243,
          "reinserted": 2797570,
          "req": 100000000
        },
        {
          "admission_treshold": 8,
          "algorithm": "fifo",
          "hit": 47810624,
          "inserted": 43678411,
          "layer": 1,
          "miss_ratio": 0.5081334489271513,
          "reinserted": 0,
          "req": 97202430
        }
      ],
      "miss_ratio": 0.49391806000000005,
      "req": 100000000
    }
  ],
  "trace": "zipf0.25.oracleGeneral"
}