{
  "cache_size": 399964384,
  "results": [
    {
      "hit": 80184201,
      "iteration": 0,
      "metrics": [
        {
          "admission_treshold": 16,
          "algorithm": "lru",
          "hit": 40312301,
          "inserted": 59687699,
          "layer": 0,
          "miss_ratio": 0.5968769899999999,
          "reinserted": 40312301,
          "req": 100000000
        },
        {
          "admission_treshold": 16,
          "algorithm": "lru",
          "hit": 39871900,
          "inserted": 7780128,
          "layer": 1,
          "miss_ratio": 0.3319913371095107,
          "reinserted": 39860002,
          "req": 59687699
        }
      ],
      "miss_ratio": 0.19815799,
      "req": 100000000
    }
  ],
  "trace": "zipf_1_0.oracleGeneral"
}