{
  "cache_size": 499955,
  "results": [
    {
      "hit": 91051727,
      "iteration": 0,
      "metrics": [
        {
          "admission_treshold": 2,
          "algorithm": "lru",
          "hit": 52947617,
          "inserted": 47052383,
          "layer": 0,
          "miss_ratio": 0.47052383,
          "reinserted": 52947617,
          "req": 100000000
        },
        {
          "admission_treshold": 2,
          "algorithm": "fifo",
          "hit": 38104110,
          "inserted": 8015504,
          "layer": 1,
          "miss_ratio": 0.19017682908855005,
          "reinserted": 0,
          "req": 47052383
        }
      ],
      "miss_ratio": 0.08948272999999995,
      "req": 100000000
    }
  ],
  "trace": "zipf_1_18.oracleGeneral"
}