{
  "dram_cache_size": 1000,
  "flash_cache_size": 10000,
  "results": [
    {
      "hit": 1237725,
      "iteration": 0,
      "metrics": [
        {
          "admission_treshold": 0,
          "algorithm": "lru",
          "hit": 112080,
          "inserted": 99887920,
          "layer": 0,
          "miss_ratio": 0.9988792,
          "reinserted": 112080,
          "req": 100000000
        },
        {
          "admission_treshold": 4,
          "algorithm": "lru",
          "hit": 1125645,
          "inserted": 95871741,
          "layer": 1,
          "miss_ratio": 0.9887309196147042,
          "reinserted": 1018152,
          "req": 99887920
        }
      ],
      "miss_ratio": 0.98762275,
      "req": 100000000
    }
  ],
  "trace": "zipf0.25.oracleGeneral"
}