{
  "dram_cache_size": 4999,
  "flash_cache_size": 499911,
  "results": [
    {
      "hit": 90907893,
      "iteration": 0,
      "metrics": [
        {
          "admission_treshold": 8,
          "algorithm": "offline-clock",
          "hit": 90907893,
          "inserted": 2303649,
          "layer": 0,
          "miss_ratio": 0.09092107000000005,
          "reinserted": 4150757,
          "req": 100000000
        }
      ],
      "miss_ratio": 0.09092107000000005,
      "req": 100000000
    },
    {
      "hit": 91206636,
      "iteration": 1,
      "metrics": [
        {
          "admission_treshold": 8,
          "algorithm": "offline-clock",
          "hit": 91206636,
          "inserted": 2004906,
          "layer": 0,
          "miss_ratio": 0.08793364000000004,
          "reinserted": 2202266,
          "req": 100000000
        }
      ],
      "miss_ratio": 0.08793364000000004,
      "req": 100000000
    }
  ],
  "trace": "zipf_1_4.oracleGeneral"
}