{
  "cache_size": 99991,
  "results": [
    {
      "hit": 79333796,
      "iteration": 0,
      "metrics": [
        {
          "admission_treshold": 32,
          "algorithm": "lru",
          "hit": 40304817,
          "inserted": 59695183,
          "layer": 0,
          "miss_ratio": 0.5969518300000001,
          "reinserted": 40304817,
          "req": 100000000
        },
        {
          "admission_treshold": 32,
          "algorithm": "fifo",
          "hit": 39028979,
          "inserted": 3497006,
          "layer": 1,
          "miss_ratio": 0.3461955045853532,
          "reinserted": 0,
          "req": 59695183
        }
      ],
      "miss_ratio": 0.20666204,
      "req": 100000000
    }
  ],
  "trace": "zipf_1_18.oracleGeneral"
}