{
  "dram_cache_size": 5000,
  "flash_cache_size": 10000,
  "results": [
    {
      "hit": 1679288,
      "iteration": 0,
      "metrics": [
        {
          "admission_treshold": 0,
          "algorithm": "lru",
          "hit": 562279,
          "inserted": 99437721,
          "layer": 0,
          "miss_ratio": 0.99437721,
          "reinserted": 562279,
          "req": 100000000
        },
        {
          "admission_treshold": 4,
          "algorithm": "fifo",
          "hit": 1117009,
          "inserted": 95868137,
          "layer": 1,
          "miss_ratio": 0.9887667477817598,
          "reinserted": 0,
          "req": 99437721
        }
      ],
      "miss_ratio": 0.98320712,
      "req": 100000000
    }
  ],
  "trace": "zipf0.25.oracleGeneral"
}