{
  "dram_cache_size": 4999,
  "flash_cache_size": 99983,
  "results": [
    {
      "hit": 80303048,
      "iteration": 0,
      "metrics": [
        {
<<<<<<< HEAD
          "admission_treshold": 16,
=======
          "admission_treshold": 0,
>>>>>>> 160be2d8 (New results)
          "algorithm": "lru",
          "hit": 52949056,
          "inserted": 47050944,
          "layer": 0,
          "miss_ratio": 0.47050943999999995,
          "reinserted": 52949056,
          "req": 100000000
        },
        {
          "admission_treshold": 16,
          "algorithm": "lru",
          "hit": 27353992,
          "inserted": 7777552,
          "layer": 1,
          "miss_ratio": 0.4186303254616953,
          "reinserted": 27280332,
          "req": 47050944
        }
      ],
      "miss_ratio": 0.19696952,
      "req": 100000000
    }
  ],
  "trace": "zipf_1_2.oracleGeneral"
}