{
  "dram_cache_size": 12499,
  "flash_cache_size": 249983,
  "results": [
    {
      "hit": 86172296,
      "iteration": 0,
      "metrics": [
        {
          "admission_treshold": 0,
          "algorithm": "lru",
          "hit": 60326677,
          "inserted": 39673323,
          "layer": 0,
          "miss_ratio": 0.39673323000000005,
          "reinserted": 60326677,
          "req": 100000000
        },
        {
          "admission_treshold": 16,
          "algorithm": "lru",
          "hit": 25845619,
          "inserted": 1965816,
          "layer": 1,
          "miss_ratio": 0.3485390926290697,
          "reinserted": 25817129,
          "req": 39673323
        }
      ],
      "miss_ratio": 0.13827703999999996,
      "req": 100000000
    }
  ],
  "trace": "zipf_1_1.oracleGeneral"
}