{
  "dram_cache_size": 4999,
  "flash_cache_size": 99993,
  "results": [
    {
      "hit": 80237838,
      "iteration": 0,
      "metrics": [
        {
          "admission_treshold": 32,
          "algorithm": "lru",
          "hit": 52946822,
          "inserted": 47053178,
          "layer": 0,
          "miss_ratio": 0.47053177999999996,
          "reinserted": 52946822,
          "req": 100000000
        },
        {
          "admission_treshold": 32,
          "algorithm": "lru",
          "hit": 27291016,
          "inserted": 2704108,
          "layer": 1,
          "miss_ratio": 0.4199963284095285,
          "reinserted": 27262989,
          "req": 47053178
        }
      ],
      "miss_ratio": 0.19762162000000005,
      "req": 100000000
    }
  ],
  "trace": "zipf_1_1.oracleGeneral"
}