{
  "dram_cache_size": 124977,
  "flash_cache_size": 249955,
  "results": [
    {
      "hit": 88776052,
      "iteration": 0,
      "metrics": [
        {
          "admission_treshold": 0,
          "algorithm": "lru",
          "hit": 79891932,
          "inserted": 20108068,
          "layer": 0,
          "miss_ratio": 0.20108068,
          "reinserted": 79891932,
          "req": 100000000
        },
        {
          "admission_treshold": 4,
          "algorithm": "lru",
          "hit": 8884120,
          "inserted": 10708865,
          "layer": 1,
          "miss_ratio": 0.5581813230390906,
          "reinserted": 6654841,
          "req": 20108068
        }
      ],
      "miss_ratio": 0.11223947999999995,
      "req": 100000000
    }
  ],
  "trace": "zipf_1_4.oracleGeneral"
}