{
  "dram_cache_size": 1249,
  "flash_cache_size": 4999,
  "results": [
    {
      "hit": 55440793,
      "iteration": 0,
      "metrics": [
        {
          "admission_treshold": 0,
          "algorithm": "lru",
          "hit": 42036169,
          "inserted": 57963831,
          "layer": 0,
          "miss_ratio": 0.57963831,
          "reinserted": 42036169,
          "req": 100000000
        },
        {
          "admission_treshold": 32,
          "algorithm": "fifo",
          "hit": 13404624,
          "inserted": 29207006,
          "layer": 1,
          "miss_ratio": 0.768741579555016,
          "reinserted": 0,
          "req": 57963831
        }
      ],
      "miss_ratio": 0.44559207,
      "req": 100000000
    }
  ],
  "trace": "zipf_1_1.oracleGeneral"
}