{
  "dram_cache_size": 4999,
  "flash_cache_size": 9999,
  "results": [
    {
      "hit": 61613496,
      "iteration": 0,
      "metrics": [
        {
          "admission_treshold": 0,
          "algorithm": "lru",
          "hit": 52944228,
          "inserted": 47055772,
          "layer": 0,
          "miss_ratio": 0.47055771999999996,
          "reinserted": 52944228,
          "req": 100000000
        },
        {
          "admission_treshold": 1,
          "algorithm": "offline-clock",
          "hit": 8669268,
          "inserted": 41786723,
          "layer": 1,
          "miss_ratio": 0.8157661083532961,
          "reinserted": 5055434,
          "req": 47055772
        }
      ],
      "miss_ratio": 0.38386504,
      "req": 100000000
    },
    {
      "hit": 61177586,
      "iteration": 1,
      "metrics": [
        {
          "admission_treshold": 0,
          "algorithm": "lru",
          "hit": 52944228,
          "inserted": 47055772,
          "layer": 0,
          "miss_ratio": 0.47055771999999996,
          "reinserted": 52944228,
          "req": 100000000
        },
        {
          "admission_treshold": 1,
          "algorithm": "offline-clock",
          "hit": 8233358,
          "inserted": 41909682,
          "layer": 1,
          "miss_ratio": 0.8250297965571578,
          "reinserted": 1978145,
          "req": 47055772
        }
      ],
      "miss_ratio": 0.38822414000000005,
      "req": 100000000
    }
  ],
  "trace": "zipf_1_0.oracleGeneral"
}