{
  "cache_size": 19996460,
  "results": [
    {
      "hit": 55138227,
      "iteration": 0,
      "metrics": [
        {
          "admission_treshold": 16,
          "algorithm": "lru",
          "hit": 17355323,
          "inserted": 82644677,
          "layer": 0,
          "miss_ratio": 0.82644677,
          "reinserted": 17355323,
          "req": 100000000
        },
        {
          "admission_treshold": 16,
          "algorithm": "lru",
          "hit": 37782904,
          "inserted": 32829261,
          "layer": 1,
          "miss_ratio": 0.542827132109186,
          "reinserted": 37753521,
          "req": 82644677
        }
      ],
      "miss_ratio": 0.44861773000000005,
      "req": 100000000
    }
  ],
  "trace": "zipf_1_4.oracleGeneral"
}