{
  "dram_cache_size": 49991,
  "flash_cache_size": 499911,
  "results": [
    {
      "hit": 83868178,
      "iteration": 0,
      "metrics": [
        {
          "admission_treshold": 32,
          "algorithm": "lru",
          "hit": 71867511,
          "inserted": 28132489,
          "layer": 0,
          "miss_ratio": 0.28132489000000005,
          "reinserted": 71867511,
          "req": 100000000
        },
        {
          "admission_treshold": 32,
          "algorithm": "offline-clock",
          "hit": 12000667,
          "inserted": 223059,
          "layer": 1,
          "miss_ratio": 0.5734232047509198,
          "reinserted": 0,
          "req": 28132489
        }
      ],
      "miss_ratio": 0.16131821999999996,
      "req": 100000000
    },
    {
      "hit": 83868178,
      "iteration": 1,
      "metrics": [
        {
          "admission_treshold": 32,
          "algorithm": "lru",
          "hit": 71867511,
          "inserted": 28132489,
          "layer": 0,
          "miss_ratio": 0.28132489000000005,
          "reinserted": 71867511,
          "req": 100000000
        },
        {
          "admission_treshold": 32,
          "algorithm": "offline-clock",
          "hit": 12000667,
          "inserted": 223059,
          "layer": 1,
          "miss_ratio": 0.5734232047509198,
          "reinserted": 0,
          "req": 28132489
        }
      ],
      "miss_ratio": 0.16131821999999996,
      "req": 100000000
    }
  ],
  "trace": "zipf_1_4.oracleGeneral"
}