{
  "dram_cache_size": 50,
  "flash_cache_size": 5000,
  "results": [
    {
      "hit": 670573,
      "iteration": 0,
      "metrics": [
        {
          "admission_treshold": 0,
          "algorithm": "lru",
          "hit": 5604,
          "inserted": 99994396,
          "layer": 0,
          "miss_ratio": 0.99994396,
          "reinserted": 5604,
          "req": 100000000
        },
        {
          "admission_treshold": 32,
          "algorithm": "lru",
          "hit": 664969,
          "inserted": 68334804,
          "layer": 1,
          "miss_ratio": 0.993349937330488,
          "reinserted": 661023,
          "req": 99994396
        }
      ],
      "miss_ratio": 0.99329427,
      "req": 100000000
    }
  ],
  "trace": "zipf0.25.oracleGeneral"
}