{
  "cache_size": 9998,
  "results": [
    {
      "hit": 55225457,
      "iteration": 0,
      "metrics": [
        {
          "admission_treshold": 0,
          "algorithm": "lru",
          "hit": 22639416,
          "inserted": 77360584,
          "layer": 0,
          "miss_ratio": 0.77360584,
          "reinserted": 22639416,
          "req": 100000000
        },
        {
          "admission_treshold": 0,
          "algorithm": "fifo",
          "hit": 32586041,
          "inserted": 44975647,
          "layer": 1,
          "miss_ratio": 0.5787772103685256,
          "reinserted": 0,
          "req": 77360584
        }
      ],
      "miss_ratio": 0.44774543,
      "req": 100000000
    }
  ],
  "trace": "zipf_1_2.oracleGeneral"
}