{
  "cache_size": 99996,
  "results": [
    {
      "hit": 78633123,
      "iteration": 0,
      "metrics": [
        {
          "admission_treshold": 1,
          "algorithm": "lru",
          "hit": 40295096,
          "inserted": 59704904,
          "layer": 0,
          "miss_ratio": 0.5970490399999999,
          "reinserted": 40295096,
          "req": 100000000
        },
        {
          "admission_treshold": 1,
          "algorithm": "offline-clock",
          "hit": 38338027,
          "inserted": 21391538,
          "layer": 1,
          "miss_ratio": 0.3578747400716028,
          "reinserted": 10250746,
          "req": 59704904
        }
      ],
      "miss_ratio": 0.21366876999999995,
      "req": 100000000
    },
    {
      "hit": 79017759,
      "iteration": 1,
      "metrics": [
        {
          "admission_treshold": 1,
          "algorithm": "lru",
          "hit": 40295096,
          "inserted": 59704904,
          "layer": 0,
          "miss_ratio": 0.5970490399999999,
          "reinserted": 40295096,
          "req": 100000000
        },
        {
          "admission_treshold": 1,
          "algorithm": "offline-clock",
          "hit": 38722663,
          "inserted": 21002890,
          "layer": 1,
          "miss_ratio": 0.3514324551966451,
          "reinserted": 5840632,
          "req": 59704904
        }
      ],
      "miss_ratio": 0.20982241000000001,
      "req": 100000000
    }
  ],
  "trace": "zipf_1_6.oracleGeneral"
}