{
  "cache_size": 249958,
  "results": [
    {
      "hit": 86278796,
      "iteration": 0,
      "metrics": [
        {
          "admission_treshold": 0,
          "algorithm": "lru",
          "hit": 47457959,
          "inserted": 52542041,
          "layer": 0,
          "miss_ratio": 0.52542041,
          "reinserted": 47457959,
          "req": 100000000
        },
        {
          "admission_treshold": 0,
          "algorithm": "lru",
          "hit": 38820837,
          "inserted": 13742676,
          "layer": 1,
          "miss_ratio": 0.2611471450071763,
          "reinserted": 38796866,
          "req": 52542041
        }
      ],
      "miss_ratio": 0.13721203999999998,
      "req": 100000000
    }
  ],
  "trace": "zipf_1_19.oracleGeneral"
}