{
  "cache_size": 39996000,
  "results": [
    {
      "hit": 60957660,
      "iteration": 0,
      "metrics": [
        {
          "admission_treshold": 16,
          "algorithm": "lru",
          "hit": 22650717,
          "inserted": 77349283,
          "layer": 0,
          "miss_ratio": 0.77349283,
          "reinserted": 22650717,
          "req": 100000000
        },
        {
          "admission_treshold": 16,
          "algorithm": "lru",
          "hit": 38306943,
          "inserted": 27012346,
          "layer": 1,
          "miss_ratio": 0.5047537415440555,
          "reinserted": 38278601,
          "req": 77349283
        }
      ],
      "miss_ratio": 0.3904234,
      "req": 100000000
    }
  ],
  "trace": "zipf_1_10.oracleGeneral"
}