{
  "dram_cache_size": 1000,
  "flash_cache_size": 100001,
  "results": [
    {
      "hit": 10846815,
      "iteration": 0,
      "metrics": [
        {
          "admission_treshold": 0,
          "algorithm": "lru",
          "hit": 112080,
          "inserted": 99887920,
          "layer": 0,
          "miss_ratio": 0.9988792,
          "reinserted": 112080,
          "req": 100000000
        },
        {
          "admission_treshold": 8,
          "algorithm": "fifo",
          "hit": 10734735,
          "inserted": 82249357,
          "layer": 1,
          "miss_ratio": 0.8925322000898607,
          "reinserted": 0,
          "req": 99887920
        }
      ],
      "miss_ratio": 0.89153185,
      "req": 100000000
    }
  ],
  "trace": "zipf0.25.oracleGeneral"
}