{
  "dram_cache_size": 2499,
  "flash_cache_size": 9998,
  "results": [
    {
      "hit": 60958097,
      "iteration": 0,
      "metrics": [
        {
          "admission_treshold": 0,
          "algorithm": "lru",
          "hit": 47456816,
          "inserted": 52543184,
          "layer": 0,
          "miss_ratio": 0.52543184,
          "reinserted": 47456816,
          "req": 100000000
        },
        {
          "admission_treshold": 4,
          "algorithm": "offline-clock",
          "hit": 13501281,
          "inserted": 37297548,
          "layer": 1,
          "miss_ratio": 0.7430441025423964,
          "reinserted": 8818262,
          "req": 52543184
        }
      ],
      "miss_ratio": 0.39041903,
      "req": 100000000
    },
    {
      "hit": 60786805,
      "iteration": 1,
      "metrics": [
        {
          "admission_treshold": 0,
          "algorithm": "lru",
          "hit": 47456816,
          "inserted": 52543184,
          "layer": 0,
          "miss_ratio": 0.52543184,
          "reinserted": 47456816,
          "req": 100000000
        },
        {
          "admission_treshold": 4,
          "algorithm": "offline-clock",
          "hit": 13329989,
          "inserted": 37340706,
          "layer": 1,
          "miss_ratio": 0.7463041257644378,
          "reinserted": 4816712,
          "req": 52543184
        }
      ],
      "miss_ratio": 0.39213195,
      "req": 100000000
    }
  ],
  "trace": "zipf_1_3.oracleGeneral"
}