{
  "cache_size": 4999,
  "results": [
    {
      "hit": 49763895,
      "iteration": 0,
      "metrics": [
        {
          "admission_treshold": 2,
          "algorithm": "lru",
          "hit": 17358951,
          "inserted": 82641049,
          "layer": 0,
          "miss_ratio": 0.82641049,
          "reinserted": 17358951,
          "req": 100000000
        },
        {
          "admission_treshold": 2,
          "algorithm": "fifo",
          "hit": 32404944,
          "inserted": 49440628,
          "layer": 1,
          "miss_ratio": 0.6078831961583644,
          "reinserted": 0,
          "req": 82641049
        }
      ],
      "miss_ratio": 0.50236105,
      "req": 100000000
    }
  ],
  "trace": "zipf_1_6.oracleGeneral"
}