{
  "dram_cache_size": 999,
  "flash_cache_size": 9998,
  "results": [
    {
      "hit": 61293996,
      "iteration": 0,
      "metrics": [
        {
          "admission_treshold": 0,
          "algorithm": "lru",
          "hit": 40298607,
          "inserted": 59701393,
          "layer": 0,
          "miss_ratio": 0.59701393,
          "reinserted": 40298607,
          "req": 100000000
        },
        {
          "admission_treshold": 16,
          "algorithm": "lru",
          "hit": 20995389,
          "inserted": 27026842,
          "layer": 1,
          "miss_ratio": 0.6483266479226037,
          "reinserted": 20628305,
          "req": 59701393
        }
      ],
      "miss_ratio": 0.38706004000000005,
      "req": 100000000
    }
  ],
  "trace": "zipf_1_3.oracleGeneral"
}