{
  "dram_cache_size": 1000,
  "flash_cache_size": 10000,
  "results": [
    {
      "hit": 1235567,
      "iteration": 0,
      "metrics": [
        {
          "admission_treshold": 0,
          "algorithm": "lru",
          "hit": 112080,
          "inserted": 99887920,
          "layer": 0,
          "miss_ratio": 0.9988792,
          "reinserted": 112080,
          "req": 100000000
        },
        {
          "admission_treshold": 4,
          "algorithm": "fifo",
          "hit": 1123487,
          "inserted": 95873960,
          "layer": 1,
          "miss_ratio": 0.9887525238287073,
          "reinserted": 0,
          "req": 99887920
        }
      ],
      "miss_ratio": 0.98764433,
      "req": 100000000
    }
  ],
  "trace": "zipf0.25.oracleGeneral"
}