{
  "cache_size": 9999,
  "results": [
    {
      "hit": 59114702,
      "iteration": 0,
      "metrics": [
        {
          "admission_treshold": 4,
          "algorithm": "lru",
          "hit": 22649781,
          "inserted": 77350219,
          "layer": 0,
          "miss_ratio": 0.77350219,
          "reinserted": 22649781,
          "req": 100000000
        },
        {
          "admission_treshold": 4,
          "algorithm": "lru",
          "hit": 36464921,
          "inserted": 37928382,
          "layer": 1,
          "miss_ratio": 0.5285737846456517,
          "reinserted": 36427575,
          "req": 77350219
        }
      ],
      "miss_ratio": 0.40885298000000003,
      "req": 100000000
    }
  ],
  "trace": "zipf_1_0.oracleGeneral"
}