{
  "dram_cache_size": 125001,
  "flash_cache_size": 250002,
  "results": [
    {
      "hit": 37325090,
      "iteration": 0,
      "metrics": [
        {
          "admission_treshold": 0,
          "algorithm": "lru",
          "hit": 13784746,
          "inserted": 86215254,
          "layer": 0,
          "miss_ratio": 0.86215254,
          "reinserted": 13784746,
          "req": 100000000
        },
        {
          "admission_treshold": 0,
          "algorithm": "lru",
          "hit": 23540344,
          "inserted": 72886811,
          "layer": 1,
          "miss_ratio": 0.7269584799924153,
          "reinserted": 13203442,
          "req": 86215254
        }
      ],
      "miss_ratio": 0.6267491000000001,
      "req": 100000000
    }
  ],
  "trace": "zipf0.25.oracleGeneral"
}