{
  "dram_cache_size": 2499,
  "flash_cache_size": 9998,
  "results": [
    {
      "hit": 59387809,
      "iteration": 0,
      "metrics": [
        {
          "admission_treshold": 0,
          "algorithm": "lru",
          "hit": 47460640,
          "inserted": 52539360,
          "layer": 0,
          "miss_ratio": 0.5253936,
          "reinserted": 47460640,
          "req": 100000000
        },
        {
          "admission_treshold": 8,
          "algorithm": "fifo",
          "hit": 11927169,
          "inserted": 36049341,
          "layer": 1,
          "miss_ratio": 0.7729860241921485,
          "reinserted": 0,
          "req": 52539360
        }
      ],
      "miss_ratio": 0.40612191,
      "req": 100000000
    }
  ],
  "trace": "zipf_1_2.oracleGeneral"
}