{
  "dram_cache_size": 500,
  "flash_cache_size": 5000,
  "results": [
    {
      "hit": 13758017,
      "iteration": 0,
      "metrics": [
        {
          "admission_treshold": 0,
          "algorithm": "lru",
          "hit": 4278022,
          "inserted": 95721978,
          "layer": 0,
          "miss_ratio": 0.95721978,
          "reinserted": 4278022,
          "req": 100000000
        },
        {
          "admission_treshold": 8,
          "algorithm": "lru",
          "hit": 9479995,
          "inserted": 79704299,
          "layer": 1,
          "miss_ratio": 0.9009632354233215,
          "reinserted": 9020677,
          "req": 95721978
        }
      ],
      "miss_ratio": 0.86241983,
      "req": 100000000
    }
  ],
  "trace": "zipf0.75.oracleGeneral"
}