{
  "dram_cache_size": 2500,
  "flash_cache_size": 5000,
  "results": [
    {
      "hit": 2197946,
      "iteration": 0,
      "metrics": [
        {
          "admission_treshold": 0,
          "algorithm": "lru",
          "hit": 822760,
          "inserted": 99177240,
          "layer": 0,
          "miss_ratio": 0.9917724,
          "reinserted": 822760,
          "req": 100000000
        },
        {
          "admission_treshold": 0,
          "algorithm": "lru",
          "hit": 1375186,
          "inserted": 98487017,
          "layer": 1,
          "miss_ratio": 0.9861340565637842,
          "reinserted": 687723,
          "req": 99177240
        }
      ],
      "miss_ratio": 0.97802054,
      "req": 100000000
    }
  ],
  "trace": "zipf0.5.oracleGeneral"
}