{
  "cache_size": 1999865984,
  "results": [
    {
      "hit": 87550282,
      "iteration": 0,
      "metrics": [
        {
          "admission_treshold": 16,
          "algorithm": "lru",
          "hit": 52954153,
          "inserted": 47045847,
          "layer": 0,
          "miss_ratio": 0.47045846999999996,
          "reinserted": 52954153,
          "req": 100000000
        },
        {
          "admission_treshold": 16,
          "algorithm": "fifo",
          "hit": 34596129,
          "inserted": 463105,
          "layer": 1,
          "miss_ratio": 0.26462947940973414,
          "reinserted": 0,
          "req": 47045847
        }
      ],
      "miss_ratio": 0.12449717999999999,
      "req": 100000000
    }
  ],
  "trace": "zipf_1_5.oracleGeneral"
}