{
  "cache_size": 999833984,
  "results": [
    {
      "hit": 86750466,
      "iteration": 0,
      "metrics": [
        {
          "admission_treshold": 1,
          "algorithm": "lru",
          "hit": 47457959,
          "inserted": 52542041,
          "layer": 0,
          "miss_ratio": 0.52542041,
          "reinserted": 47457959,
          "req": 100000000
        },
        {
          "admission_treshold": 1,
          "algorithm": "offline-clock",
          "hit": 39292507,
          "inserted": 13267751,
          "layer": 1,
          "miss_ratio": 0.25217014314308805,
          "reinserted": 9825046,
          "req": 52542041
        }
      ],
      "miss_ratio": 0.13249533999999996,
      "req": 100000000
    },
    {
      "hit": 87338873,
      "iteration": 1,
      "metrics": [
        {
          "admission_treshold": 1,
          "algorithm": "lru",
          "hit": 47457959,
          "inserted": 52542041,
          "layer": 0,
          "miss_ratio": 0.52542041,
          "reinserted": 47457959,
          "req": 100000000
        },
        {
          "admission_treshold": 1,
          "algorithm": "offline-clock",
          "hit": 39880914,
          "inserted": 12675806,
          "layer": 1,
          "miss_ratio": 0.2409713585355392,
          "reinserted": 5570922,
          "req": 52542041
        }
      ],
      "miss_ratio": 0.12661127000000005,
      "req": 100000000
    }
  ],
  "trace": "zipf_1_19.oracleGeneral"
}