{
  "dram_cache_size": 9999,
  "flash_cache_size": 99993,
  "results": [
    {
      "hit": 78959828,
      "iteration": 0,
      "metrics": [
        {
          "admission_treshold": 0,
          "algorithm": "lru",
          "hit": 58516114,
          "inserted": 41483886,
          "layer": 0,
          "miss_ratio": 0.41483886000000003,
          "reinserted": 58516114,
          "req": 100000000
        },
        {
          "admission_treshold": 0,
          "algorithm": "offline-clock",
          "hit": 20443714,
          "inserted": 21392018,
          "layer": 1,
          "miss_ratio": 0.5071890323871779,
          "reinserted": 9896635,
          "req": 41483886
        }
      ],
      "miss_ratio": 0.21040172000000001,
      "req": 100000000
    },
    {
      "hit": 79226396,
      "iteration": 1,
      "metrics": [
        {
          "admission_treshold": 0,
          "algorithm": "lru",
          "hit": 58516114,
          "inserted": 41483886,
          "layer": 0,
          "miss_ratio": 0.41483886000000003,
          "reinserted": 58516114,
          "req": 100000000
        },
        {
          "admission_treshold": 0,
          "algorithm": "offline-clock",
          "hit": 20710282,
          "inserted": 21075257,
          "layer": 1,
          "miss_ratio": 0.5007632120095982,
          "reinserted": 5622930,
          "req": 41483886
        }
      ],
      "miss_ratio": 0.20773604,
      "req": 100000000
    }
  ],
  "trace": "zipf_1_1.oracleGeneral"
}