{
  "dram_cache_size": 999,
  "flash_cache_size": 99983,
  "results": [
    {
      "hit": 75709601,
      "iteration": 0,
      "metrics": [
        {
          "admission_treshold": 4,
          "algorithm": "fifo",
          "hit": 75709601,
          "inserted": 21295820,
          "layer": 0,
          "miss_ratio": 0.24290398999999996,
          "reinserted": 0,
          "req": 100000000
        }
      ],
      "miss_ratio": 0.24290398999999996,
      "req": 100000000
    }
  ],
  "trace": "zipf_1_3.oracleGeneral"
}