{
  "dram_cache_size": 9998,
  "flash_cache_size": 99983,
  "results": [
    {
      "hit": 76373429,
      "iteration": 0,
      "metrics": [
        {
          "admission_treshold": 2,
          "algorithm": "lru",
          "hit": 58510567,
          "inserted": 41489433,
          "layer": 0,
          "miss_ratio": 0.41489433,
          "reinserted": 58510567,
          "req": 100000000
        },
        {
          "admission_treshold": 2,
          "algorithm": "fifo",
          "hit": 17862862,
          "inserted": 23717634,
          "layer": 1,
          "miss_ratio": 0.5694599634562372,
          "reinserted": 0,
          "req": 41489433
        }
      ],
      "miss_ratio": 0.23626570999999996,
      "req": 100000000
    }
  ],
  "trace": "zipf_1_3.oracleGeneral"
}