{
  "dram_cache_size": 249958,
  "flash_cache_size": 499917,
  "results": [
    {
      "hit": 94485353,
      "iteration": 0,
      "metrics": [
        {
          "admission_treshold": 0,
          "algorithm": "lru",
          "hit": 86257138,
          "inserted": 13742862,
          "layer": 0,
          "miss_ratio": 0.13742862,
          "reinserted": 86257138,
          "req": 100000000
        },
        {
          "admission_treshold": 0,
          "algorithm": "fifo",
          "hit": 8228215,
          "inserted": 7258023,
          "layer": 1,
          "miss_ratio": 0.40127354840643814,
          "reinserted": 0,
          "req": 13742862
        }
      ],
      "miss_ratio": 0.05514646999999995,
      "req": 100000000
    }
  ],
  "trace": "zipf_1_2.oracleGeneral"
}