{
  "cache_size": 4999,
  "results": [
    {
      "hit": 50894482,
      "iteration": 0,
      "metrics": [
        {
          "admission_treshold": 8,
          "algorithm": "lru",
          "hit": 17360811,
          "inserted": 82639189,
          "layer": 0,
          "miss_ratio": 0.82639189,
          "reinserted": 17360811,
          "req": 100000000
        },
        {
          "admission_treshold": 8,
          "algorithm": "fifo",
          "hit": 33533671,
          "inserted": 42497664,
          "layer": 1,
          "miss_ratio": 0.5942158749888022,
          "reinserted": 0,
          "req": 82639189
        }
      ],
      "miss_ratio": 0.49105518000000004,
      "req": 100000000
    }
  ],
  "trace": "zipf_1_1.oracleGeneral"
}