{
  "dram_cache_size": 2499,
  "flash_cache_size": 9998,
  "results": [
    {
      "hit": 60992462,
      "iteration": 0,
      "metrics": [
        {
<<<<<<< HEAD
          "admission_treshold": 8,
=======
          "admission_treshold": 0,
>>>>>>> 160be2d8 (New results)
          "algorithm": "lru",
          "hit": 47457005,
          "inserted": 52542995,
          "layer": 0,
          "miss_ratio": 0.5254299499999999,
          "reinserted": 47457005,
          "req": 100000000
        },
        {
          "admission_treshold": 8,
          "algorithm": "lru",
          "hit": 13535457,
          "inserted": 33628093,
          "layer": 1,
          "miss_ratio": 0.7423927395079021,
          "reinserted": 12141178,
          "req": 52542995
        }
      ],
      "miss_ratio": 0.39007537999999997,
      "req": 100000000
    }
  ],
  "trace": "zipf_1_4.oracleGeneral"
}