{
  "cache_size": 39997760,
  "results": [
    {
      "hit": 60958336,
      "iteration": 0,
      "metrics": [
        {
          "admission_treshold": 16,
          "algorithm": "lru",
          "hit": 22642847,
          "inserted": 77357153,
          "layer": 0,
          "miss_ratio": 0.77357153,
          "reinserted": 22642847,
          "req": 100000000
        },
        {
          "admission_treshold": 16,
          "algorithm": "lru",
          "hit": 38315489,
          "inserted": 27011126,
          "layer": 1,
          "miss_ratio": 0.5046936512774713,
          "reinserted": 38287281,
          "req": 77357153
        }
      ],
      "miss_ratio": 0.39041664,
      "req": 100000000
    }
  ],
  "trace": "zipf_1_13.oracleGeneral"
}