{
  "dram_cache_size": 124977,
  "flash_cache_size": 499911,
  "results": [
    {
      "hit": 93544860,
      "iteration": 0,
      "metrics": [
        {
          "admission_treshold": 0,
          "algorithm": "lru",
          "hit": 79891932,
          "inserted": 20108068,
          "layer": 0,
          "miss_ratio": 0.20108068,
          "reinserted": 79891932,
          "req": 100000000
        },
        {
          "admission_treshold": 2,
          "algorithm": "offline-clock",
          "hit": 13652928,
          "inserted": 6074942,
          "layer": 1,
          "miss_ratio": 0.32102238763067636,
          "reinserted": 7389394,
          "req": 20108068
        }
      ],
      "miss_ratio": 0.06455140000000004,
      "req": 100000000
    },
    {
      "hit": 93949013,
      "iteration": 1,
      "metrics": [
        {
          "admission_treshold": 0,
          "algorithm": "lru",
          "hit": 79891932,
          "inserted": 20108068,
          "layer": 0,
          "miss_ratio": 0.20108068,
          "reinserted": 79891932,
          "req": 100000000
        },
        {
          "admission_treshold": 2,
          "algorithm": "offline-clock",
          "hit": 14057081,
          "inserted": 5529247,
          "layer": 1,
          "miss_ratio": 0.3009233408202121,
          "reinserted": 4183881,
          "req": 20108068
        }
      ],
      "miss_ratio": 0.060509869999999966,
      "req": 100000000
    }
  ],
  "trace": "zipf_1_4.oracleGeneral"
}