{
  "dram_cache_size": 124988,
  "flash_cache_size": 499955,
  "results": [
    {
      "hit": 93616327,
      "iteration": 0,
      "metrics": [
        {
<<<<<<< HEAD
          "admission_treshold": 1,
=======
          "admission_treshold": 0,
>>>>>>> 160be2d8 (New results)
          "algorithm": "lru",
          "hit": 79906646,
          "inserted": 20093354,
          "layer": 0,
          "miss_ratio": 0.20093353999999997,
          "reinserted": 79906646,
          "req": 100000000
        },
        {
          "admission_treshold": 1,
          "algorithm": "lru",
          "hit": 13709681,
          "inserted": 7022776,
          "layer": 1,
          "miss_ratio": 0.31770071835692537,
          "reinserted": 12945590,
          "req": 20093354
        }
      ],
      "miss_ratio": 0.06383673000000001,
      "req": 100000000
    }
  ],
  "trace": "zipf_1_0.oracleGeneral"
}