{
  "cache_size": 999811968,
  "results": [
    {
      "hit": 85403665,
      "iteration": 0,
      "metrics": [
        {
          "admission_treshold": 16,
          "algorithm": "lru",
          "hit": 47460577,
          "inserted": 52539423,
          "layer": 0,
          "miss_ratio": 0.5253942300000001,
          "reinserted": 47460577,
          "req": 100000000
        },
        {
          "admission_treshold": 16,
          "algorithm": "fifo",
          "hit": 37943088,
          "inserted": 2589676,
          "layer": 1,
          "miss_ratio": 0.2778168119585174,
          "reinserted": 0,
          "req": 52539423
        }
      ],
      "miss_ratio": 0.14596335000000005,
      "req": 100000000
    }
  ],
  "trace": "zipf_1_9.oracleGeneral"
}