{
  "dram_cache_size": 25000,
  "flash_cache_size": 250002,
  "results": [
    {
      "hit": 25734648,
      "iteration": 0,
      "metrics": [
        {
          "admission_treshold": 0,
          "algorithm": "lru",
          "hit": 2502719,
          "inserted": 97497281,
          "layer": 0,
          "miss_ratio": 0.97497281,
          "reinserted": 2502719,
          "req": 100000000
        },
        {
          "admission_treshold": 8,
          "algorithm": "offline-clock",
          "hit": 23231929,
          "inserted": 69165626,
          "layer": 1,
          "miss_ratio": 0.76171716009188,
          "reinserted": 19324249,
          "req": 97497281
        }
      ],
      "miss_ratio": 0.74265352,
      "req": 100000000
    },
    {
      "hit": 28295540,
      "iteration": 1,
      "metrics": [
        {
          "admission_treshold": 0,
          "algorithm": "lru",
          "hit": 2502719,
          "inserted": 97497281,
          "layer": 0,
          "miss_ratio": 0.97497281,
          "reinserted": 2502719,
          "req": 100000000
        },
        {
          "admission_treshold": 8,
          "algorithm": "offline-clock",
          "hit": 25792821,
          "inserted": 66513114,
          "layer": 1,
          "miss_ratio": 0.7354508686247363,
          "reinserted": 6258388,
          "req": 97497281
        }
      ],
      "miss_ratio": 0.7170445999999999,
      "req": 100000000
    }
  ],
  "trace": "zipf0.oracleGeneral"
}