{
  "dram_cache_size": 250,
  "flash_cache_size": 5000,
  "results": [
    {
      "hit": 525165,
      "iteration": 0,
      "metrics": [
        {
          "admission_treshold": 0,
          "algorithm": "lru",
          "hit": 25018,
          "inserted": 99974982,
          "layer": 0,
          "miss_ratio": 0.99974982,
          "reinserted": 25018,
          "req": 100000000
        },
        {
          "admission_treshold": 1,
          "algorithm": "lru",
          "hit": 500147,
          "inserted": 99499414,
          "layer": 1,
          "miss_ratio": 0.9949972784191149,
          "reinserted": 475318,
          "req": 99974982
        }
      ],
      "miss_ratio": 0.99474835,
      "req": 100000000
    }
  ],
  "trace": "zipf0.oracleGeneral"
}