{
  "dram_cache_size": 2500,
  "flash_cache_size": 10000,
  "results": [
    {
      "hit": 3483610,
      "iteration": 0,
      "metrics": [
        {
          "admission_treshold": 0,
          "algorithm": "lru",
          "hit": 822760,
          "inserted": 99177240,
          "layer": 0,
          "miss_ratio": 0.9917724,
          "reinserted": 822760,
          "req": 100000000
        },
        {
          "admission_treshold": 0,
          "algorithm": "offline-clock",
          "hit": 2660850,
          "inserted": 97093821,
          "layer": 1,
          "miss_ratio": 0.9731707597428604,
          "reinserted": 1972712,
          "req": 99177240
        }
      ],
      "miss_ratio": 0.9651639,
      "req": 100000000
    },
    {
      "hit": 3455690,
      "iteration": 1,
      "metrics": [
        {
          "admission_treshold": 0,
          "algorithm": "lru",
          "hit": 822760,
          "inserted": 99177240,
          "layer": 0,
          "miss_ratio": 0.9917724,
          "reinserted": 822760,
          "req": 100000000
        },
        {
          "admission_treshold": 0,
          "algorithm": "offline-clock",
          "hit": 2632930,
          "inserted": 97100195,
          "layer": 1,
          "miss_ratio": 0.9734522759455698,
          "reinserted": 327688,
          "req": 99177240
        }
      ],
      "miss_ratio": 0.9654431,
      "req": 100000000
    }
  ],
  "trace": "zipf0.5.oracleGeneral"
}