{
  "dram_cache_size": 12498,
  "flash_cache_size": 249977,
  "results": [
    {
      "hit": 85365920,
      "iteration": 0,
      "metrics": [
        {
<<<<<<< HEAD
          "admission_treshold": 8,
=======
          "admission_treshold": 0,
>>>>>>> 160be2d8 (New results)
          "algorithm": "lru",
          "hit": 60324050,
          "inserted": 39675950,
          "layer": 0,
          "miss_ratio": 0.39675950000000004,
          "reinserted": 60324050,
          "req": 100000000
        },
        {
          "admission_treshold": 8,
          "algorithm": "fifo",
          "hit": 25041870,
          "inserted": 8195243,
          "layer": 1,
          "miss_ratio": 0.36884006558129045,
          "reinserted": 0,
          "req": 39675950
        }
      ],
      "miss_ratio": 0.14634080000000005,
      "req": 100000000
    }
  ],
  "trace": "zipf_1_0.oracleGeneral"
}