{
  "dram_cache_size": 2500,
  "flash_cache_size": 5000,
  "results": [
    {
      "hit": 14500000,
      "iteration": 0,
      "metrics": [
        {
          "admission_treshold": 0,
          "algorithm": "lru",
          "hit": 9443820,
          "inserted": 90556180,
          "layer": 0,
          "miss_ratio": 0.9055618,
          "reinserted": 9443820,
          "req": 100000000
        },
        {
          "admission_treshold": 1,
          "algorithm": "fifo",
          "hit": 5056180,
          "inserted": 88124507,
          "layer": 1,
          "miss_ratio": 0.9441652684554495,
          "reinserted": 0,
          "req": 90556180
        }
      ],
      "miss_ratio": 0.855,
      "req": 100000000
    }
  ],
  "trace": "zipf0.75.oracleGeneral"
}