{
  "dram_cache_size": 25000,
  "flash_cache_size": 500005,
  "results": [
    {
      "hit": 41238484,
      "iteration": 0,
      "metrics": [
        {
          "admission_treshold": 0,
          "algorithm": "lru",
          "hit": 2797570,
          "inserted": 97202430,
          "layer": 0,
          "miss_ratio": 0.9720243,
          "reinserted": 2797570,
          "req": 100000000
        },
        {
          "admission_treshold": 32,
          "algorithm": "fifo",
          "hit": 38440914,
          "inserted": 29275321,
          "layer": 1,
          "miss_ratio": 0.6045272324981998,
          "reinserted": 0,
          "req": 97202430
        }
      ],
      "miss_ratio": 0.58761516,
      "req": 100000000
    }
  ],
  "trace": "zipf0.25.oracleGeneral"
}