{
  "dram_cache_size": 62494,
  "flash_cache_size": 249977,
  "results": [
    {
      "hit": 87064179,
      "iteration": 0,
      "metrics": [
        {
          "admission_treshold": 0,
          "algorithm": "lru",
          "hit": 73802340,
          "inserted": 26197660,
          "layer": 0,
          "miss_ratio": 0.2619766,
          "reinserted": 73802340,
          "req": 100000000
        },
        {
          "admission_treshold": 16,
          "algorithm": "offline-clock",
          "hit": 13261839,
          "inserted": 1873177,
          "layer": 1,
          "miss_ratio": 0.49377772671299647,
          "reinserted": 3520343,
          "req": 26197660
        }
      ],
      "miss_ratio": 0.12935821000000003,
      "req": 100000000
    },
    {
      "hit": 87264670,
      "iteration": 1,
      "metrics": [
        {
          "admission_treshold": 0,
          "algorithm": "lru",
          "hit": 73802340,
          "inserted": 26197660,
          "layer": 0,
          "miss_ratio": 0.2619766,
          "reinserted": 73802340,
          "req": 100000000
        },
        {
          "admission_treshold": 16,
          "algorithm": "offline-clock",
          "hit": 13462330,
          "inserted": 1621926,
          "layer": 1,
          "miss_ratio": 0.48612471495545784,
          "reinserted": 1790982,
          "req": 26197660
        }
      ],
      "miss_ratio": 0.1273533,
      "req": 100000000
    }
  ],
  "trace": "zipf_1_0.oracleGeneral"
}