{
  "dram_cache_size": 2499,
  "flash_cache_size": 249958,
  "results": [
    {
      "hit": 85966264,
      "iteration": 0,
      "metrics": [
        {
          "admission_treshold": 16,
          "algorithm": "lru",
          "hit": 85966264,
          "inserted": 1972733,
          "layer": 0,
          "miss_ratio": 0.14033735999999997,
          "reinserted": 85966264,
          "req": 100000000
        }
      ],
      "miss_ratio": 0.14033735999999997,
      "req": 100000000
    }
  ],
  "trace": "zipf_1_2.oracleGeneral"
}