{
  "dram_cache_size": 49991,
  "flash_cache_size": 499917,
  "results": [
    {
      "hit": 91275729,
      "iteration": 0,
      "metrics": [
        {
<<<<<<< HEAD
          "admission_treshold": 8,
=======
          "admission_treshold": 0,
>>>>>>> 160be2d8 (New results)
          "algorithm": "lru",
          "hit": 71878800,
          "inserted": 28121200,
          "layer": 0,
          "miss_ratio": 0.281212,
          "reinserted": 71878800,
          "req": 100000000
        },
        {
          "admission_treshold": 8,
          "algorithm": "lru",
          "hit": 19396929,
          "inserted": 2328743,
          "layer": 1,
          "miss_ratio": 0.31023821885268055,
          "reinserted": 19302268,
          "req": 28121200
        }
      ],
      "miss_ratio": 0.08724270999999995,
      "req": 100000000
    }
  ],
  "trace": "zipf_1_3.oracleGeneral"
}