{
  "dram_cache_size": 49996,
  "flash_cache_size": 99993,
  "results": [
    {
      "hit": 81924984,
      "iteration": 0,
      "metrics": [
        {
          "admission_treshold": 0,
          "algorithm": "lru",
          "hit": 71887242,
          "inserted": 28112758,
          "layer": 0,
          "miss_ratio": 0.28112758000000004,
          "reinserted": 71887242,
          "req": 100000000
        },
        {
          "admission_treshold": 32,
          "algorithm": "offline-clock",
          "hit": 10037742,
          "inserted": 2541204,
          "layer": 1,
          "miss_ratio": 0.642947091850611,
          "reinserted": 3884133,
          "req": 28112758
        }
      ],
      "miss_ratio": 0.18075016,
      "req": 100000000
    },
    {
      "hit": 82103917,
      "iteration": 1,
      "metrics": [
        {
          "admission_treshold": 0,
          "algorithm": "lru",
          "hit": 71887242,
          "inserted": 28112758,
          "layer": 0,
          "miss_ratio": 0.28112758000000004,
          "reinserted": 71887242,
          "req": 100000000
        },
        {
          "admission_treshold": 32,
          "algorithm": "offline-clock",
          "hit": 10216675,
          "inserted": 2246093,
          "layer": 1,
          "miss_ratio": 0.6365822592006092,
          "reinserted": 2012866,
          "req": 28112758
        }
      ],
      "miss_ratio": 0.17896082999999996,
      "req": 100000000
    }
  ],
  "trace": "zipf_1_1.oracleGeneral"
}