{
  "dram_cache_size": 2500,
  "flash_cache_size": 5000,
  "results": [
    {
      "hit": 2578159,
      "iteration": 0,
      "metrics": [
        {
          "admission_treshold": 0,
          "algorithm": "lru",
          "hit": 822760,
          "inserted": 99177240,
          "layer": 0,
          "miss_ratio": 0.9917724,
          "reinserted": 822760,
          "req": 100000000
        },
        {
          "admission_treshold": 16,
          "algorithm": "offline-clock",
          "hit": 1755399,
          "inserted": 83064369,
          "layer": 1,
          "miss_ratio": 0.9823003846447027,
          "reinserted": 1003279,
          "req": 99177240
        }
      ],
      "miss_ratio": 0.97421841,
      "req": 100000000
    },
    {
      "hit": 2565886,
      "iteration": 1,
      "metrics": [
        {
          "admission_treshold": 0,
          "algorithm": "lru",
          "hit": 822760,
          "inserted": 99177240,
          "layer": 0,
          "miss_ratio": 0.9917724,
          "reinserted": 822760,
          "req": 100000000
        },
        {
          "admission_treshold": 16,
          "algorithm": "offline-clock",
          "hit": 1743126,
          "inserted": 83055467,
          "layer": 1,
          "miss_ratio": 0.982424132794984,
          "reinserted": 173094,
          "req": 99177240
        }
      ],
      "miss_ratio": 0.97434114,
      "req": 100000000
    }
  ],
  "trace": "zipf0.5.oracleGeneral"
}