{
  "cache_size": 999966016,
  "results": [
    {
      "hit": 86316926,
      "iteration": 0,
      "metrics": [
        {
          "admission_treshold": 2,
          "algorithm": "lru",
          "hit": 47450160,
          "inserted": 52549840,
          "layer": 0,
          "miss_ratio": 0.5254984,
          "reinserted": 47450160,
          "req": 100000000
        },
        {
          "admission_treshold": 2,
          "algorithm": "lru",
          "hit": 38866766,
          "inserted": 12705549,
          "layer": 1,
          "miss_ratio": 0.2603827908895632,
          "reinserted": 38844475,
          "req": 52549840
        }
      ],
      "miss_ratio": 0.13683073999999995,
      "req": 100000000
    }
  ],
  "trace": "zipf_1_6.oracleGeneral"
}