{
  "dram_cache_size": 49,
  "flash_cache_size": 4999,
  "results": [
    {
      "hit": 53109298,
      "iteration": 0,
      "metrics": [
        {
          "admission_treshold": 2,
          "algorithm": "lru",
          "hit": 53109298,
          "inserted": 45890839,
          "layer": 0,
          "miss_ratio": 0.46890701999999995,
          "reinserted": 53109298,
          "req": 100000000
        }
      ],
      "miss_ratio": 0.46890701999999995,
      "req": 100000000
    }
  ],
  "trace": "zipf_1_1.oracleGeneral"
}