{
  "dram_cache_size": 10000,
  "flash_cache_size": 100001,
  "results": [
    {
      "hit": 21241194,
      "iteration": 0,
      "metrics": [
        {
          "admission_treshold": 0,
          "algorithm": "lru",
          "hit": 2826844,
          "inserted": 97173156,
          "layer": 0,
          "miss_ratio": 0.97173156,
          "reinserted": 2826844,
          "req": 100000000
        },
        {
          "admission_treshold": 32,
          "algorithm": "lru",
          "hit": 18414350,
          "inserted": 48818938,
          "layer": 1,
          "miss_ratio": 0.8104996198744435,
          "reinserted": 17653970,
          "req": 97173156
        }
      ],
      "miss_ratio": 0.78758806,
      "req": 100000000
    }
  ],
  "trace": "zipf0.5.oracleGeneral"
}