{
  "dram_cache_size": 1249,
  "flash_cache_size": 4999,
  "results": [
    {
      "hit": 57674279,
      "iteration": 0,
      "metrics": [
        {
          "admission_treshold": 0,
          "algorithm": "lru",
          "hit": 42034049,
          "inserted": 57965951,
          "layer": 0,
          "miss_ratio": 0.5796595099999999,
          "reinserted": 42034049,
          "req": 100000000
        },
        {
          "admission_treshold": 32,
          "algorithm": "offline-clock",
          "hit": 15640230,
          "inserted": 25941219,
          "layer": 1,
          "miss_ratio": 0.7301824652199702,
          "reinserted": 9101671,
          "req": 57965951
        }
      ],
      "miss_ratio": 0.42325721000000005,
      "req": 100000000
    },
    {
      "hit": 57732484,
      "iteration": 1,
      "metrics": [
        {
          "admission_treshold": 0,
          "algorithm": "lru",
          "hit": 42034049,
          "inserted": 57965951,
          "layer": 0,
          "miss_ratio": 0.5796595099999999,
          "reinserted": 42034049,
          "req": 100000000
        },
        {
          "admission_treshold": 32,
          "algorithm": "offline-clock",
          "hit": 15698435,
          "inserted": 25788560,
          "layer": 1,
          "miss_ratio": 0.7291783412645123,
          "reinserted": 5079901,
          "req": 57965951
        }
      ],
      "miss_ratio": 0.42267516000000005,
      "req": 100000000
    }
  ],
  "trace": "zipf_1_3.oracleGeneral"
}