{
  "dram_cache_size": 125001,
  "flash_cache_size": 500005,
  "results": [
    {
      "hit": 48060168,
      "iteration": 0,
      "metrics": [
        {
          "admission_treshold": 0,
          "algorithm": "lru",
          "hit": 13784746,
          "inserted": 86215254,
          "layer": 0,
          "miss_ratio": 0.86215254,
          "reinserted": 13784746,
          "req": 100000000
        },
        {
          "admission_treshold": 32,
          "algorithm": "offline-clock",
          "hit": 34275422,
          "inserted": 28506113,
          "layer": 1,
          "miss_ratio": 0.6024436464572731,
          "reinserted": 22186384,
          "req": 86215254
        }
      ],
      "miss_ratio": 0.5193983200000001,
      "req": 100000000
    },
    {
      "hit": 50407760,
      "iteration": 1,
      "metrics": [
        {
          "admission_treshold": 0,
          "algorithm": "lru",
          "hit": 13784746,
          "inserted": 86215254,
          "layer": 0,
          "miss_ratio": 0.86215254,
          "reinserted": 13784746,
          "req": 100000000
        },
        {
          "admission_treshold": 32,
          "algorithm": "offline-clock",
          "hit": 36623014,
          "inserted": 25350324,
          "layer": 1,
          "miss_ratio": 0.575214219052234,
          "reinserted": 10090337,
          "req": 86215254
        }
      ],
      "miss_ratio": 0.4959224,
      "req": 100000000
    }
  ],
  "trace": "zipf0.25.oracleGeneral"
}