{
  "cache_size": 499950,
  "results": [
    {
      "hit": 90230495,
      "iteration": 0,
      "metrics": [
        {
          "admission_treshold": 8,
          "algorithm": "lru",
          "hit": 52948488,
          "inserted": 47051512,
          "layer": 0,
          "miss_ratio": 0.47051511999999995,
          "reinserted": 52948488,
          "req": 100000000
        },
        {
          "admission_treshold": 8,
          "algorithm": "fifo",
          "hit": 37282007,
          "inserted": 3037802,
          "layer": 1,
          "miss_ratio": 0.20763424138208353,
          "reinserted": 0,
          "req": 47051512
        }
      ],
      "miss_ratio": 0.09769505,
      "req": 100000000
    }
  ],
  "trace": "zipf_1_10.oracleGeneral"
}