{
  "dram_cache_size": 500,
  "flash_cache_size": 10000,
  "results": [
    {
      "hit": 1311047,
      "iteration": 0,
      "metrics": [
        {
          "admission_treshold": 0,
          "algorithm": "lru",
          "hit": 55969,
          "inserted": 99944031,
          "layer": 0,
          "miss_ratio": 0.99944031,
          "reinserted": 55969,
          "req": 100000000
        },
        {
          "admission_treshold": 32,
          "algorithm": "lru",
          "hit": 1255078,
          "inserted": 67742912,
          "layer": 1,
          "miss_ratio": 0.9874421915201719,
          "reinserted": 1216043,
          "req": 99944031
        }
      ],
      "miss_ratio": 0.98688953,
      "req": 100000000
    }
  ],
  "trace": "zipf0.25.oracleGeneral"
}