{
  "cache_size": 99990,
  "results": [
    {
      "hit": 75845214,
      "iteration": 0,
      "metrics": [
        {
          "admission_treshold": 4,
          "algorithm": "lru",
          "hit": 40307900,
          "inserted": 59692100,
          "layer": 0,
          "miss_ratio": 0.596921,
          "reinserted": 40307900,
          "req": 100000000
        },
        {
          "admission_treshold": 4,
          "algorithm": "fifo",
          "hit": 35537314,
          "inserted": 21293671,
          "layer": 1,
          "miss_ratio": 0.4046563280568115,
          "reinserted": 0,
          "req": 59692100
        }
      ],
      "miss_ratio": 0.24154785999999995,
      "req": 100000000
    }
  ],
  "trace": "zipf_1_10.oracleGeneral"
}