{
  "dram_cache_size": 5000,
  "flash_cache_size": 100001,
  "results": [
    {
      "hit": 9479752,
      "iteration": 0,
      "metrics": [
        {
          "admission_treshold": 0,
          "algorithm": "lru",
          "hit": 500336,
          "inserted": 99499664,
          "layer": 0,
          "miss_ratio": 0.99499664,
          "reinserted": 500336,
          "req": 100000000
        },
        {
          "admission_treshold": 16,
          "algorithm": "fifo",
          "hit": 8979416,
          "inserted": 75969864,
          "layer": 1,
          "miss_ratio": 0.9097543083160562,
          "reinserted": 0,
          "req": 99499664
        }
      ],
      "miss_ratio": 0.90520248,
      "req": 100000000
    }
  ],
  "trace": "zipf0.oracleGeneral"
}