{
  "dram_cache_size": 25000,
  "flash_cache_size": 100001,
  "results": [
    {
      "hit": 13214578,
      "iteration": 0,
      "metrics": [
        {
          "admission_treshold": 0,
          "algorithm": "lru",
          "hit": 2797570,
          "inserted": 97202430,
          "layer": 0,
          "miss_ratio": 0.9720243,
          "reinserted": 2797570,
          "req": 100000000
        },
        {
          "admission_treshold": 8,
          "algorithm": "fifo",
          "hit": 10417008,
          "inserted": 82190638,
          "layer": 1,
          "miss_ratio": 0.892831815007094,
          "reinserted": 0,
          "req": 97202430
        }
      ],
      "miss_ratio": 0.86785422,
      "req": 100000000
    }
  ],
  "trace": "zipf0.25.oracleGeneral"
}