{
  "dram_cache_size": 5000,
  "flash_cache_size": 500005,
  "results": [
    {
      "hit": 60041022,
      "iteration": 0,
      "metrics": [
        {
          "admission_treshold": 0,
          "algorithm": "lru",
          "hit": 1543695,
          "inserted": 98456305,
          "layer": 0,
          "miss_ratio": 0.98456305,
          "reinserted": 1543695,
          "req": 100000000
        },
        {
          "admission_treshold": 8,
          "algorithm": "lru",
          "hit": 58497327,
          "inserted": 33138825,
          "layer": 1,
          "miss_ratio": 0.40585494245391396,
          "reinserted": 58347497,
          "req": 98456305
        }
      ],
      "miss_ratio": 0.39958978,
      "req": 100000000
    }
  ],
  "trace": "zipf0.5.oracleGeneral"
}