{
  "dram_cache_size": 49995,
  "flash_cache_size": 499955,
  "results": [
    {
      "hit": 83878734,
      "iteration": 0,
      "metrics": [
        {
          "admission_treshold": 0,
          "algorithm": "lru",
          "hit": 71882848,
          "inserted": 28117152,
          "layer": 0,
          "miss_ratio": 0.28117152,
          "reinserted": 71882848,
          "req": 100000000
        },
        {
          "admission_treshold": 32,
          "algorithm": "fifo",
          "hit": 11995886,
          "inserted": 222708,
          "layer": 1,
          "miss_ratio": 0.5733605594193893,
          "reinserted": 0,
          "req": 28117152
        }
      ],
      "miss_ratio": 0.16121266,
      "req": 100000000
    }
  ],
  "trace": "zipf_1_0.oracleGeneral"
}