{
  "cache_size": 19999320,
  "results": [
    {
      "hit": 49589787,
      "iteration": 0,
      "metrics": [
        {
          "admission_treshold": 1,
          "algorithm": "lru",
          "hit": 17358951,
          "inserted": 82641049,
          "layer": 0,
          "miss_ratio": 0.82641049,
          "reinserted": 17358951,
          "req": 100000000
        },
        {
          "admission_treshold": 1,
          "algorithm": "fifo",
          "hit": 32230836,
          "inserted": 50618042,
          "layer": 1,
          "miss_ratio": 0.6099899941976777,
          "reinserted": 0,
          "req": 82641049
        }
      ],
      "miss_ratio": 0.5041021299999999,
      "req": 100000000
    }
  ],
  "trace": "zipf_1_6.oracleGeneral"
}