{
  "cache_size": 99983,
  "results": [
    {
      "hit": 75270449,
      "iteration": 0,
      "metrics": [
        {
          "admission_treshold": 2,
          "algorithm": "lru",
          "hit": 40298607,
          "inserted": 59701393,
          "layer": 0,
          "miss_ratio": 0.59701393,
          "reinserted": 40298607,
          "req": 100000000
        },
        {
          "admission_treshold": 2,
          "algorithm": "fifo",
          "hit": 34971842,
          "inserted": 23875858,
          "layer": 1,
          "miss_ratio": 0.41422066985941186,
          "reinserted": 0,
          "req": 59701393
        }
      ],
      "miss_ratio": 0.24729551000000005,
      "req": 100000000
    }
  ],
  "trace": "zipf_1_3.oracleGeneral"
}