{
  "cache_size": 9998,
  "results": [
    {
      "hit": 55223935,
      "iteration": 0,
      "metrics": [
        {
          "admission_treshold": 1,
          "algorithm": "lru",
          "hit": 22652087,
          "inserted": 77347913,
          "layer": 0,
          "miss_ratio": 0.77347913,
          "reinserted": 22652087,
          "req": 100000000
        },
        {
          "admission_treshold": 1,
          "algorithm": "fifo",
          "hit": 32571848,
          "inserted": 44977841,
          "layer": 1,
          "miss_ratio": 0.578891701964861,
          "reinserted": 0,
          "req": 77347913
        }
      ],
      "miss_ratio": 0.44776065,
      "req": 100000000
    }
  ],
  "trace": "zipf_1_15.oracleGeneral"
}