{
  "cache_size": 249991,
  "results": [
    {
      "hit": 86321701,
      "iteration": 0,
      "metrics": [
        {
          "admission_treshold": 2,
          "algorithm": "lru",
          "hit": 47450151,
          "inserted": 52549849,
          "layer": 0,
          "miss_ratio": 0.5254984899999999,
          "reinserted": 47450151,
          "req": 100000000
        },
        {
          "admission_treshold": 2,
          "algorithm": "lru",
          "hit": 38871550,
          "inserted": 12700197,
          "layer": 1,
          "miss_ratio": 0.26029188019170135,
          "reinserted": 38849782,
          "req": 52549849
        }
      ],
      "miss_ratio": 0.13678299000000005,
      "req": 100000000
    }
  ],
  "trace": "zipf_1_7.oracleGeneral"
}