{
  "dram_cache_size": 2499,
  "flash_cache_size": 9999,
  "results": [
    {
      "hit": 62489464,
      "iteration": 0,
      "metrics": [
        {
<<<<<<< HEAD
          "admission_treshold": 16,
=======
          "admission_treshold": 0,
>>>>>>> 160be2d8 (New results)
          "algorithm": "lru",
          "hit": 47459567,
          "inserted": 52540433,
          "layer": 0,
          "miss_ratio": 0.52540433,
          "reinserted": 47459567,
          "req": 100000000
        },
        {
          "admission_treshold": 16,
          "algorithm": "offline-clock",
          "hit": 15029897,
          "inserted": 26386373,
          "layer": 1,
          "miss_ratio": 0.713936560058422,
          "reinserted": 8989649,
          "req": 52540433
        }
      ],
      "miss_ratio": 0.37510536000000005,
      "req": 100000000
    },
    {
      "hit": 62516068,
      "iteration": 1,
      "metrics": [
        {
<<<<<<< HEAD
          "admission_treshold": 16,
=======
          "admission_treshold": 0,
>>>>>>> 160be2d8 (New results)
          "algorithm": "lru",
          "hit": 47459567,
          "inserted": 52540433,
          "layer": 0,
          "miss_ratio": 0.52540433,
          "reinserted": 47459567,
          "req": 100000000
        },
        {
          "admission_treshold": 16,
          "algorithm": "offline-clock",
          "hit": 15056501,
          "inserted": 26255315,
          "layer": 1,
          "miss_ratio": 0.7134302071701617,
          "reinserted": 4989249,
          "req": 52540433
        }
      ],
      "miss_ratio": 0.37483932,
      "req": 100000000
    }
  ],
  "trace": "zipf_1_1.oracleGeneral"
}