{
  "dram_cache_size": 49,
  "flash_cache_size": 4999,
  "results": [
    {
      "hit": 52946822,
      "iteration": 0,
      "metrics": [
        {
          "admission_treshold": 1,
          "algorithm": "lru",
          "hit": 52946822,
          "inserted": 47053178,
          "layer": 0,
          "miss_ratio": 0.47053177999999996,
          "reinserted": 52946822,
          "req": 100000000
        }
      ],
      "miss_ratio": 0.47053177999999996,
      "req": 100000000
    }
  ],
  "trace": "zipf_1_1.oracleGeneral"
}