{
  "cache_size": 249975,
  "results": [
    {
      "hit": 85065878,
      "iteration": 0,
      "metrics": [
        {
          "admission_treshold": 8,
          "algorithm": "lru",
          "hit": 47460361,
          "inserted": 52539639,
          "layer": 0,
          "miss_ratio": 0.52539639,
          "reinserted": 47460361,
          "req": 100000000
        },
        {
          "admission_treshold": 8,
          "algorithm": "fifo",
          "hit": 37605517,
          "inserted": 8221894,
          "layer": 1,
          "miss_ratio": 0.28424485368085606,
          "reinserted": 0,
          "req": 52539639
        }
      ],
      "miss_ratio": 0.14934122000000005,
      "req": 100000000
    }
  ],
  "trace": "zipf_1_12.oracleGeneral"
}