{
  "dram_cache_size": 1000,
  "flash_cache_size": 100001,
  "results": [
    {
      "hit": 10086839,
      "iteration": 0,
      "metrics": [
        {
          "admission_treshold": 0,
          "algorithm": "lru",
          "hit": 100058,
          "inserted": 99899942,
          "layer": 0,
          "miss_ratio": 0.99899942,
          "reinserted": 100058,
          "req": 100000000
        },
        {
          "admission_treshold": 1,
          "algorithm": "fifo",
          "hit": 9986781,
          "inserted": 90001907,
          "layer": 1,
          "miss_ratio": 0.900032164182838,
          "reinserted": 0,
          "req": 99899942
        }
      ],
      "miss_ratio": 0.89913161,
      "req": 100000000
    }
  ],
  "trace": "zipf0.oracleGeneral"
}