{
  "cache_size": 399960032,
  "results": [
    {
      "hit": 78637869,
      "iteration": 0,
      "metrics": [
        {
          "admission_treshold": 1,
          "algorithm": "lru",
          "hit": 40300694,
          "inserted": 59699306,
          "layer": 0,
          "miss_ratio": 0.59699306,
          "reinserted": 40300694,
          "req": 100000000
        },
        {
          "admission_treshold": 1,
          "algorithm": "offline-clock",
          "hit": 38337175,
          "inserted": 21386651,
          "layer": 1,
          "miss_ratio": 0.3578287995508691,
          "reinserted": 10251327,
          "req": 59699306
        }
      ],
      "miss_ratio": 0.21362130999999995,
      "req": 100000000
    },
    {
      "hit": 79023688,
      "iteration": 1,
      "metrics": [
        {
          "admission_treshold": 1,
          "algorithm": "lru",
          "hit": 40300694,
          "inserted": 59699306,
          "layer": 0,
          "miss_ratio": 0.59699306,
          "reinserted": 40300694,
          "req": 100000000
        },
        {
          "admission_treshold": 1,
          "algorithm": "offline-clock",
          "hit": 38722994,
          "inserted": 20997194,
          "layer": 1,
          "miss_ratio": 0.351366094607532,
          "reinserted": 5840014,
          "req": 59699306
        }
      ],
      "miss_ratio": 0.20976311999999997,
      "req": 100000000
    }
  ],
  "trace": "zipf_1_12.oracleGeneral"
}