{
  "dram_cache_size": 124979,
  "flash_cache_size": 499917,
  "results": [
    {
      "hit": 91995667,
      "iteration": 0,
      "metrics": [
        {
          "admission_treshold": 0,
          "algorithm": "lru",
          "hit": 79901218,
          "inserted": 20098782,
          "layer": 0,
          "miss_ratio": 0.20098782000000004,
          "reinserted": 79901218,
          "req": 100000000
        },
        {
          "admission_treshold": 8,
          "algorithm": "offline-clock",
          "hit": 12094449,
          "inserted": 2220869,
          "layer": 1,
          "miss_ratio": 0.39824965512835553,
          "reinserted": 3842729,
          "req": 20098782
        }
      ],
      "miss_ratio": 0.08004332999999997,
      "req": 100000000
    },
    {
      "hit": 92191382,
      "iteration": 1,
      "metrics": [
        {
          "admission_treshold": 0,
          "algorithm": "lru",
          "hit": 79901218,
          "inserted": 20098782,
          "layer": 0,
          "miss_ratio": 0.20098782000000004,
          "reinserted": 79901218,
          "req": 100000000
        },
        {
          "admission_treshold": 8,
          "algorithm": "offline-clock",
          "hit": 12290164,
          "inserted": 1955913,
          "layer": 1,
          "miss_ratio": 0.3885120003789284,
          "reinserted": 2003588,
          "req": 20098782
        }
      ],
      "miss_ratio": 0.07808618,
      "req": 100000000
    }
  ],
  "trace": "zipf_1_3.oracleGeneral"
}