{
  "dram_cache_size": 4999,
  "flash_cache_size": 9999,
  "results": [
    {
      "hit": 61759901,
      "iteration": 0,
      "metrics": [
        {
          "admission_treshold": 0,
          "algorithm": "lru",
          "hit": 52944228,
          "inserted": 47055772,
          "layer": 0,
          "miss_ratio": 0.47055771999999996,
          "reinserted": 52944228,
          "req": 100000000
        },
        {
          "admission_treshold": 4,
          "algorithm": "lru",
          "hit": 8815673,
          "inserted": 38744414,
          "layer": 1,
          "miss_ratio": 0.8126548003505287,
          "reinserted": 5326863,
          "req": 47055772
        }
      ],
      "miss_ratio": 0.38240099000000005,
      "req": 100000000
    }
  ],
  "trace": "zipf_1_0.oracleGeneral"
}