{
  "dram_cache_size": 4999,
  "flash_cache_size": 499955,
  "results": [
    {
      "hit": 92217989,
      "iteration": 0,
      "metrics": [
        {
          "admission_treshold": 4,
          "algorithm": "offline-clock",
          "hit": 92217989,
          "inserted": 4787540,
          "layer": 0,
          "miss_ratio": 0.07782011,
          "reinserted": 6926607,
          "req": 100000000
        }
      ],
      "miss_ratio": 0.07782011,
      "req": 100000000
    },
    {
      "hit": 92764426,
      "iteration": 1,
      "metrics": [
        {
          "admission_treshold": 4,
          "algorithm": "offline-clock",
          "hit": 92764426,
          "inserted": 4241103,
          "layer": 0,
          "miss_ratio": 0.07235574,
          "reinserted": 3745927,
          "req": 100000000
        }
      ],
      "miss_ratio": 0.07235574,
      "req": 100000000
    }
  ],
  "trace": "zipf_1_0.oracleGeneral"
}