{
  "cache_size": 9999,
  "results": [
    {
      "hit": 59115924,
      "iteration": 0,
      "metrics": [
        {
          "admission_treshold": 4,
          "algorithm": "lru",
          "hit": 22642847,
          "inserted": 77357153,
          "layer": 0,
          "miss_ratio": 0.77357153,
          "reinserted": 22642847,
          "req": 100000000
        },
        {
          "admission_treshold": 4,
          "algorithm": "lru",
          "hit": 36473077,
          "inserted": 37927844,
          "layer": 1,
          "miss_ratio": 0.5285106084501325,
          "reinserted": 36435010,
          "req": 77357153
        }
      ],
      "miss_ratio": 0.40884076,
      "req": 100000000
    }
  ],
  "trace": "zipf_1_13.oracleGeneral"
}