{
  "cache_size": 39993360,
  "results": [
    {
      "hit": 57976047,
      "iteration": 0,
      "metrics": [
        {
          "admission_treshold": 16,
          "algorithm": "lru",
          "hit": 22639993,
          "inserted": 77360007,
          "layer": 0,
          "miss_ratio": 0.77360007,
          "reinserted": 22639993,
          "req": 100000000
        },
        {
          "admission_treshold": 16,
          "algorithm": "fifo",
          "hit": 35336054,
          "inserted": 30108499,
          "layer": 1,
          "miss_ratio": 0.5432258169263092,
          "reinserted": 0,
          "req": 77360007
        }
      ],
      "miss_ratio": 0.42023953000000003,
      "req": 100000000
    }
  ],
  "trace": "zipf_1_3.oracleGeneral"
}