{
  "dram_cache_size": 499,
  "flash_cache_size": 4999,
  "results": [
    {
      "hit": 54572817,
      "iteration": 0,
      "metrics": [
        {
          "admission_treshold": 0,
          "algorithm": "lru",
          "hit": 34942302,
          "inserted": 65057698,
          "layer": 0,
          "miss_ratio": 0.6505769800000001,
          "reinserted": 34942302,
          "req": 100000000
        },
        {
          "admission_treshold": 8,
          "algorithm": "lru",
          "hit": 19630515,
          "inserted": 39112501,
          "layer": 1,
          "miss_ratio": 0.698259919986717,
          "reinserted": 19159643,
          "req": 65057698
        }
      ],
      "miss_ratio": 0.45427183000000004,
      "req": 100000000
    }
  ],
  "trace": "zipf_1_3.oracleGeneral"
}