{
  "dram_cache_size": 50000,
  "flash_cache_size": 100001,
  "results": [
    {
      "hit": 48455451,
      "iteration": 0,
      "metrics": [
        {
          "admission_treshold": 0,
          "algorithm": "lru",
          "hit": 31987040,
          "inserted": 68012960,
          "layer": 0,
          "miss_ratio": 0.6801296,
          "reinserted": 31987040,
          "req": 100000000
        },
        {
          "admission_treshold": 8,
          "algorithm": "offline-clock",
          "hit": 16468411,
          "inserted": 50460693,
          "layer": 1,
          "miss_ratio": 0.7578636336368834,
          "reinserted": 9621521,
          "req": 68012960
        }
      ],
      "miss_ratio": 0.5154454900000001,
      "req": 100000000
    },
    {
      "hit": 48240593,
      "iteration": 1,
      "metrics": [
        {
          "admission_treshold": 0,
          "algorithm": "lru",
          "hit": 31987040,
          "inserted": 68012960,
          "layer": 0,
          "miss_ratio": 0.6801296,
          "reinserted": 31987040,
          "req": 100000000
        },
        {
          "admission_treshold": 8,
          "algorithm": "offline-clock",
          "hit": 16253553,
          "inserted": 50186216,
          "layer": 1,
          "miss_ratio": 0.7610227080250588,
          "reinserted": 3784355,
          "req": 68012960
        }
      ],
      "miss_ratio": 0.51759407,
      "req": 100000000
    }
  ],
  "trace": "zipf0.75.oracleGeneral"
}