{
  "dram_cache_size": 5000,
  "flash_cache_size": 500005,
  "results": [
    {
      "hit": 36568429,
      "iteration": 0,
      "metrics": [
        {
          "admission_treshold": 0,
          "algorithm": "lru",
          "hit": 500336,
          "inserted": 99499664,
          "layer": 0,
          "miss_ratio": 0.99499664,
          "reinserted": 500336,
          "req": 100000000
        },
        {
          "admission_treshold": 32,
          "algorithm": "offline-clock",
          "hit": 36068093,
          "inserted": 32746041,
          "layer": 1,
          "miss_ratio": 0.6375053789126364,
          "reinserted": 25954168,
          "req": 99499664
        }
      ],
      "miss_ratio": 0.63431571,
      "req": 100000000
    },
    {
      "hit": 41425821,
      "iteration": 1,
      "metrics": [
        {
          "admission_treshold": 0,
          "algorithm": "lru",
          "hit": 500336,
          "inserted": 99499664,
          "layer": 0,
          "miss_ratio": 0.99499664,
          "reinserted": 500336,
          "req": 100000000
        },
        {
          "admission_treshold": 32,
          "algorithm": "offline-clock",
          "hit": 40925485,
          "inserted": 27852496,
          "layer": 1,
          "miss_ratio": 0.5886872040090507,
          "reinserted": 11041720,
          "req": 99499664
        }
      ],
      "miss_ratio": 0.5857417899999999,
      "req": 100000000
    }
  ],
  "trace": "zipf0.oracleGeneral"
}