{
  "dram_cache_size": 49,
  "flash_cache_size": 4999,
  "results": [
    {
      "hit": 54126669,
      "iteration": 0,
      "metrics": [
        {
          "admission_treshold": 8,
          "algorithm": "lru",
          "hit": 54126669,
          "inserted": 39085352,
          "layer": 0,
          "miss_ratio": 0.45873330999999995,
          "reinserted": 54126669,
          "req": 100000000
        }
      ],
      "miss_ratio": 0.45873330999999995,
      "req": 100000000
    }
  ],
  "trace": "zipf_1_1.oracleGeneral"
}