{
  "dram_cache_size": 1000,
  "flash_cache_size": 10000,
  "results": [
    {
      "hit": 1366151,
      "iteration": 0,
      "metrics": [
        {
          "admission_treshold": 0,
          "algorithm": "lru",
          "hit": 112080,
          "inserted": 99887920,
          "layer": 0,
          "miss_ratio": 0.9988792,
          "reinserted": 112080,
          "req": 100000000
        },
        {
          "admission_treshold": 32,
          "algorithm": "lru",
          "hit": 1254071,
          "inserted": 67742433,
          "layer": 1,
          "miss_ratio": 0.987445218601008,
          "reinserted": 1175368,
          "req": 99887920
        }
      ],
      "miss_ratio": 0.98633849,
      "req": 100000000
    }
  ],
  "trace": "zipf0.25.oracleGeneral"
}