{
  "cache_size": 1999888000,
  "results": [
    {
      "hit": 92637225,
      "iteration": 0,
      "metrics": [
        {
          "admission_treshold": 2,
          "algorithm": "lru",
          "hit": 52949201,
          "inserted": 47050799,
          "layer": 0,
          "miss_ratio": 0.47050799,
          "reinserted": 52949201,
          "req": 100000000
        },
        {
          "admission_treshold": 2,
          "algorithm": "lru",
          "hit": 39688024,
          "inserted": 6378208,
          "layer": 1,
          "miss_ratio": 0.15648565287913596,
          "reinserted": 39672640,
          "req": 47050799
        }
      ],
      "miss_ratio": 0.07362774999999999,
      "req": 100000000
    }
  ],
  "trace": "zipf_1_13.oracleGeneral"
}