{
  "dram_cache_size": 4999,
  "flash_cache_size": 99991,
  "results": [
    {
      "hit": 79533377,
      "iteration": 0,
      "metrics": [
        {
          "admission_treshold": 0,
          "algorithm": "lru",
          "hit": 52944228,
          "inserted": 47055772,
          "layer": 0,
          "miss_ratio": 0.47055771999999996,
          "reinserted": 52944228,
          "req": 100000000
        },
        {
          "admission_treshold": 32,
          "algorithm": "fifo",
          "hit": 26589149,
          "inserted": 3489545,
          "layer": 1,
          "miss_ratio": 0.4349439426899637,
          "reinserted": 0,
          "req": 47055772
        }
      ],
      "miss_ratio": 0.20466622999999995,
      "req": 100000000
    }
  ],
  "trace": "zipf_1_0.oracleGeneral"
}