{
  "dram_cache_size": 999,
  "flash_cache_size": 9999,
  "results": [
    {
      "hit": 61013409,
      "iteration": 0,
      "metrics": [
        {
<<<<<<< HEAD
          "admission_treshold": 8,
=======
          "admission_treshold": 0,
>>>>>>> 160be2d8 (New results)
          "algorithm": "lru",
          "hit": 40312301,
          "inserted": 59687699,
          "layer": 0,
          "miss_ratio": 0.5968769899999999,
          "reinserted": 40312301,
          "req": 100000000
        },
        {
          "admission_treshold": 8,
          "algorithm": "offline-clock",
          "hit": 20701108,
          "inserted": 32563514,
          "layer": 1,
          "miss_ratio": 0.6531763102477781,
          "reinserted": 9900125,
          "req": 59687699
        }
      ],
      "miss_ratio": 0.38986591000000004,
      "req": 100000000
    },
    {
      "hit": 61122232,
      "iteration": 1,
      "metrics": [
        {
<<<<<<< HEAD
          "admission_treshold": 8,
=======
          "admission_treshold": 0,
>>>>>>> 160be2d8 (New results)
          "algorithm": "lru",
          "hit": 40312301,
          "inserted": 59687699,
          "layer": 0,
          "miss_ratio": 0.5968769899999999,
          "reinserted": 40312301,
          "req": 100000000
        },
        {
          "admission_treshold": 8,
          "algorithm": "offline-clock",
          "hit": 20809931,
          "inserted": 32407870,
          "layer": 1,
          "miss_ratio": 0.6513531037609608,
          "reinserted": 5663470,
          "req": 59687699
        }
      ],
      "miss_ratio": 0.38877768,
      "req": 100000000
    }
  ],
  "trace": "zipf_1_0.oracleGeneral"
}