{
  "dram_cache_size": 49996,
  "flash_cache_size": 499966,
  "results": [
    {
      "hit": 92506606,
      "iteration": 0,
      "metrics": [
        {
<<<<<<< HEAD
          "admission_treshold": 4,
=======
          "admission_treshold": 0,
>>>>>>> 160be2d8 (New results)
          "algorithm": "lru",
          "hit": 71887242,
          "inserted": 28112758,
          "layer": 0,
          "miss_ratio": 0.28112758000000004,
          "reinserted": 71887242,
          "req": 100000000
        },
        {
          "admission_treshold": 4,
          "algorithm": "offline-clock",
          "hit": 20619364,
          "inserted": 4758202,
          "layer": 1,
          "miss_ratio": 0.26654780722688254,
          "reinserted": 6723096,
          "req": 28112758
        }
      ],
      "miss_ratio": 0.07493393999999998,
      "req": 100000000
    },
    {
      "hit": 92983658,
      "iteration": 1,
      "metrics": [
        {
<<<<<<< HEAD
          "admission_treshold": 4,
=======
          "admission_treshold": 0,
>>>>>>> 160be2d8 (New results)
          "algorithm": "lru",
          "hit": 71887242,
          "inserted": 28112758,
          "layer": 0,
          "miss_ratio": 0.28112758000000004,
          "reinserted": 71887242,
          "req": 100000000
        },
        {
          "admission_treshold": 4,
          "algorithm": "offline-clock",
          "hit": 21096416,
          "inserted": 4242103,
          "layer": 1,
          "miss_ratio": 0.2495785721201741,
          "reinserted": 3692803,
          "req": 28112758
        }
      ],
      "miss_ratio": 0.07016341999999998,
      "req": 100000000
    }
  ],
  "trace": "zipf_1_1.oracleGeneral"
}