{
  "cache_size": 4999,
  "results": [
    {
      "hit": 51998964,
      "iteration": 0,
      "metrics": [
        {
          "admission_treshold": 16,
          "algorithm": "lru",
          "hit": 17360811,
          "inserted": 82639189,
          "layer": 0,
          "miss_ratio": 0.82639189,
          "reinserted": 17360811,
          "req": 100000000
        },
        {
          "admission_treshold": 16,
          "algorithm": "fifo",
          "hit": 34638153,
          "inserted": 36098878,
          "layer": 1,
          "miss_ratio": 0.5808507631893629,
          "reinserted": 0,
          "req": 82639189
        }
      ],
      "miss_ratio": 0.48001035999999997,
      "req": 100000000
    }
  ],
  "trace": "zipf_1_1.oracleGeneral"
}