{
  "dram_cache_size": 249,
  "flash_cache_size": 4999,
  "results": [
    {
      "hit": 54335736,
      "iteration": 0,
      "metrics": [
        {
          "admission_treshold": 0,
          "algorithm": "lru",
          "hit": 29626367,
          "inserted": 70373633,
          "layer": 0,
          "miss_ratio": 0.70373633,
          "reinserted": 29626367,
          "req": 100000000
        },
        {
          "admission_treshold": 8,
          "algorithm": "lru",
          "hit": 24709369,
          "inserted": 39091028,
          "layer": 1,
          "miss_ratio": 0.6488831406501352,
          "reinserted": 24496139,
          "req": 70373633
        }
      ],
      "miss_ratio": 0.45664264,
      "req": 100000000
    }
  ],
  "trace": "zipf_1_1.oracleGeneral"
}