{
  "dram_cache_size": 99,
  "flash_cache_size": 9999,
  "results": [
    {
      "hit": 60928504,
      "iteration": 0,
      "metrics": [
        {
          "admission_treshold": 16,
          "algorithm": "lru",
          "hit": 60928504,
          "inserted": 27011497,
          "layer": 0,
          "miss_ratio": 0.39071495999999994,
          "reinserted": 60928504,
          "req": 100000000
        }
      ],
      "miss_ratio": 0.39071495999999994,
      "req": 100000000
    }
  ],
  "trace": "zipf_1_1.oracleGeneral"
}