{
  "cache_size": 1999932032,
  "results": [
    {
      "hit": 82689569,
      "iteration": 0,
      "metrics": [
        {
          "admission_treshold": 32,
          "algorithm": "lru",
          "hit": 52938983,
          "inserted": 47061017,
          "layer": 0,
          "miss_ratio": 0.47061017000000005,
          "reinserted": 52938983,
          "req": 100000000
        },
        {
          "admission_treshold": 32,
          "algorithm": "fifo",
          "hit": 29750586,
          "inserted": 224010,
          "layer": 1,
          "miss_ratio": 0.3678295137565769,
          "reinserted": 0,
          "req": 47061017
        }
      ],
      "miss_ratio": 0.17310431000000004,
      "req": 100000000
    }
  ],
  "trace": "zipf_1_7.oracleGeneral"
}