{
  "dram_cache_size": 249,
  "flash_cache_size": 4999,
  "results": [
    {
      "hit": 50291437,
      "iteration": 0,
      "metrics": [
        {
<<<<<<< HEAD
          "admission_treshold": 1,
=======
          "admission_treshold": 0,
>>>>>>> 160be2d8 (New results)
          "algorithm": "lru",
          "hit": 29626367,
          "inserted": 70373633,
          "layer": 0,
          "miss_ratio": 0.70373633,
          "reinserted": 29626367,
          "req": 100000000
        },
        {
          "admission_treshold": 1,
          "algorithm": "fifo",
          "hit": 20665070,
          "inserted": 50538078,
          "layer": 1,
          "miss_ratio": 0.7063520935461723,
          "reinserted": 0,
          "req": 70373633
        }
      ],
      "miss_ratio": 0.49708562999999995,
      "req": 100000000
    }
  ],
  "trace": "zipf_1_1.oracleGeneral"
}