{
  "dram_cache_size": 1000,
  "flash_cache_size": 100001,
  "results": [
    {
      "hit": 11163673,
      "iteration": 0,
      "metrics": [
        {
          "admission_treshold": 0,
          "algorithm": "lru",
          "hit": 112080,
          "inserted": 99887920,
          "layer": 0,
          "miss_ratio": 0.9988792,
          "reinserted": 112080,
          "req": 100000000
        },
        {
          "admission_treshold": 1,
          "algorithm": "lru",
          "hit": 11051593,
          "inserted": 88932500,
          "layer": 1,
          "miss_ratio": 0.8893600647605837,
          "reinserted": 10954420,
          "req": 99887920
        }
      ],
      "miss_ratio": 0.88836327,
      "req": 100000000
    }
  ],
  "trace": "zipf0.25.oracleGeneral"
}