{
  "cache_size": 19996238,
  "results": [
    {
      "hit": 53987976,
      "iteration": 0,
      "metrics": [
        {
          "admission_treshold": 1,
          "algorithm": "lru",
          "hit": 17361142,
          "inserted": 82638858,
          "layer": 0,
          "miss_ratio": 0.82638858,
          "reinserted": 17361142,
          "req": 100000000
        },
        {
          "admission_treshold": 1,
          "algorithm": "offline-clock",
          "hit": 36626834,
          "inserted": 46044711,
          "layer": 1,
          "miss_ratio": 0.5567843640820884,
          "reinserted": 10424012,
          "req": 82638858
        }
      ],
      "miss_ratio": 0.46012023999999996,
      "req": 100000000
    },
    {
      "hit": 54087822,
      "iteration": 1,
      "metrics": [
        {
          "admission_treshold": 1,
          "algorithm": "lru",
          "hit": 17361142,
          "inserted": 82638858,
          "layer": 0,
          "miss_ratio": 0.82638858,
          "reinserted": 17361142,
          "req": 100000000
        },
        {
          "admission_treshold": 1,
          "algorithm": "offline-clock",
          "hit": 36726680,
          "inserted": 45940113,
          "layer": 1,
          "miss_ratio": 0.555576143126276,
          "reinserted": 6065480,
          "req": 82638858
        }
      ],
      "miss_ratio": 0.45912178000000003,
      "req": 100000000
    }
  ],
  "trace": "zipf_1_9.oracleGeneral"
}