{
  "dram_cache_size": 999,
  "flash_cache_size": 99983,
  "results": [
    {
      "hit": 78474156,
      "iteration": 0,
      "metrics": [
        {
          "admission_treshold": 16,
          "algorithm": "fifo",
          "hit": 78474156,
          "inserted": 9464841,
          "layer": 0,
          "miss_ratio": 0.21525844000000005,
          "reinserted": 0,
          "req": 100000000
        }
      ],
      "miss_ratio": 0.21525844000000005,
      "req": 100000000
    }
  ],
  "trace": "zipf_1_2.oracleGeneral"
}