{
  "dram_cache_size": 62489,
  "flash_cache_size": 249958,
  "results": [
    {
      "hit": 84194274,
      "iteration": 0,
      "metrics": [
        {
<<<<<<< HEAD
          "admission_treshold": 32,
=======
          "admission_treshold": 0,
>>>>>>> 160be2d8 (New results)
          "algorithm": "lru",
          "hit": 73797075,
          "inserted": 26202925,
          "layer": 0,
          "miss_ratio": 0.26202925,
          "reinserted": 73797075,
          "req": 100000000
        },
        {
          "admission_treshold": 32,
          "algorithm": "lru",
          "hit": 10397199,
          "inserted": 222215,
          "layer": 1,
          "miss_ratio": 0.6032046422298274,
          "reinserted": 10355663,
          "req": 26202925
        }
      ],
      "miss_ratio": 0.15805725999999998,
      "req": 100000000
    }
  ],
  "trace": "zipf_1_3.oracleGeneral"
}