{
  "dram_cache_size": 62488,
  "flash_cache_size": 249955,
  "results": [
    {
      "hit": 86149051,
      "iteration": 0,
      "metrics": [
        {
          "admission_treshold": 0,
          "algorithm": "lru",
          "hit": 73789025,
          "inserted": 26210975,
          "layer": 0,
          "miss_ratio": 0.26210975000000003,
          "reinserted": 73789025,
          "req": 100000000
        },
        {
          "admission_treshold": 1,
          "algorithm": "fifo",
          "hit": 12360026,
          "inserted": 15659772,
          "layer": 1,
          "miss_ratio": 0.5284408153454803,
          "reinserted": 0,
          "req": 26210975
        }
      ],
      "miss_ratio": 0.13850949,
      "req": 100000000
    }
  ],
  "trace": "zipf_1_4.oracleGeneral"
}