{
  "dram_cache_size": 1000,
  "flash_cache_size": 10000,
  "results": [
    {
      "hit": 1234279,
      "iteration": 0,
      "metrics": [
        {
          "admission_treshold": 0,
          "algorithm": "lru",
          "hit": 112080,
          "inserted": 99887920,
          "layer": 0,
          "miss_ratio": 0.9988792,
          "reinserted": 112080,
          "req": 100000000
        },
        {
          "admission_treshold": 2,
          "algorithm": "lru",
          "hit": 1122199,
          "inserted": 97875207,
          "layer": 1,
          "miss_ratio": 0.9887654182808091,
          "reinserted": 1012688,
          "req": 99887920
        }
      ],
      "miss_ratio": 0.98765721,
      "req": 100000000
    }
  ],
  "trace": "zipf0.25.oracleGeneral"
}