{
  "dram_cache_size": 2500,
  "flash_cache_size": 10000,
  "results": [
    {
      "hit": 21246250,
      "iteration": 0,
      "metrics": [
        {
          "admission_treshold": 0,
          "algorithm": "lru",
          "hit": 9443820,
          "inserted": 90556180,
          "layer": 0,
          "miss_ratio": 0.9055618,
          "reinserted": 9443820,
          "req": 100000000
        },
        {
          "admission_treshold": 32,
          "algorithm": "lru",
          "hit": 11802430,
          "inserted": 50045576,
          "layer": 1,
          "miss_ratio": 0.8696673159137234,
          "reinserted": 10687579,
          "req": 90556180
        }
      ],
      "miss_ratio": 0.7875375,
      "req": 100000000
    }
  ],
  "trace": "zipf0.75.oracleGeneral"
}