{
  "dram_cache_size": 2500,
  "flash_cache_size": 10000,
  "results": [
    {
      "hit": 17429018,
      "iteration": 0,
      "metrics": [
        {
          "admission_treshold": 0,
          "algorithm": "lru",
          "hit": 9443820,
          "inserted": 90556180,
          "layer": 0,
          "miss_ratio": 0.9055618,
          "reinserted": 9443820,
          "req": 100000000
        },
        {
          "admission_treshold": 2,
          "algorithm": "fifo",
          "hit": 7985198,
          "inserted": 83593799,
          "layer": 1,
          "miss_ratio": 0.9118205074463167,
          "reinserted": 0,
          "req": 90556180
        }
      ],
      "miss_ratio": 0.82570982,
      "req": 100000000
    }
  ],
  "trace": "zipf0.75.oracleGeneral"
}