{
  "dram_cache_size": 2499,
  "flash_cache_size": 9998,
  "results": [
    {
      "hit": 60041547,
      "iteration": 0,
      "metrics": [
        {
<<<<<<< HEAD
          "admission_treshold": 2,
=======
          "admission_treshold": 0,
>>>>>>> 160be2d8 (New results)
          "algorithm": "lru",
          "hit": 47460640,
          "inserted": 52539360,
          "layer": 0,
          "miss_ratio": 0.5253936,
          "reinserted": 47460640,
          "req": 100000000
        },
        {
          "admission_treshold": 2,
          "algorithm": "lru",
          "hit": 12580907,
          "inserted": 40647144,
          "layer": 1,
          "miss_ratio": 0.7605432003739673,
          "reinserted": 10892340,
          "req": 52539360
        }
      ],
      "miss_ratio": 0.39958453000000005,
      "req": 100000000
    }
  ],
  "trace": "zipf_1_2.oracleGeneral"
}