{
  "dram_cache_size": 4999,
  "flash_cache_size": 99993,
  "results": [
    {
      "hit": 78109986,
      "iteration": 0,
      "metrics": [
        {
          "admission_treshold": 0,
          "algorithm": "lru",
          "hit": 52946822,
          "inserted": 47053178,
          "layer": 0,
          "miss_ratio": 0.47053177999999996,
          "reinserted": 52946822,
          "req": 100000000
        },
        {
          "admission_treshold": 1,
          "algorithm": "lru",
          "hit": 25163164,
          "inserted": 22076094,
          "layer": 1,
          "miss_ratio": 0.4652186086134288,
          "reinserted": 24972085,
          "req": 47053178
        }
      ],
      "miss_ratio": 0.21890014000000002,
      "req": 100000000
    }
  ],
  "trace": "zipf_1_1.oracleGeneral"
}