{
  "dram_cache_size": 499,
  "flash_cache_size": 9998,
  "results": [
    {
      "hit": 58919860,
      "iteration": 0,
      "metrics": [
        {
<<<<<<< HEAD
          "admission_treshold": 2,
=======
          "admission_treshold": 0,
>>>>>>> 160be2d8 (New results)
          "algorithm": "lru",
          "hit": 34942302,
          "inserted": 65057698,
          "layer": 0,
          "miss_ratio": 0.6505769800000001,
          "reinserted": 34942302,
          "req": 100000000
        },
        {
          "admission_treshold": 2,
          "algorithm": "lru",
          "hit": 23977558,
          "inserted": 40318098,
          "layer": 1,
          "miss_ratio": 0.63144164738199,
          "reinserted": 23739685,
          "req": 65057698
        }
      ],
      "miss_ratio": 0.4108014,
      "req": 100000000
    }
  ],
  "trace": "zipf_1_3.oracleGeneral"
}