{
  "dram_cache_size": 125001,
  "flash_cache_size": 500005,
  "results": [
    {
      "hit": 57388698,
      "iteration": 0,
      "metrics": [
        {
          "admission_treshold": 0,
          "algorithm": "lru",
          "hit": 22108853,
          "inserted": 77891147,
          "layer": 0,
          "miss_ratio": 0.7789114699999999,
          "reinserted": 22108853,
          "req": 100000000
        },
        {
          "admission_treshold": 32,
          "algorithm": "lru",
          "hit": 35279845,
          "inserted": 17694364,
          "layer": 1,
          "miss_ratio": 0.5470621969400451,
          "reinserted": 32942288,
          "req": 77891147
        }
      ],
      "miss_ratio": 0.42611301999999995,
      "req": 100000000
    }
  ],
  "trace": "zipf0.5.oracleGeneral"
}